node,in_degree,out_degree,degree_ratio,degree_balance,in_amount_sum,out_amount_sum,flow_passthrough,pagerank,clustering_coefficient,cycle_participation,reciprocity,fan_in_concentration,txn_velocity,burst_ratio,amount_cv,counterparty_amount_cv,repeat_ratio,community_internal_ratio,louvain_community,split,ring_id,ring_type,rings_attributed,ring_types_attributed,is_mule
MULE_T_0000,7,3,0.42857142857142855,0.42857142857142855,986362.63,545699.66,0.5532444539238766,0.9760219773490155,0.0,0.875,0.0,0.29591800410182717,0.03889063066934862,0.3695652173913043,0.74774816059729,0.665611797443891,4.6004055527271595,0.16923076923076924,16,train,0,fast_cycle,0,fast_cycle,1
MULE_T_0001,1,4,4.0,0.25,518488.23,437340.99,0.8434926209370326,0.6764962268822725,0.0,0.8,0.0,1.0,0.030273427919108278,0.26666666666666666,0.6622653095196076,1.102199546985992,6.000528981818034,0.16923076923076924,16,train,0,fast_cycle,0,fast_cycle,1
MULE_T_0002,2,2,1.0,1.0,426839.53,760129.39,0.561535357137397,0.5960868140173005,0.0,0.75,0.0,0.9522301647361124,0.023694754125041285,0.36363636363636365,0.540417521591306,0.9288568133325867,8.250727349999798,0.16923076923076924,16,train,0,fast_cycle,0,fast_cycle,1
MULE_T_0003,1,4,4.0,0.25,756699.26,821751.28,0.9208373310428684,0.691918682192521,0.0,0.4,0.0,1.0,0.042973710919689816,0.43902439024390244,0.4713899593482912,1.1164687476391206,8.200722941817979,0.16923076923076924,16,train,0,fast_cycle,0,fast_cycle,1
MULE_T_0004,1,3,3.0,0.3333333333333333,805500.59,492217.71,0.6110705792553585,0.5849719852624389,0.0,0.5,0.0,1.0,0.029686055412029837,0.35294117647058826,0.4867923069167189,0.9327109113772212,8.500749390908881,0.16923076923076924,16,train,0,fast_cycle,0,fast_cycle,1
MULE_T_0005,9,3,0.3333333333333333,0.3333333333333333,2211948.46,692111.5,0.3128967592979373,9.3018859768742,0.007575757575757576,0.3,0.0,0.5000319262125498,0.044005943108710824,0.24528301886792453,0.6328380805076018,0.6785441537297701,4.417056056060497,0.11512415349887133,11,train,1,fast_cycle,1,fast_cycle,1
MULE_T_0006,3,1,0.3333333333333333,0.3333333333333333,779423.96,1540998.1,0.5057916436073374,1.6492278639749516,0.0,0.5,0.0,0.9464568321691512,0.03456881274266187,0.25,0.5582658113701295,0.9480153550504544,9.00079347272705,0.11512415349887133,11,train,1,fast_cycle,1,fast_cycle,1
MULE_T_0007,7,3,0.42857142857142855,0.42857142857142855,1062971.94,564718.32,0.5312636236796383,0.8784850935993535,0.011111111111111112,0.4,0.0,0.6039788285202792,0.0321749818512993,0.175,0.5577895202488755,0.6441058878839975,4.000352654545356,0.1407942238267148,2,train,2,fast_cycle,2,fast_cycle,1
MULE_T_0008,2,3,1.5,0.6666666666666666,560199.56,846142.1,0.6620632199905656,0.7540910181650039,0.0,0.4,0.0,0.9552847950424694,0.03302710630943876,0.2,0.7280462782268415,1.11046125218196,8.000705309090712,0.1407942238267148,2,train,2,fast_cycle,2,fast_cycle,1
MULE_T_0009,2,1,0.5,0.5,859236.23,818816.28,0.9529582878393102,0.6007286178125667,0.0,0.6666666666666666,0.0,0.9759362838347658,0.05822421534333867,0.1388888888888889,0.3869156051115066,0.6668629784088862,12.001057963636068,0.1407942238267148,2,train,2,fast_cycle,2,fast_cycle,1
MULE_T_0010,21,2,0.09523809523809523,0.09523809523809523,2126214.02,501214.13,0.23573080163466248,5.215345240238945,0.003952569169960474,0.23529411764705882,0.0,0.05975423320691962,0.07380945239385239,0.07407407407407407,0.49563395743938904,0.3892641419840017,2.34803307984184,0.1,3,train,3,layered_fanin,3,layered_fanin,1
MULE_T_0011,1,2,2.0,0.5,474823.65,18544.22,0.0390549730224489,0.4591142997621436,0.0,1.0,0.0,1.0,0.01590806317857832,0.1111111111111111,1.3664060384290615,1.3344948130849719,6.000528981818034,0.1,3,train,3,layered_fanin,3,layered_fanin,1
MULE_T_0012,3,2,0.6666666666666666,0.6666666666666666,291610.49,154985.92,0.5314826788970259,1.464424997750489,0.0,0.8,0.0,0.8941811356571087,0.013456985307173342,0.05555555555555555,1.330850675744106,1.139302409041503,3.6003173890908204,0.3680672268907563,31,train,4,stealth_cycle,4,stealth_cycle,1
MULE_T_0013,2,2,1.0,1.0,335975.38,77277.31,0.23000885619154707,0.5052890143219121,0.0,0.5,0.0,0.5016737241748762,0.016610890548073697,0.07142857142857142,0.690761215978943,0.5917972465924048,3.5003085727271865,0.11778115501519756,19,train,5,stealth_cycle,5,stealth_cycle,1
MULE_T_0014,1,4,4.0,0.25,161289.87,159140.51,0.9866739337277514,0.35169897995476535,0.0,0.4,0.0,1.0,0.015252404870601288,0.058823529411764705,1.014783275784404,1.1163818602754605,3.4002997563635526,0.11778115501519756,19,train,5,stealth_cycle,5,stealth_cycle,1
MULE_T_0015,2,2,1.0,1.0,150036.82,189074.81,0.7935315030603816,0.5699988338739403,0.0,0.75,0.0,0.9003004878798784,0.012420787039517586,0.058823529411764705,0.9760522962734318,0.9167781374182262,4.250374695454441,0.11778115501519756,19,train,5,stealth_cycle,5,stealth_cycle,1
MULE_T_0016,18,2,0.1111111111111111,0.1111111111111111,1227743.93,607383.76,0.4947153459287637,3.0292831211488527,0.002631578947368421,0.3076923076923077,0.0,0.07711330313822451,0.04148669890336826,0.06,0.8157055311979007,0.5763291897522915,2.5002204090908475,0.1,3,train,6,layered_fanin,6,layered_fanin,1
MULE_T_0017,1,3,3.0,0.3333333333333333,482064.46,616012.89,0.7825558010735072,0.40022142473584305,0.0,0.0,0.0,1.0,0.016448638798988276,0.09523809523809523,0.7160224895661208,0.9603622118563024,5.25046285909078,0.12321792260692464,7,train,6,layered_fanin,6,layered_fanin,1
MULE_T_0018,1,2,2.0,0.5,716792.68,645265.35,0.9002119753716287,0.8498054856602297,0.16666666666666666,0.6666666666666666,0.0,1.0,0.03905150128968998,0.13043478260869565,0.30057750455370186,0.6700701366068426,7.6673425878786,0.12642986152919927,6,train,7,fast_cycle,7,fast_cycle,1
MULE_T_0019,2,3,1.5,0.6666666666666666,651990.87,1172182.21,0.5562197230275151,1.9812216392648896,0.05,0.4,0.0,0.9658547662947721,0.03540797049884753,0.16279069767441862,0.7083349678459836,1.1574210019654831,8.600758207272515,0.12642986152919927,6,train,7,fast_cycle,7,fast_cycle,1
MULE_T_0020,11,2,0.18181818181818182,0.18181818181818182,2411701.41,666060.9,0.27617884022517547,2.514160569759667,0.0,0.3076923076923077,0.0,0.3036677962707495,0.0696062017760955,0.27450980392156865,0.46669312865625945,0.481272035525504,3.923422795804099,0.12260967379077616,20,train,8,fast_cycle,8,fast_cycle,1
MULE_T_0021,1,2,2.0,0.5,660792.39,1539353.17,0.42926626865793044,1.7888039769893653,0.0,1.0,0.0,1.0,0.05213411985054886,0.23333333333333334,0.3863261228975416,0.6853547179475288,10.00088163636339,0.12260967379077616,20,train,8,fast_cycle,8,fast_cycle,1
MULE_T_0022,2,1,0.5,0.5,1535446.52,848651.72,0.5527067946278721,1.58250141453298,0.0,1.0,0.0,0.9959404986262748,0.040279269602577876,0.23333333333333334,0.2682466811500008,0.6878015682507371,10.00088163636339,0.12260967379077616,20,train,8,fast_cycle,8,fast_cycle,1
MULE_T_0023,1,2,2.0,0.5,848651.72,1361751.28,0.623206115799797,1.5847187364361088,0.0,0.6666666666666666,0.0,1.0,0.039171548942334176,0.28125,0.4673774034069178,0.674808296128296,10.667607078787615,0.12260967379077616,20,train,8,fast_cycle,8,fast_cycle,1
MULE_T_0024,1,2,2.0,0.5,1346064.22,1282603.43,0.9528545567623107,1.2187595258373696,0.0,1.0,0.0,1.0,0.12902396114101877,0.35294117647058826,0.30417761558987627,0.6701242105435647,11.334332521211843,0.12260967379077616,20,train,8,fast_cycle,8,fast_cycle,1
MULE_T_0025,27,2,0.07407407407407407,0.07407407407407407,2776967.27,546713.64,0.19687435380200013,3.100261918074642,0.0,0.5238095238095238,0.0,0.06321186699325199,0.09565902870656594,0.08333333333333333,0.5629003021617831,0.4172143534376608,2.482977509717807,0.13169845594913715,24,train,9,layered_fanin,9,layered_fanin,1
MULE_T_0026,1,2,2.0,0.5,532710.9,210940.6,0.39597574410612446,1.743372745768711,0.0,1.0,0.0,1.0,0.014105057603488024,0.2,0.632916987181763,0.6694255293045603,5.000440818181695,0.13169845594913715,24,train,9,layered_fanin,9,layered_fanin,1
MULE_T_0027,3,2,0.6666666666666666,0.6666666666666666,222564.88,202396.75,0.9093831519934417,1.0233347818221916,0.0,0.6,0.0,0.8226993081235197,0.01415598655429628,0.05263157894736842,1.39179224395272,1.133683230177838,3.8003350218180882,0.13169845594913715,24,train,9,layered_fanin,9,layered_fanin,1
MULE_T_0028,1,3,3.0,0.3333333333333333,197948.23,619675.16,0.31943870549286035,0.7625142969177671,0.0,0.5,0.0,1.0,0.016383195665188463,0.15,0.898703661714286,0.9472760505161298,5.000440818181695,0.13169845594913715,24,train,9,layered_fanin,9,layered_fanin,1
MULE_T_0029,1,2,2.0,0.5,601134.69,481928.93,0.801698754096157,0.5451889290782233,0.0,1.0,0.0,1.0,0.030079045963436263,0.23529411764705882,0.38585859620455054,0.6590337206630912,5.667166260605922,0.13169845594913715,24,train,9,layered_fanin,9,layered_fanin,1
MULE_T_0030,2,2,1.0,1.0,289318.57,402584.03,0.7186538547624592,0.6401426698947218,0.0,0.75,0.0,0.9235861754940986,0.01297779775183687,0.05555555555555555,1.002851605535137,0.9536529841874664,4.500396736363525,0.11626248216833096,29,train,10,stealth_cycle,10,stealth_cycle,1
MULE_T_0031,2,3,1.5,0.6666666666666666,414136.25,126980.78,0.3066159616521372,0.612743058578712,0.0,0.4,0.0,0.9176448913022344,0.01701940383950874,0.045454545454545456,1.433538848053232,1.1629738811097796,4.400387919999892,0.11626248216833096,29,train,10,stealth_cycle,10,stealth_cycle,1
MULE_T_0032,1,2,2.0,0.5,113514.08,293850.74,0.3862984150693317,0.3356283058445552,0.0,0.6666666666666666,0.0,1.0,0.00719039842130808,0.1111111111111111,0.8920325822920768,0.700554033388664,3.000264490909017,0.11626248216833096,29,train,10,stealth_cycle,10,stealth_cycle,1
MULE_T_0033,2,3,1.5,0.6666666666666666,163955.3,181544.84,0.903111869166354,0.30963242290509235,0.0,0.6,0.0,0.9362372304299247,0.010838293357863078,0.07692307692307693,1.0237750808978512,1.1115117586581298,2.6002292254544814,0.10888252148997135,12,train,11,stealth_cycle,11,stealth_cycle,1
MULE_T_0034,2,2,1.0,1.0,182566.43,18428.81,0.10094306041829339,0.43862123272982395,0.0,0.75,0.0,0.8908829726479153,0.012669464437724199,0.058823529411764705,1.817584247125036,1.5144955546759449,4.250374695454441,0.10888252148997135,12,train,11,stealth_cycle,11,stealth_cycle,1
MULE_T_0035,5,2,0.4,0.4,617948.02,284662.52,0.4606577210695551,1.7293450360737619,0.0,0.8333333333333334,0.0,0.440495594913917,0.015809008020676266,0.045454545454545456,0.9424069426045343,0.825323942722394,3.143134228571351,0.12260967379077616,20,train,12,stealth_cycle,12,stealth_cycle,1
MULE_T_0036,1,2,2.0,0.5,292947.39,373026.9,0.7853250837640775,0.3286443655977588,0.0,0.6666666666666666,0.0,1.0,0.009940490101305141,0.09090909090909091,0.6074280335991012,0.6830372788923033,3.6669899333332427,0.12260967379077616,20,train,12,stealth_cycle,12,stealth_cycle,1
MULE_T_0037,1,2,2.0,0.5,22645.21,59175.12,0.3826812281244349,0.25945068132798693,0.0,1.0,0.0,1.0,0.014995975038644142,0.08333333333333333,0.8046901847357032,0.5404263833060712,4.000352654545356,0.1407942238267148,2,train,13,stealth_cycle,13,stealth_cycle,1
MULE_T_0038,1,4,4.0,0.25,543796.84,546595.91,0.9948790930826682,1.6816306701469532,0.0,0.6,0.0,1.0,0.03494817879091694,0.1276595744680851,0.6568213442940325,1.0469769457762508,9.400828738181588,0.13686313686313686,22,train,14,fast_cycle,14,fast_cycle,1
MULE_T_0039,3,2,0.6666666666666666,0.6666666666666666,384190.82,603381.46,0.6367295701227459,0.7391746986793147,0.0,0.6,0.0,0.9247303846214332,0.030417300008364758,0.125,0.5707465036212261,1.0618674439176763,8.000705309090712,0.13686313686313686,22,train,14,fast_cycle,14,fast_cycle,1
MULE_T_0040,2,0,0.0,0.0,161970.15,0.0,0.0,0.48342262090431454,0.0,0.0,0.0,0.9636186626980867,0.00591162542252287,0.14285714285714285,0.6352528824462521,0.9098357578122349,3.5003085727271865,0.10567514677103718,27,train,15,layered_fanin,15,layered_fanin,1
MULE_T_0041,30,2,0.06666666666666667,0.06666666666666667,2936390.29,258257.01,0.08795050431376637,3.159407837053457,0.0,0.32,0.0,0.03886967104709688,0.05889784818347713,0.06578947368421052,0.5419562080042581,0.35908262018056236,2.3752093886363053,0.1330166270783848,1,train,16,layered_fanin,16,layered_fanin,1
MULE_T_0042,2,2,1.0,1.0,253639.69,275324.03,0.9212406505548716,1.8181390815595282,0.0,0.75,0.0,0.9407648238162263,0.018870743271400602,0.08333333333333333,0.6374170357362479,0.8322787152002219,6.000528981818034,0.1330166270783848,1,train,16,layered_fanin,16,layered_fanin,1
MULE_T_0043,2,1,0.5,0.5,269655.17,8758.1,0.03247889526219869,1.2260833649605078,0.0,0.6666666666666666,0.0,0.9254045055316502,0.013469998384847415,0.1111111111111111,1.0116003293108038,1.1892606287125875,6.000528981818034,0.1330166270783848,1,train,16,layered_fanin,16,layered_fanin,1
MULE_T_0044,2,3,1.5,0.6666666666666666,57416.46,35117.84,0.6116335780001881,0.3976101900378556,0.05,0.6,0.0,0.6700484378504418,0.012601644514609156,0.0625,0.899356595008312,0.8189346505588746,3.200282123636285,0.12436224489795919,8,train,17,stealth_cycle,17,stealth_cycle,1
MULE_T_0045,1,3,3.0,0.3333333333333333,25464.33,47912.75,0.5314729965624075,0.32542601816769523,0.0,0.5,0.0,1.0,0.009874454785469989,0.09090909090909091,0.8699278616399856,0.7037057208590021,2.7502424499999325,0.3680672268907563,31,train,17,stealth_cycle,17,stealth_cycle,1
MULE_T_0046,2,2,1.0,1.0,743449.85,453647.35,0.6101922705363528,4.06275246708538,0.0,0.75,0.0,0.9668831721670341,0.03301839097533106,0.14634146341463414,0.6005539429529693,0.8982454521960668,10.250903677272476,0.11764705882352941,18,train,18,fast_cycle,18,fast_cycle,1
MULE_T_0047,3,2,0.6666666666666666,0.6666666666666666,450958.36,613777.38,0.7347262716631227,2.5580393038439775,0.0,0.4,0.0,0.9533088024208839,0.03347266876180778,0.13513513513513514,0.6105985170931205,1.096694250266388,7.400652410908909,0.11764705882352941,18,train,18,fast_cycle,18,fast_cycle,1
MULE_T_0048,2,2,1.0,1.0,613090.57,314926.18,0.5136699196974431,1.9438212995257111,0.0,1.0,0.0,0.9693051459183242,0.03060032742350343,0.16666666666666666,0.5240677820856291,0.9246047228510679,7.500661227272543,0.11764705882352941,18,train,18,fast_cycle,18,fast_cycle,1
MULE_T_0049,3,2,0.6666666666666666,0.6666666666666666,282610.29,67465.25,0.23872183338005667,0.3259995692520413,0.0,0.0,0.0,0.3765106317861791,0.007917304949395226,0.09090909090909091,0.7658430574006961,0.5162581888929292,2.200193959999946,0.1281767955801105,9,train,19,stealth_cycle,19,stealth_cycle,1
MULE_T_0050,1,2,2.0,0.5,90380.46,81498.0,0.9017215305232821,0.30063230309967026,0.0,0.0,0.0,1.0,0.009795583972643606,0.09090909090909091,0.9225892278376536,0.6630611794377046,3.6669899333332427,0.1407942238267148,2,train,19,stealth_cycle,19,stealth_cycle,1
MULE_T_0051,1,2,2.0,0.5,100603.28,127660.79,0.7880514884738323,0.31251335321521695,0.0,0.6666666666666666,0.0,1.0,0.009827279267338533,0.07692307692307693,0.893343505148627,0.641849598667821,4.3337153757574685,0.12013536379018612,23,train,19,stealth_cycle,19,stealth_cycle,1
MULE_T_0052,2,2,1.0,1.0,117713.72,12197.11,0.10361668581367359,0.3705800803790976,0.0,0.0,0.0,0.9475840343591229,0.008768500622928898,0.08333333333333333,1.1744550961540428,1.3659989120620126,3.000264490909017,0.12013536379018612,23,train,19,stealth_cycle,19,stealth_cycle,1
MULE_T_0053,2,1,0.5,0.5,121763.76,189433.99,0.6427767496831995,0.3210613625685023,0.0,0.6666666666666666,0.0,0.9193475664034225,0.00983172725696175,0.1,0.7339757562469066,0.6762808823110146,3.3336272121211303,0.3680672268907563,31,train,20,stealth_cycle,20,stealth_cycle,1
MULE_T_0054,1,3,3.0,0.3333333333333333,100293.87,183333.61,0.5470566495442741,0.26502995034669385,0.0,0.75,0.0,1.0,0.014722875941139397,0.05555555555555555,1.347285942825962,0.9689084541602686,4.500396736363525,0.12436224489795919,8,train,20,stealth_cycle,20,stealth_cycle,1
MULE_T_0055,1,3,3.0,0.3333333333333333,488753.31,202327.7,0.41396691069812297,1.4412732615788115,0.08333333333333333,1.0,0.0,1.0,0.020319906829464243,0.05555555555555555,0.8982001616322259,0.952952776375422,4.500396736363525,0.110055423594616,17,train,21,layered_fanin,21,layered_fanin,1
MULE_T_0056,25,2,0.08,0.08,2174514.05,386779.43,0.177869362378582,13.326396990715278,0.0014245014245014246,0.36363636363636365,0.0,0.05901197270368207,0.058272900133836375,0.10606060606060606,0.6178097345630262,0.4721208517891444,2.4446599555554958,0.12260967379077616,20,train,22,layered_fanin,22,layered_fanin,1
MULE_T_0057,3,1,0.3333333333333333,0.3333333333333333,387824.24,199929.1,0.5155147224638693,8.227220560515875,0.08333333333333333,0.5,0.0,0.9561015283425219,0.0164277465780519,0.1875,0.7011995092820074,0.9342028521270301,4.000352654545356,0.12260967379077616,20,train,22,layered_fanin,22,layered_fanin,1
MULE_T_0058,1,3,3.0,0.3333333333333333,199929.1,295405.34,0.6767958350500527,7.23784090277038,0.08333333333333333,0.75,0.0,1.0,0.017509186243199124,0.07142857142857142,0.751861422286452,0.9357666740592945,3.5003085727271865,0.12260967379077616,20,train,22,layered_fanin,22,layered_fanin,1
MULE_T_0059,2,3,1.5,0.6666666666666666,330972.93,130346.1,0.3938270778644407,0.37407406022706147,0.0,0.4,0.0,0.9704274094985983,0.01552574038374455,0.047619047619047616,1.394095830917929,1.1556920588180963,4.200370287272624,0.3680672268907563,31,train,23,stealth_cycle,23,stealth_cycle,1
MULE_T_0060,2,3,1.5,0.6666666666666666,118204.16,410008.5,0.28829685006081873,0.31723308071967227,0.0,0.8,0.0,0.9261583309181507,0.012441530397687826,0.058823529411764705,1.2484083046534675,1.1587813778079248,3.4002997563635526,0.13090257023311416,5,train,23,stealth_cycle,23,stealth_cycle,1
MULE_T_0061,2,2,1.0,1.0,403904.6,204930.55,0.5073736411404104,0.4218058051496193,0.0,0.5,0.0,0.9447058812055962,0.013567427287069384,0.05555555555555555,1.1033374106177654,1.0079486785478944,4.500396736363525,0.13090257023311416,5,train,23,stealth_cycle,23,stealth_cycle,1
MULE_T_0062,2,2,1.0,1.0,188586.1,195203.1,0.9661020066563214,0.48335642896923936,0.0,0.75,0.0,0.9475921165659495,0.01134204542447185,0.06666666666666667,0.8114356271978456,0.901093880126663,3.7503306136362715,0.13169845594913715,24,train,24,stealth_cycle,24,stealth_cycle,1
MULE_T_0063,2,3,1.5,0.6666666666666666,35558.61,89629.45,0.39672913490114814,0.39183135947328257,0.0,0.6,0.0,0.8093095953335261,0.017295864755488864,0.047619047619047616,1.1033349005001758,0.9338220250306484,4.200370287272624,0.1234676007005254,25,train,25,stealth_cycle,25,stealth_cycle,1
MULE_T_0064,36,2,0.05555555555555555,0.05555555555555555,2839395.33,214397.74,0.07550823874435268,9.765873201790829,0.0021337126600284497,0.24,0.0,0.03701331593386594,0.06664967310728588,0.07317073170731707,0.6374278536525549,0.4615433726547143,2.158084984688942,0.11764705882352941,18,train,26,layered_fanin,26,layered_fanin,1
MULE_T_0065,2,2,1.0,1.0,378530.35,398736.93,0.9493235269729673,0.5034976688361522,0.0,0.5,0.0,0.9654138960828189,0.017217118889820214,0.08695652173913043,0.8583800577151615,0.9427204426885111,5.7505069409089495,0.10567514677103718,27,train,27,layered_fanin,27,layered_fanin,1
MULE_T_0066,10,1,0.1,0.1,1501548.01,613944.41,0.40887431411064834,2.005507304589498,0.0,0.375,0.0,0.2831225388290297,0.07400369517095806,0.2682926829268293,0.39079588585880215,0.43012674968698084,3.7276013371899905,0.1281767955801105,9,train,28,fast_cycle,28,fast_cycle,1
MULE_T_0067,2,2,1.0,1.0,618345.83,557641.92,0.901828542571162,1.9836616814008978,0.0,0.75,0.0,0.9858652285852976,0.027276222150993654,0.17391304347826086,0.43871028484500174,0.9221645426606021,5.7505069409089495,0.1281767955801105,9,train,28,fast_cycle,28,fast_cycle,1
MULE_T_0068,2,3,1.5,0.6666666666666666,629189.64,511905.05,0.8135942131389876,0.572384247373458,0.0,0.4,0.0,0.9869814404019666,0.030850276467037765,0.13333333333333333,0.7797169312719552,1.1314590293074398,6.000528981818034,0.1281767955801105,9,train,28,fast_cycle,28,fast_cycle,1
MULE_T_0069,1,4,4.0,0.25,492447.87,774333.51,0.6359635280028387,0.45631577443578064,0.0,0.4,0.0,1.0,0.033017907497973724,0.11428571428571428,0.8202757663901851,1.1349247685880115,7.000617145454373,0.1281767955801105,9,train,28,fast_cycle,28,fast_cycle,1
MULE_T_0070,2,3,1.5,0.6666666666666666,1588361.39,1129654.23,0.7112073048104118,1.8097492530038164,0.0,0.6,0.0,0.9940365181781623,0.02945741302875725,0.3783783783783784,0.5152392703703632,1.161299761228328,7.400652410908909,0.12436224489795919,8,train,29,fast_cycle,29,fast_cycle,1
MULE_T_0071,1,2,2.0,0.5,1120049.64,839011.43,0.7490841518141554,1.397531741583636,0.0,1.0,0.0,1.0,0.024033974179397698,0.2692307692307692,0.48486932480089295,0.6960385905938582,8.667430751514937,0.12436224489795919,8,train,29,fast_cycle,29,fast_cycle,1
MULE_T_0072,2,3,1.5,0.6666666666666666,844607.01,948001.62,0.890934137186226,1.1120113761563644,0.0,0.6,0.0,0.9754922168745397,0.031183873482570443,0.14285714285714285,0.8871597981547615,1.1672174690559427,7.000617145454373,0.1407942238267148,2,train,29,fast_cycle,29,fast_cycle,1
MULE_T_0073,3,1,0.3333333333333333,0.3333333333333333,850005.05,741927.71,0.8728509350862871,0.5273352981830159,0.0,0.5,0.0,0.9584401235329439,0.024915809320589004,0.2692307692307692,0.706055119608781,0.9592203673681683,6.500573063636203,0.12642986152919927,6,train,29,fast_cycle,29,fast_cycle,1
MULE_T_0074,40,1,0.025,0.025,3807093.18,325165.78,0.08541051140645792,3.8131938743743663,0.006097560975609756,0.3225806451612903,0.0,0.037972983884455615,0.14040262422636826,0.10309278350515463,0.49496165344147613,0.4639067035899085,2.366062240798168,0.12436224489795919,8,train,30,layered_fanin,30,layered_fanin,1
MULE_T_0075,1,2,2.0,0.5,320008.67,402916.97,0.7942298162399882,1.0363149910942548,0.16666666666666666,1.0,0.0,1.0,0.02664217456233217,0.10526315789473684,0.6507844777330375,0.6588097414030232,6.3338917030301465,0.12436224489795919,8,train,30,layered_fanin,30,layered_fanin,1
MULE_T_0076,2,2,1.0,1.0,111818.3,362076.58,0.3088249941319394,0.5609260161052261,0.0,0.75,0.0,0.8127802553232815,0.01326042554915658,0.07142857142857142,1.1764695827109573,0.998618757189377,3.5003085727271865,0.145478374836173,30,train,31,stealth_cycle,31,stealth_cycle,1
MULE_T_0077,2,2,1.0,1.0,1449549.32,639093.0,0.4408908290468129,2.634797437813381,0.0,0.75,0.0,0.9802880841353361,0.025487431510336465,0.14705882352941177,0.5381988915754903,0.956531824104374,8.500749390908881,0.11778115501519756,19,train,32,fast_cycle,32,fast_cycle,1
MULE_T_0078,1,2,2.0,0.5,637081.08,1128242.94,0.5646665794673564,1.873978430603842,0.0,1.0,0.0,1.0,0.043096587344412234,0.2222222222222222,0.462978314476373,0.678328788325658,9.00079347272705,0.11778115501519756,19,train,32,fast_cycle,32,fast_cycle,1
MULE_T_0079,11,2,0.18181818181818182,0.18181818181818182,984535.21,295356.33,0.29999569708283963,2.534194528610652,0.0,0.45454545454545453,0.0,0.13342039372809553,0.06942307008780733,0.37254901960784315,0.7055137615048259,0.572931312489026,3.923422795804099,0.12611377655928718,32,train,33,fast_cycle,33,fast_cycle,1
MULE_T_0080,3,2,0.6666666666666666,0.6666666666666666,186220.45,180104.15,0.967155598082383,1.441294267953591,0.0,0.6,0.0,0.8841481836094818,0.030291987575106975,0.23076923076923078,0.6941189716957228,1.0231607322799203,5.200458450908963,0.12611377655928718,32,train,33,fast_cycle,33,fast_cycle,1
MULE_T_0081,2,1,0.5,0.5,175471.98,241366.91,0.7269926950821526,1.226379594191979,0.0,1.0,0.0,0.9796251532707496,0.016486577178413907,0.2727272727272727,0.3880203788773328,0.6782768143279213,7.3339798666664855,0.12611377655928718,32,train,33,fast_cycle,33,fast_cycle,1
MULE_T_0082,1,4,4.0,0.25,1112982.39,1207083.82,0.9220423354899409,3.453485163292066,0.0,0.6,0.0,1.0,0.029127857185535323,0.1794871794871795,0.5665510752720113,1.1312301189553433,7.800687676363444,0.11626248216833096,29,train,34,fast_cycle,34,fast_cycle,1
MULE_T_0083,2,1,0.5,0.5,871163.68,1157427.49,0.7526723554496071,2.3015249692496016,0.0,0.6666666666666666,0.0,0.97766115125023,0.02667933377209203,0.1935483870967742,0.42946114597026325,0.680642503179636,10.334244357575503,0.11626248216833096,29,train,34,fast_cycle,34,fast_cycle,1
MULE_T_0084,2,3,1.5,0.6666666666666666,1161281.96,939624.43,0.8091268638299095,2.2382453936422224,0.0,0.6,0.0,0.9933837322065313,0.02660060708496614,0.17142857142857143,0.534328549192274,1.167121544942041,7.000617145454373,0.11626248216833096,29,train,34,fast_cycle,34,fast_cycle,1
MULE_T_0085,1,2,2.0,0.5,442785.41,250681.56,0.5661468310593527,1.2829446472870474,0.0,1.0,0.0,1.0,0.008161799849996012,0.09090909090909091,0.7215663258582333,0.6957609752757715,3.6669899333332427,0.1,3,train,35,stealth_cycle,35,stealth_cycle,1
MULE_T_0086,2,1,0.5,0.5,347434.36,204517.47,0.5886506745336326,1.6100427992696829,0.0,0.0,0.0,0.9630320311819471,0.00850227489529427,0.09090909090909091,0.65650596448038,0.6736978406356696,3.6669899333332427,0.1281767955801105,9,train,37,stealth_cycle,37,stealth_cycle,1
MULE_T_0087,1,3,3.0,0.3333333333333333,505498.24,680725.43,0.7425875696755683,0.7684320345041966,0.08333333333333333,1.0,0.0,1.0,0.0305302580572798,0.25806451612903225,0.5577496641801957,0.9167398018468407,7.750683268181628,0.10888252148997135,12,train,38,fast_cycle,38,fast_cycle,1
MULE_T_0088,1,2,2.0,0.5,662692.91,452245.2,0.6824355460277959,0.6461490825137763,0.16666666666666666,0.6666666666666666,0.0,1.0,0.019970054164149223,0.375,0.2960374941630503,0.6790307892918839,8.000705309090712,0.10888252148997135,12,train,38,fast_cycle,38,fast_cycle,1
MULE_T_0089,2,3,1.5,0.6666666666666666,1028617.08,909363.48,0.8840641426413557,2.133951164213317,0.0,0.8,0.0,0.9733406728651788,0.02956878850102669,0.21428571428571427,0.6767249260914712,1.1225309905432688,8.400740574545248,0.12814645308924486,4,train,39,fast_cycle,39,fast_cycle,1
MULE_T_0090,1,2,2.0,0.5,940953.65,613502.02,0.6520002589091147,2.6170168310416018,0.0,1.0,0.0,1.0,0.021850228820451813,0.28,0.29051555547165536,0.6770423403427073,8.334068030302825,0.12814645308924486,4,train,39,fast_cycle,39,fast_cycle,1
MULE_T_0091,1,3,3.0,0.3333333333333333,609619.84,760725.32,0.8013665690030106,2.0521886679061074,0.0,0.5,0.0,1.0,0.023828181789170233,0.17857142857142858,0.6107420269582299,0.944038890045699,7.000617145454373,0.12814645308924486,4,train,39,fast_cycle,39,fast_cycle,1
UPI_00000,37,7,0.1891891891891892,0.1891891891891892,882540.94,1543893.08,0.5716334574888854,3.526687298757259,0.014814814814814815,0.42857142857142855,0.023255813953488372,0.06068557684369776,0.12886736578712277,0.01092896174863388,2.275532100039629,1.9904254441376565,4.2561891615220935,0.12167606768734891,26,train,13,stealth_cycle,13,stealth_cycle,1
UPI_00001,82,170,2.073170731707317,0.4823529411764706,2977253.24,6618305.83,0.4498512637064546,6.722013983970468,0.028233208837120972,0.855072463768116,0.14545454545454545,0.06919438532299445,0.31118302308154905,0.006756756756756757,2.5508455550234967,2.4095426402600855,2.0183597484297024,0.145478374836173,30,train,-1,organic,,,0
UPI_00002,4,9,2.25,0.4444444444444444,286691.53,157380.67,0.5489547322381084,0.3385487248389542,0.013333333333333334,0.0,0.3,0.921004605032805,0.03473959092359259,0.04081632653061224,3.0490909988975274,2.198839193276906,4.900432001818062,0.11512415349887133,11,train,-1,organic,,,0
UPI_00003,3,9,3.0,0.3333333333333333,122079.76,71357.49,0.584515315108668,0.29288174645726883,0.023076923076923078,0.0,0.09090909090909091,0.8903778040143838,0.032055626405525436,0.022222222222222223,2.745111902538688,2.066425368929323,4.091269760330477,0.13169845594913715,24,train,-1,organic,,,0
UPI_00004,4,8,2.0,0.5,236766.14,159285.91,0.6727562920264468,0.33268990896099526,0.023076923076923078,0.0,0.09090909090909091,0.52172734502079,0.018405801917782308,0.038461538461538464,1.3581195894088303,1.3125744853661159,2.363844750413165,0.11376146788990826,15,train,20,stealth_cycle,20,stealth_cycle,1
UPI_00005,1,6,6.0,0.16666666666666666,213018.78,91190.77,0.4280879342723005,0.24300263629185762,0.0,0.0,0.0,1.0,0.019223861248084544,0.07692307692307693,2.381475906575546,1.8850569205148788,3.714613179220688,0.110055423594616,17,train,-1,organic,,,0
UPI_00006,1,4,4.0,0.25,231020.37,90067.28,0.3898672727272728,0.2431153232862354,0.0,0.0,0.0,1.0,0.012029156001000648,0.13333333333333333,1.8243102066782932,1.4156716664910414,3.000264490909017,0.11402027027027027,0,train,-1,organic,,,0
UPI_00007,2,3,1.5,0.6666666666666666,145964.45,295236.27,0.49439877153312844,0.9219558381974684,0.0,0.8,0.0,0.9141661165231538,0.02296471130518167,0.06451612903225806,0.42414370309725835,0.4491231331780843,6.200546614545302,0.1407942238267148,2,train,-1,organic,,,0
UPI_00008,3,9,3.0,0.3333333333333333,124563.25,164211.16,0.7585553495965935,0.33980670288559545,0.125,0.3333333333333333,0.2,0.45540871688830487,0.021078726013106366,0.06896551724137931,1.5564728466933597,1.5184598064670767,2.900255674545383,0.11376146788990826,15,train,-1,organic,,,0
UPI_00009,2,8,4.0,0.25,330280.86,172566.17,0.5224831215120925,0.5292350415327979,0.0,0.3,0.0,0.502168347122993,0.030900689217116667,0.023255813953488372,1.6494247582671748,1.4961719893084182,4.300379103636257,0.10630407911001236,13,train,-1,organic,,,0
UPI_00010,4,9,2.25,0.4444444444444444,241789.42,153540.5,0.6350174402661061,0.31766776581254486,0.019736842105263157,0.3,0.18181818181818182,0.7444369496288336,0.036222062979300904,0.04,2.532403681550695,2.1527028460166258,4.545855289256087,0.12661498708010335,14,train,-1,organic,,,0
UPI_00011,6,4,0.6666666666666666,0.6666666666666666,3734285.6,3066402.39,0.8211483321015746,7.502191848775661,0.0,0.8888888888888888,0.0,0.2036542825520708,0.028847333296212595,0.05128205128205128,0.3557125716873405,0.38629736533367526,3.900343838181722,0.3680672268907563,31,train,-1,organic,,,0
UPI_00012,2,4,2.0,0.5,46710.11,54960.24,0.8498891555496194,0.25858253180010127,0.03333333333333333,0.0,0.0,0.9296160191342175,0.01325783894279046,0.13333333333333333,1.1396199096703548,1.0876326477723863,2.5002204090908475,0.1407942238267148,2,train,-1,organic,,,0
UPI_00013,2,6,3.0,0.3333333333333333,141589.69,46171.61,0.3260944328539883,0.2915758498233029,0.0,0.0,0.0,0.9374302093836873,0.023737125374561626,0.06451612903225806,2.7379706676606332,2.118901682683817,3.875341634090814,0.12395709177592372,21,train,-1,organic,,,0
UPI_00014,1,6,6.0,0.16666666666666666,199017.54,140731.88,0.7071330150753767,0.243419573033526,0.0,0.0,0.0,1.0,0.023829564007925814,0.0625,2.313724996421384,1.775856876584932,4.571831605194692,0.1234676007005254,25,train,-1,organic,,,0
UPI_00015,1,7,7.0,0.14285714285714285,166014.64,66704.86,0.40180108433734946,0.24348693321257983,0.0,0.0,0.0,1.0,0.019737155135801612,0.03571428571428571,2.54698691946417,1.9727043856182906,3.5003085727271865,0.1234676007005254,25,train,-1,organic,,,0
UPI_00016,2,7,3.5,0.2857142857142857,217682.27,91701.41,0.4212626688917569,0.3058699605917618,0.02857142857142857,0.0,0.125,0.8586122472004345,0.024814590005802235,0.08823529411764706,2.5427239470459115,1.9491241239474273,4.250374695454441,0.12611377655928718,32,train,-1,organic,,,0
UPI_00017,3,5,1.6666666666666667,0.6,535528.66,139047.57,0.25964542749333336,0.7251438098776972,0.0,0.42857142857142855,0.14285714285714285,0.6287604526358036,0.02293670374082018,0.06451612903225806,1.8496628675273301,1.5470246479804604,4.428961867532359,0.1281767955801105,9,train,-1,organic,,,0
UPI_00018,36,7,0.19444444444444445,0.19444444444444445,391706.56,2184490.45,0.17931255410691763,2.672812911316203,0.02768549280177187,0.36363636363636365,0.0,0.058240111599563146,0.15014406346276177,0.009345794392523364,3.3613172303734222,3.0616015873071083,4.977182953911083,0.12167606768734891,26,train,-1,organic,,,0
UPI_00019,1,4,4.0,0.25,233020.54,33541.5,0.14394223175965665,0.24579742636011256,0.0,0.0,0.0,1.0,0.007404329887577591,0.1111111111111111,1.5882806460572723,1.5285922307897704,1.8001586945454102,0.12661498708010335,14,train,-1,organic,,,0
UPI_00020,1,2,2.0,0.5,122175.16,107376.56,0.878873868236071,1.3877339232981845,0.0,1.0,0.0,1.0,0.0208046248441895,0.034482758620689655,0.47528989339846267,0.40350594786888466,9.667518915151277,0.12814645308924486,4,train,-1,organic,,,0
UPI_00021,14,0,0.0,0.0,488293.05,0.0,0.0,1.0806645312737118,0.0,0.0,0.0,0.10022734464734366,0.02189612173772802,0.06451612903225806,0.49864257094629233,0.49249962651959545,2.2144809337661795,0.13686313686313686,22,train,-1,organic,,,0
UPI_00022,1,6,6.0,0.16666666666666666,122010.76,101418.74,0.8312278688524589,0.24300263629185762,0.0,0.0,0.0,1.0,0.014547867760780072,0.05555555555555555,1.6092217863905094,1.3604952638384205,2.571655277922015,0.12814645308924486,4,train,-1,organic,,,0
UPI_00023,3,6,2.0,0.5,162179.38,77763.97,0.47949355064604543,0.3242703733339023,0.014705882352941176,0.0,0.2857142857142857,0.774509898306819,0.019831882420667704,0.07692307692307693,1.9603484407723053,1.6846661524220328,3.714613179220688,0.1281767955801105,9,train,-1,organic,,,0
UPI_00024,1,8,8.0,0.125,200017.63,153245.92,0.7661620500000001,0.24348693321257983,0.0,0.0,0.0,1.0,0.03085234872269523,0.045454545454545456,2.6396480298412457,1.8081298539571669,4.8893199111109915,0.11626248216833096,29,train,-1,organic,,,0
UPI_00025,30,3,0.1,0.1,398931.8,746359.95,0.5345032250353297,2.187229093093283,0.016098484848484848,0.125,0.0,0.060188065882334905,0.1075085996925254,0.02666666666666667,1.2585477426649654,1.4175098237400103,4.545855289256087,0.13090257023311416,5,train,-1,organic,,,0
UPI_00026,1,2,2.0,0.5,83876.25,208162.03,0.4029373363630354,0.5233526343063158,0.0,0.6666666666666666,0.0,1.0,0.014682976190330526,0.1,0.45558377694458463,0.350908436226409,6.667254424242261,0.13090257023311416,5,train,-1,organic,,,0
UPI_00027,2,5,2.5,0.4,60475.18,34091.86,0.5637330008260316,0.3031595775493659,0.0,0.0,0.16666666666666666,0.9216478740292291,0.013603353266356042,0.05263157894736842,1.7662825971308689,1.5065562072751026,3.1669458515150732,0.11512415349887133,11,train,-1,organic,,,0
UPI_00028,1,6,6.0,0.16666666666666666,121010.67,104820.64,0.8662099173553719,0.24337124942681343,0.0,0.0,0.0,1.0,0.016172844580985182,0.05,1.535893418753907,1.3198200854247841,2.857394753246683,0.10630407911001236,13,train,-1,organic,,,0
UPI_00029,1,6,6.0,0.16666666666666666,58005.11,65001.79,0.8923617831603947,0.24218300073990207,0.0,0.0,0.0,1.0,0.011488365636383654,0.0625,1.7772881875252882,1.5775829856091572,2.285915802597346,0.16923076923076924,16,train,-1,organic,,,0
UPI_00030,2,8,4.0,0.25,157308.28,116923.41,0.7432756192670802,0.2667232530324962,0.0,0.0,0.1111111111111111,0.9589888652044942,0.021519029087791044,0.034482758620689655,2.109053166396453,1.819348210752837,3.222506305050426,0.1234676007005254,25,train,-1,organic,,,0
UPI_00031,5,9,1.8,0.5555555555555556,287713.61,144078.62,0.5007709560609443,1.084397098034731,0.0,0.2727272727272727,0.2727272727272727,0.3845335820075065,0.03911368392232022,0.03636363636363636,1.4907349341481786,1.3484814844564348,5.000440818181695,0.11512415349887133,11,train,-1,organic,,,0
UPI_00032,4,7,1.75,0.5714285714285714,247106.11,71481.47,0.28927439469755123,0.2877056519339605,0.05454545454545454,0.0,0.0,0.6262065885212145,0.024334587494943924,0.06451612903225806,2.325837193496501,1.797968977867763,2.8184302793387737,0.12642986152919927,6,train,-1,organic,,,0
UPI_00033,3,6,2.0,0.5,120261.61,83888.56,0.6975505652717594,0.2912454819856953,0.04285714285714286,0.0,0.125,0.7903786608878912,0.015489295289148232,0.05263157894736842,1.4043747154433732,1.2906951175102825,2.3752093886363053,0.1281767955801105,9,train,-1,organic,,,0
UPI_00034,2,2,1.0,1.0,242103.58,250525.78,0.9663819323380026,1.6862277074693242,0.0,1.0,0.0,0.511205668756207,0.028286952105723722,0.05263157894736842,0.5766118924446183,0.529005614572857,9.500837554545221,0.12395709177592372,21,train,-1,organic,,,0
UPI_00035,4,2,0.5,0.5,2043092.45,1771180.65,0.8669116512360976,2.959609079505909,0.06666666666666667,1.0,0.0,0.5743454922870359,0.016916998431065873,0.041666666666666664,0.7357030885592651,0.8713850714974415,4.000352654545356,0.3680672268907563,31,train,-1,organic,,,0
UPI_00036,0,70,70.0,0.0,0.0,10937051.59,0.0,0.24082620613995356,0.0012422360248447205,0.0,0.0,1.0,0.09957007930886282,0.0425531914893617,0.45177520580872554,0.45380862821392404,2.0144633010389112,0.12321792260692464,7,train,-1,organic,,,0
UPI_00037,1,7,7.0,0.14285714285714285,168014.81,162941.58,0.9698048809523808,0.24348693321257983,0.0,0.0,0.0,1.0,0.02157554627585095,0.03333333333333333,1.859587655399783,1.6750568498176002,3.7503306136362715,0.11402027027027027,0,train,-1,organic,,,0
UPI_00038,1,5,5.0,0.2,42003.7,60169.56,0.6980888653828702,0.24328858614406598,0.0,0.0,0.0,1.0,0.016276981986304225,0.05555555555555555,1.388990366776957,1.206694445940707,3.000264490909017,0.1330166270783848,1,train,-1,organic,,,0
UPI_00039,3,4,1.3333333333333333,0.75,170463.64,44716.41,0.262322291745295,0.29396396055426366,0.0,0.0,0.16666666666666666,0.47400463418930117,0.01579347243022057,0.045454545454545456,1.4940753417887407,1.459034385287535,3.6669899333332427,0.11376146788990826,15,train,-1,organic,,,0
UPI_00040,1,2,2.0,0.5,108598.31,216806.75,0.5008991287510671,0.5672848466551996,0.0,0.6666666666666666,0.0,1.0,0.013444704231248912,0.05263157894736842,0.4075590097123723,0.33286894479538054,6.3338917030301465,0.12661498708010335,14,train,-1,organic,,,0
UPI_00041,2,7,3.5,0.2857142857142857,302611.32,118111.92,0.3903090057710794,0.26133354315444357,0.0,0.0,0.0,0.792456050503227,0.01324906275148684,0.05555555555555555,1.3350599515017776,1.2641743313596354,2.000176327272678,0.12661498708010335,14,train,-1,organic,,,0
UPI_00042,2,7,3.5,0.2857142857142857,195630.08,100223.36,0.5123105677679731,0.296452513247237,0.0,0.0,0.125,0.8793578814238803,0.02247335819633177,0.03225806451612903,2.295625174478667,1.8758597900828025,3.875341634090814,0.10630407911001236,13,train,-1,organic,,,0
UPI_00043,1,6,6.0,0.16666666666666666,167014.72,139498.26,0.8352452694610778,0.243732248474595,0.0,0.0,0.0,1.0,0.009106442048879412,0.07692307692307693,1.1931667519860913,1.1168315263329989,1.857306589610344,0.11626248216833096,29,train,-1,organic,,,0
UPI_00044,3,9,3.0,0.3333333333333333,136502.08,128629.35,0.9423251731536475,0.3620043956072126,0.0,0.0,0.2,0.6851220540654009,0.027539415271226025,0.02702702702702703,2.755888737763862,1.7890440314603147,3.7003262054544543,0.12013536379018612,23,train,-1,organic,,,0
UPI_00045,23,0,0.0,0.0,1050492.61,0.0,0.0,1.1264816360195058,0.0,0.0,0.0,0.05545294390444376,0.03740883494223585,0.038461538461538464,0.4205764198047119,0.4346044928909329,2.2610688916995487,0.13686313686313686,22,train,-1,organic,,,0
UPI_00046,1,8,8.0,0.125,214018.87,176413.05,0.8242873831775701,0.24579742636011256,0.0,0.0,0.0,1.0,0.02845918478581967,0.05263157894736842,2.3826479727099423,1.9259298170506736,4.222594468686765,0.1281767955801105,9,train,-1,organic,,,0
UPI_00047,1,3,3.0,0.3333333333333333,220019.4,21044.61,0.09564886363636364,0.2431947146323492,0.0,0.0,0.0,1.0,0.008754834538187038,0.125,1.5331343143649785,1.5325283081724037,2.000176327272678,0.13090257023311416,5,train,-1,organic,,,0
UPI_00048,47,2,0.0425531914893617,0.0425531914893617,1244691.24,285235.7,0.22916180877538506,3.5083606130998763,0.012755102040816327,0.11904761904761904,0.0,0.11702961602124476,0.14470417104141758,0.00966183574879227,3.7730024585498523,3.5188622140470343,4.2248622423004525,0.1281767955801105,9,train,-1,organic,,,0
UPI_00049,4,4,1.0,1.0,323298.16,25347.82,0.07840386258333058,1.15518067211161,0.0,0.6666666666666666,0.14285714285714285,0.311135665272783,0.02286125243942661,0.0625,1.3144951817612016,1.4409279030685433,4.571831605194692,0.12395709177592372,21,train,-1,organic,,,0
UPI_00050,1,6,6.0,0.16666666666666666,123510.89,98252.22,0.7954944129554655,0.24197719481743793,0.07142857142857142,0.0,0.0,1.0,0.009172157575968608,0.08333333333333333,1.7945334386860685,1.4674749007750105,1.7144368519480095,0.12013536379018612,23,train,-1,organic,,,0
UPI_00051,1,4,4.0,0.25,258022.75,129216.57,0.5007952713178294,0.24337124942681343,0.0,0.0,0.0,1.0,0.012012573159907369,0.11764705882352941,1.7520645854639643,1.4595600570716998,3.4002997563635526,0.1234676007005254,25,train,-1,organic,,,0
UPI_00052,3,5,1.6666666666666667,0.6,564154.52,664138.09,0.8494536512900247,0.9515492596606675,0.0,0.25,0.0,0.8311026039760048,0.0373061028819415,0.08695652173913043,0.5173499793019533,0.8307699415362115,5.7505069409089495,0.13686313686313686,22,train,14,fast_cycle,14,fast_cycle,1
UPI_00053,2,4,2.0,0.5,140006.95,73657.36,0.5260978976262015,0.8349464293654894,0.0,0.0,0.0,0.8797566689927636,0.01502672809692054,0.05555555555555555,1.661735634152273,1.5224492133455623,3.000264490909017,0.11626248216833096,29,train,-1,organic,,,0
UPI_00054,2,8,4.0,0.25,84915.37,81342.71,0.9579268732183631,0.2748417345839544,0.022727272727272728,0.0,0.1111111111111111,0.8910774191199571,0.026208165216273525,0.05714285714285714,2.816627364169859,2.0302990588880654,3.8892317474746516,0.12167606768734891,26,train,-1,organic,,,0
UPI_00055,19,5,0.2631578947368421,0.2631578947368421,924796.68,28535.51,0.03085597764890085,0.8066239348795953,0.02355072463768116,0.3125,0.0,0.0770867698253176,0.035986411894576076,0.06,0.681182235423752,0.7025421935462466,2.0835170075757063,0.145478374836173,30,train,-1,organic,,,0
UPI_00056,4,8,2.0,0.5,280458.58,132454.74,0.47227913205630734,0.5376438154449443,0.0078125,0.0,0.2,0.745193079336837,0.019533606919584914,0.04,1.919153936829648,1.708027872201397,2.5002204090908475,0.10630407911001236,13,train,-1,organic,,,0
UPI_00057,1,4,4.0,0.25,184016.22,23424.78,0.12729733695652173,0.24579742636011256,0.0,0.0,0.0,1.0,0.013548157460488998,0.10526315789473684,2.5495912413499884,1.8480637971491023,3.8003350218180882,0.12260967379077616,20,train,-1,organic,,,0
UPI_00058,1,100,100.0,0.01,8269.31,16106919.92,0.0005134010120766198,0.2532714829120873,0.0004950495049504951,0.0,0.0,1.0,0.1404658784970151,0.035175879396984924,0.4175987792487579,0.42239861076446367,1.970470738253777,0.12661498708010335,14,train,-1,organic,,,0
UPI_00059,4,7,1.75,0.5714285714285714,213116.72,86579.33,0.40625312503035577,0.4660473721414731,0.009615384615384616,0.5,0.375,0.5062126338394748,0.022645777627797976,0.06451612903225806,1.7597812069787258,1.6313963747740257,3.875341634090814,0.1234676007005254,25,train,-1,organic,,,0
UPI_00060,3,8,2.6666666666666665,0.375,267945.34,106619.79,0.39791618984828847,0.3596949488910152,0.0,0.0,0.2222222222222222,0.7491965191050967,0.02846161331127761,0.05128205128205128,2.617445575763403,2.0283561918719375,4.3337153757574685,0.12436224489795919,8,train,-1,organic,,,0
UPI_00061,6,11,1.8333333333333333,0.5454545454545454,385084.63,156743.25,0.40703584785254754,1.5208285036212434,0.022556390977443608,0.38461538461538464,0.21428571428571427,0.429049990829298,0.0430349517885079,0.04918032786885246,2.248229721328389,2.194276469194838,4.357526998701191,0.12611377655928718,32,train,-1,organic,,,0
UPI_00062,1,3,3.0,0.3333333333333333,133011.73,38391.76,0.2886344360902256,0.2435397953398505,0.0,0.0,0.0,1.0,0.008546191063042146,0.1,1.4592968144912934,1.3645971991493548,2.5002204090908475,0.12436224489795919,8,train,-1,organic,,,0
UPI_00063,3,11,3.6666666666666665,0.2727272727272727,276405.32,579771.08,0.4767490586877661,0.29321245896330206,0.016666666666666666,0.0,0.07692307692307693,0.8499564892640565,0.026795840376708777,0.05263157894736842,2.9339493420445706,2.3012910157544275,2.92333463216776,0.11764705882352941,18,train,-1,organic,,,0
UPI_00064,18,1,0.05555555555555555,0.05555555555555555,944636.05,144342.6,0.15280234687152525,1.3054809029753194,0.008771929824561403,0.0,0.0,0.06989149253135798,0.037177842312945825,0.038461538461538464,0.930415477756578,1.1430933853346248,2.737083395215244,0.12436224489795919,8,train,-1,organic,,,0
UPI_00065,1,2,2.0,0.5,93882.91,98880.22,0.9494609670127389,0.8807605829077981,0.0,0.6666666666666666,0.0,1.0,0.01772037979039908,0.041666666666666664,0.4481712358999738,0.39175334846479515,8.000705309090712,0.1407942238267148,2,train,-1,organic,,,0
UPI_00066,2,6,3.0,0.3333333333333333,66946.02,158873.33,0.4213798724557048,0.34640330471476677,0.0,0.0,0.14285714285714285,0.8141445705744326,0.020227914657079536,0.08,1.9124968995655904,1.4440870118182374,3.571743441558354,0.12013536379018612,23,train,-1,organic,,,0
UPI_00067,2,9,4.5,0.2222222222222222,139972.41,116316.38,0.8309950830976292,0.31575032281034954,0.009259259259259259,0.2,0.1,0.8678012232436085,0.03319442812297869,0.0425531914893617,2.383159874213645,1.9226351619703348,4.700414369090794,0.1234676007005254,25,train,-1,organic,,,0
UPI_00068,1,7,7.0,0.14285714285714285,251022.13,148494.42,0.5915590836653387,0.2431947146323492,0.0,0.0,0.0,1.0,0.020361247173521897,0.041666666666666664,2.07754066466217,1.6755888920955264,3.000264490909017,0.12260967379077616,20,train,-1,organic,,,0
UPI_00069,5,1,0.2,0.2,2750510.69,452244.91,0.16442215952304462,5.449130315433821,0.0,0.6666666666666666,0.0,0.2844674173629024,0.02369885222149809,0.06060606060606061,0.6957030082442015,0.6726157231548707,5.500484899999865,0.110055423594616,17,train,-1,organic,,,0
UPI_00070,1,4,4.0,0.25,258022.75,75510.13,0.2926491085271318,0.24348693321257983,0.0,0.0,0.0,1.0,0.009916071472839605,0.08333333333333333,1.6591416649349644,1.4962317004663934,2.4002115927272136,0.1281767955801105,9,train,-1,organic,,,0
UPI_00071,3,5,1.6666666666666667,0.6,150216.42,88562.97,0.5895691422778132,0.28347962689271056,0.018518518518518517,0.0,0.14285714285714285,0.805706592441352,0.024145943163838696,0.10526315789473684,1.5706504967754769,1.5316732229161258,2.714525015584349,0.12321792260692464,7,train,-1,organic,,,0
UPI_00072,44,4,0.09090909090909091,0.09090909090909091,794865.0,1109458.99,0.7164437915521799,4.17924781050693,0.014627659574468085,0.3488372093023256,0.0,0.04526588149043866,0.17371126386909672,0.012195121951219513,3.041433623707502,2.470098470106087,5.125451838636238,0.12611377655928718,32,train,-1,organic,,,0
UPI_00073,5,8,1.6,0.625,88574.49,328767.43,0.2694138151469656,0.7454299749934764,0.27631578947368424,0.8,0.18181818181818182,0.7623144787782228,0.02351859212144023,0.06451612903225806,1.2184120330459403,1.4079392385159977,2.8184302793387737,0.13686313686313686,22,train,-1,organic,,,0
UPI_00074,1,7,7.0,0.14285714285714285,158013.93,71156.83,0.45032,0.24346976723146607,0.0,0.0,0.0,1.0,0.016862942766805663,0.043478260869565216,2.192221739896853,1.7136351032038413,2.8752534704544748,0.12547528517110265,28,train,-1,organic,,,0
UPI_00075,1,4,4.0,0.25,160014.11,35644.86,0.22276075,0.2431153232862354,0.0,0.0,0.0,1.0,0.00921724273011316,0.08333333333333333,1.7679900852665291,1.4685947747184869,2.4002115927272136,0.11402027027027027,0,train,-1,organic,,,0
UPI_00076,1,4,4.0,0.25,105009.26,20487.23,0.1950992380952381,0.24312818349492235,0.05,0.0,0.0,1.0,0.011329072203533914,0.13333333333333333,2.0724000095420463,1.7752885607982483,3.000264490909017,0.12661498708010335,14,train,-1,organic,,,0
UPI_00077,5,10,2.0,0.5,170519.92,132032.6,0.774294273906162,1.4467915298305078,0.06666666666666667,0.0,0.0,0.5409324391557313,0.02878950096052776,0.024390243902439025,2.5842261148022727,2.0382360554111543,2.7335743139393265,0.11778115501519756,19,train,-1,organic,,,0
UPI_00078,3,7,2.3333333333333335,0.42857142857142855,143829.24,187424.89,0.7673966749724145,0.30313934808195414,0.0,0.0,0.25,0.5615230323889119,0.01934569746314615,0.07407407407407407,1.3737621553904895,1.211690198103686,3.3752975522726443,0.13686313686313686,22,train,-1,organic,,,0
UPI_00079,7,13,1.8571428571428572,0.5384615384615384,266208.46,194432.49,0.7303768330438167,0.41545281033249104,0.042328042328042326,0.2857142857142857,0.05263157894736842,0.495850911956266,0.02609846498807765,0.058823529411764705,1.6580542964430476,1.7154268026524473,1.7896314507176594,0.1,3,train,-1,organic,,,0
UPI_00080,2,4,2.0,0.5,69005.3,47879.83,0.6938572638937078,0.2575765872970606,0.03333333333333333,0.0,0.0,0.9714562082679321,0.011985526568673889,0.09090909090909091,1.0846465954110716,1.1553891842283037,1.8334949666666214,0.13686313686313686,22,train,-1,organic,,,0
UPI_00081,35,3,0.08571428571428572,0.08571428571428572,757243.61,1899029.18,0.39875301191618606,3.6466844092252466,0.009246088193456615,0.0,0.0,0.15735321308906,0.12924172498859718,0.01639344262295082,3.149289511680291,2.318297974502092,4.816214051196054,0.12436224489795919,8,train,-1,organic,,,0
UPI_00082,34,5,0.14705882352941177,0.14705882352941177,517817.45,3242288.73,0.15970738335860218,2.6886375545200436,0.01417004048582996,0.25,0.0,0.05305464640823738,0.12571381179316982,0.011363636363636364,2.6452135784310684,2.9147330043570476,4.513218379487069,0.11764705882352941,18,train,-1,organic,,,0
UPI_00083,3,9,3.0,0.3333333333333333,193201.03,115574.62,0.5982091166970349,0.3428351684372755,0.03125,0.0,0.2,0.6328420800546574,0.026813573047228093,0.05555555555555555,1.98619359604959,1.8505548451382765,3.6003173890908204,0.12436224489795919,8,train,-1,organic,,,0
UPI_00084,1,4,4.0,0.25,213018.78,61561.33,0.2889948356807512,0.24300263629185762,0.0,0.0,0.0,1.0,0.010893400856900982,0.07692307692307693,1.7650871640792873,1.5144813031949862,2.6002292254544814,0.13686313686313686,22,train,-1,organic,,,0
UPI_00085,2,6,3.0,0.3333333333333333,163408.65,119073.88,0.7286877432154278,0.27453885577566717,0.0,0.2857142857142857,0.14285714285714285,0.9304551645545667,0.017710462278486393,0.08,1.419014592788933,1.3800813115305115,3.571743441558354,0.11764705882352941,18,train,-1,organic,,,0
UPI_00086,2,8,4.0,0.25,54276.89,77114.93,0.7038441990487903,0.25916599021688463,0.011111111111111112,0.0,0.0,0.9900226583266891,0.022647286984769307,0.0625,1.6731077068757,1.4984735804912923,3.200282123636285,0.12611377655928718,32,train,-1,organic,,,0
UPI_00087,43,4,0.09302325581395349,0.09302325581395349,692764.82,1755680.01,0.3945848992749315,2.6594513698335294,0.01757631822386679,0.28125,0.0,0.05499916693770797,0.1400982839133573,0.010050251256281407,2.3368822948125363,2.0124656595785457,4.234415841779393,0.11764705882352941,18,train,-1,organic,,,0
UPI_00088,2,6,3.0,0.3333333333333333,154994.39,97964.1,0.632049287675958,0.3008952431518719,0.017857142857142856,0.0,0.0,0.9499488269674632,0.020100868307879126,0.07407407407407407,2.1152018986903705,1.7389559733686117,3.3752975522726443,0.13090257023311416,5,train,-1,organic,,,0
UPI_00089,3,6,2.0,0.5,238374.59,107147.19,0.4494907943065089,0.29831276130229745,0.029411764705882353,0.0,0.2857142857142857,0.8402044769982537,0.016573780948187684,0.045454545454545456,1.9663928462026314,1.644663220337628,3.143134228571351,0.1,3,train,-1,organic,,,0
UPI_00090,1,6,6.0,0.16666666666666666,276024.33,134793.97,0.48834090579710143,0.24312818349492235,0.0,0.0,0.0,1.0,0.021294799885920715,0.03571428571428571,2.390054123788821,1.857790476035049,4.000352654545356,0.12321792260692464,7,train,-1,organic,,,0
UPI_00091,2,8,4.0,0.25,120680.89,81038.96,0.6715144785065085,0.27856353415786556,0.0,0.375,0.1111111111111111,0.8525685111589634,0.024971722887025444,0.030303030303030304,2.1515093378467376,1.6202949071620905,3.6669899333332427,0.13090257023311416,5,train,-1,organic,,,0
UPI_00092,1,3,3.0,0.3333333333333333,76506.74,20790.84,0.27175176470588236,0.24427917217240672,0.0,0.0,0.0,1.0,0.007747403348208609,0.09090909090909091,1.1629648486469197,1.2466590343431523,2.7502424499999325,0.11512415349887133,11,train,-1,organic,,,0
UPI_00093,1,5,5.0,0.2,190016.75,149815.33,0.7884322105263157,0.243419573033526,0.0,0.0,0.0,1.0,0.015772194983273684,0.1111111111111111,1.465244125348313,1.419373696480957,3.000264490909017,0.12395709177592372,21,train,-1,organic,,,0
UPI_00094,2,6,3.0,0.3333333333333333,167878.94,99959.75,0.5954275880482872,0.41489091747463636,0.037037037037037035,0.42857142857142855,0.14285714285714285,0.8484598223359858,0.017737142640918642,0.04,1.8810972783215134,1.6071914543766577,3.571743441558354,0.145478374836173,30,train,-1,organic,,,0
UPI_00095,1,4,4.0,0.25,44003.88,57823.47,0.761003812456145,0.2446823537116759,0.0,0.0,0.0,1.0,0.01121145594873624,0.06666666666666667,1.0893095065933096,1.0535269289988416,3.000264490909017,0.110055423594616,17,train,-1,organic,,,0
UPI_00096,2,5,2.5,0.4,128768.23,87512.7,0.6796140913013736,0.3891906042002412,0.0,0.0,0.16666666666666666,0.644604687802885,0.017722146283190052,0.08333333333333333,1.406755160498545,1.3660878408745154,4.000352654545356,0.11228070175438597,10,train,-1,organic,,,0
UPI_00097,1,4,4.0,0.25,255022.48,92983.93,0.36461070588235295,0.2429492733378004,0.05,0.0,0.0,1.0,0.00866940030080192,0.09090909090909091,1.5037773514574049,1.4073254906444677,2.200193959999946,0.1,3,train,-1,organic,,,0
UPI_00098,0,81,81.0,0.0,0.0,13062651.55,0.0,0.24082620613995356,0.000462962962962963,0.0,0.0,1.0,0.11367605736286845,0.049689440993788817,0.4193381274849496,0.42528892663313567,1.9878295598203775,0.10567514677103718,27,train,-1,organic,,,0
UPI_00099,3,8,2.6666666666666665,0.375,227154.3,87430.24,0.3848935968626136,0.6358093810818749,0.0,0.3333333333333333,0.1,0.5120689621556782,0.02464399376455616,0.0625,1.708734523898949,1.563238808104171,3.200282123636285,0.12642986152919927,6,train,-1,organic,,,0
UPI_00100,3,8,2.6666666666666665,0.375,98192.32,65420.96,0.6662533256552058,0.3016514272222358,0.018867924528301886,0.0,0.2222222222222222,0.9369564445030193,0.025607304088316747,0.05555555555555555,2.3406451137878364,1.8492236610495223,4.000352654545356,0.12321792260692464,7,train,-1,organic,,,0
UPI_00101,2,6,3.0,0.3333333333333333,241256.56,140672.91,0.5830842991504269,0.2619315737268059,0.0,0.0,0.14285714285714285,0.9816396865680586,0.014770186041594966,0.058823529411764705,1.6224754368236216,1.4859575713127153,2.42878554025968,0.1234676007005254,25,train,-1,organic,,,0
UPI_00102,2,4,2.0,0.5,106076.94,43364.64,0.4088036694338016,0.8200055176484998,0.0,0.0,0.0,0.521378504115572,0.015540580454312057,0.05263157894736842,1.1505046766685514,1.121849365010191,3.1669458515150732,0.1281767955801105,9,train,-1,organic,,,0
UPI_00103,1,3,3.0,0.3333333333333333,180015.87,21521.03,0.11955072222222221,0.24322241648606138,0.0,0.0,0.0,1.0,0.00734488853564912,0.1111111111111111,1.6162359921473823,1.5454830189500326,2.2501983681817626,0.11764705882352941,18,train,-1,organic,,,0
UPI_00104,1,3,3.0,0.3333333333333333,84837.42,175112.47,0.484473894274506,1.0816497906583895,0.0,0.75,0.0,1.0,0.017263289136116237,0.08695652173913043,0.5629417319230194,0.540517264302214,5.7505069409089495,0.11512415349887133,11,train,-1,organic,,,0
UPI_00105,1,9,9.0,0.1111111111111111,349530.81,189099.66,0.5410099856938483,0.24435855070188842,0.0,0.0,0.0,1.0,0.018499423968256885,0.038461538461538464,1.7524553585835927,1.7227491424411685,2.6002292254544814,0.11778115501519756,19,train,-1,organic,,,0
UPI_00106,2,4,2.0,0.5,228597.53,44711.41,0.19559008857306875,0.2720161770237868,0.0,0.0,0.2,0.9777027969857133,0.015400344796608501,0.1,2.4330353028086344,1.8059926892393934,4.000352654545356,0.1234676007005254,25,train,-1,organic,,,0
UPI_00107,1,6,6.0,0.16666666666666666,204017.99,245331.22,0.8316022215030402,0.24348693321257983,0.0,0.0,0.0,1.0,0.014959705755515931,0.1111111111111111,1.4028862451509088,1.4000475960090142,2.571655277922015,0.1330166270783848,1,train,-1,organic,,,0
UPI_00108,5,7,1.4,0.7142857142857143,370294.23,143483.79,0.3874858853169188,2.191720265413297,0.0,0.8,0.09090909090909091,0.3753845750410515,0.03492632122756317,0.041666666666666664,1.7897217431232662,1.6680235935175902,4.364021077685843,0.110055423594616,17,train,-1,organic,,,0
UPI_00109,1,5,5.0,0.2,75006.61,30717.49,0.40953039999999996,0.24312818349492235,0.0,0.0,0.0,1.0,0.02012119426474102,0.10714285714285714,2.5115767013039245,1.862644758449855,4.667078096969583,0.110055423594616,17,train,-1,organic,,,0
UPI_00110,2,6,3.0,0.3333333333333333,75968.9,73609.86,0.9689473185347449,0.26644767589962115,0.07142857142857142,0.0,0.0,0.9749872441913872,0.011265609029385636,0.0625,1.2539050150020883,1.5844641462145233,2.000176327272678,0.12013536379018612,23,train,-1,organic,,,0
UPI_00111,3,5,1.6666666666666667,0.6,148459.28,56350.38,0.3795679094222628,0.3136370490637141,0.0,0.0,0.14285714285714285,0.7052307081113928,0.016431589814406025,0.09090909090909091,1.8124573039495742,1.6543598632947312,3.143134228571351,0.1,3,train,-1,organic,,,0
UPI_00112,1,7,7.0,0.14285714285714285,75006.61,67890.02,0.9051205333333332,0.24285468123492607,0.017857142857142856,0.0,0.0,1.0,0.023189467380724353,0.07142857142857142,1.8627198224235222,1.464065282601911,3.5003085727271865,0.1,3,train,-1,organic,,,0
UPI_00113,3,8,2.6666666666666665,0.375,136865.36,178194.28,0.7680681801408553,0.6832298131358471,0.0,0.25,0.1,0.876925582086667,0.015532871635721212,0.045454545454545456,1.9115479800842723,1.6701270823499157,2.200193959999946,0.11512415349887133,11,train,-1,organic,,,0
UPI_00114,1,6,6.0,0.16666666666666666,227020.01,94010.11,0.41410493392070485,0.243732248474595,0.0,0.0,0.0,1.0,0.013390852734753465,0.058823529411764705,1.886968013440057,1.6738783280956353,2.42878554025968,0.12321792260692464,7,train,-1,organic,,,0
UPI_00115,38,10,0.2631578947368421,0.2631578947368421,3627462.0,187054.85,0.051566315477974266,11.813446394713383,0.006211180124223602,0.32432432432432434,0.02127659574468085,0.033078500540987876,0.09177484167524695,0.047619047619047616,0.9080704424670604,0.6554867959230987,2.6810874174080577,0.11626248216833096,29,train,15,layered_fanin,15,layered_fanin,1
UPI_00116,2,5,2.5,0.4,249187.47,88364.29,0.3546096871356588,0.27740201979890167,0.0,0.0,0.16666666666666666,0.9291366659584974,0.018944637271972233,0.08695652173913043,2.2465120460408445,1.6873490380292773,3.8336712939393,0.110055423594616,17,train,-1,organic,,,0
UPI_00117,4,11,2.75,0.36363636363636365,113719.76,119311.89,0.9531301275081752,0.2971378677072678,0.00980392156862745,0.0,0.25,0.7807171861356408,0.02700415751508409,0.05555555555555555,2.0601732335372036,1.6131566190604765,3.000264490909017,0.110055423594616,17,train,-1,organic,,,0
UPI_00118,3,6,2.0,0.5,164199.9,39306.56,0.23938233979606716,0.5273451039781301,0.029411764705882353,0.0,0.2857142857142857,0.8284307411566302,0.016249680443468553,0.045454545454545456,2.2422513677180302,1.994517091695987,3.143134228571351,0.12642986152919927,6,train,-1,organic,,,0
UPI_00119,6,7,1.1666666666666667,0.8571428571428571,5319355.48,4016474.86,0.7550679530850304,10.744623843159196,0.00641025641025641,0.9,0.0,0.27037462424439873,0.043012764706203986,0.03389830508474576,0.6220329741363981,0.8137236381604377,4.538861665734154,0.3680672268907563,31,train,-1,organic,,,0
UPI_00120,1,1,1.0,1.0,14822.07,178.5,0.012042567317735392,0.24837456280535092,0.0,0.0,0.0,1.0,0.005407963225850064,0.5,0.9762014608740177,0.9762014608740177,1.000088163636339,0.145478374836173,30,train,-1,organic,,,0
UPI_00121,3,7,2.3333333333333335,0.42857142857142855,203090.52,232856.97,0.8721685488749098,0.38015328838335377,0.023255813953488372,0.0,0.25,0.5451714895139583,0.02678912557104955,0.02857142857142857,1.5749811237225897,1.231480160819616,4.375385715908983,0.12321792260692464,7,train,-1,organic,,,0
UPI_00122,4,7,1.75,0.5714285714285714,149507.54,100345.82,0.6711756216087349,0.4127767327949731,0.0,0.0,0.375,0.49058040663799163,0.02461456784239437,0.029411764705882353,1.5189864562646926,1.545465594074528,4.250374695454441,0.12611377655928718,32,train,-1,organic,,,0
UPI_00123,2,2,1.0,1.0,375561.6,263279.83,0.7010296875211784,1.6671471250493557,0.0,1.0,0.0,0.533001241078749,0.030143986550390394,0.04878048780487805,0.38349562659034625,0.3131687232005153,10.250903677272476,0.11778115501519756,19,train,-1,organic,,,0
UPI_00124,2,6,3.0,0.3333333333333333,94571.5,36719.93,0.3882768934540681,0.3058755076300179,0.0,0.0,0.14285714285714285,0.6975320063417689,0.020046659885926795,0.038461538461538464,1.9245190261757943,1.7791009965140887,3.714613179220688,0.145478374836173,30,train,-1,organic,,,0
UPI_00125,5,5,1.0,1.0,416328.02,26922.95,0.064667646685499,1.261351261103905,0.0,0.3333333333333333,0.1111111111111111,0.2784409070000401,0.02902247924725599,0.024390243902439025,1.454143949782328,1.6035694630506814,4.555957189898877,0.12260967379077616,20,train,-1,organic,,,0
UPI_00126,2,7,3.5,0.2857142857142857,277877.21,151433.46,0.5449653883167093,0.2698163001964506,0.0,0.0,0.125,0.8735047339300333,0.020875023394422768,0.034482758620689655,2.1975516429464546,1.7929123324595315,3.625319593181729,0.10567514677103718,27,train,-1,organic,,,0
UPI_00127,4,8,2.0,0.5,235515.92,204465.53,0.8681601354354798,0.3493983245687061,0.0,0.0,0.3333333333333333,0.8147066400157816,0.027063572688344563,0.05263157894736842,2.0684573634926378,1.7790176655354983,4.222594468686765,0.11626248216833096,29,train,-1,organic,,,0
UPI_00128,1,4,4.0,0.25,185016.31,72878.78,0.39390464864864866,0.2434528213270333,0.0,0.0,0.0,1.0,0.010423817686375755,0.09090909090909091,1.4431841155651421,1.5074961331231997,2.200193959999946,0.11376146788990826,15,train,-1,organic,,,0
UPI_00129,1,8,8.0,0.125,69006.08,85476.98,0.8073060967756428,0.2431153232862354,0.0,0.0,0.0,1.0,0.029632865658720933,0.04878048780487805,1.9607388839523054,1.604636826273495,4.555957189898877,0.12167606768734891,26,train,-1,organic,,,0
UPI_00130,3,5,1.6666666666666667,0.6,81716.57,55213.54,0.6756712235083933,0.3998135960903688,0.0,0.0,0.14285714285714285,0.6739768775901281,0.014306848860064168,0.05263157894736842,1.2966424254061495,1.2833776857313677,2.714525015584349,0.16923076923076924,16,train,-1,organic,,,0
UPI_00131,2,7,3.5,0.2857142857142857,269175.89,133350.09,0.4954013001418974,0.30005409312298453,0.0,0.25,0.125,0.9343051676542831,0.022512898014487467,0.07407407407407407,2.2763512387849825,1.8053670220974045,3.3752975522726443,0.11778115501519756,19,train,-1,organic,,,0
UPI_00132,2,8,4.0,0.25,227115.53,127620.64,0.5619194760829925,0.27322894630216893,0.0,0.0,0.1111111111111111,0.8835677479452038,0.024056484625901615,0.06666666666666667,2.2160712284938926,1.9181677779652457,3.3336272121211303,0.12167606768734891,26,train,-1,organic,,,0
UPI_00133,1,3,3.0,0.3333333333333333,223519.7,60461.18,0.27049597315436247,0.24425988185937628,0.0,0.0,0.0,1.0,0.008803428609390446,0.08333333333333333,1.2865448240697293,1.3901457581485814,3.000264490909017,0.11376146788990826,15,train,-1,organic,,,0
UPI_00134,2,6,3.0,0.3333333333333333,83825.47,84954.8,0.9867067008949431,0.2637816116305614,0.0,0.0,0.14285714285714285,0.8916433232165979,0.019717280321374816,0.038461538461538464,1.561990680662216,1.4093401263402692,3.714613179220688,0.12547528517110265,28,train,-1,organic,,,0
UPI_00135,7,5,0.7142857142857143,0.7142857142857143,4528063.1,3249594.79,0.7176566939182182,8.825241339595765,0.007575757575757576,1.0,0.0,0.1678543830780229,0.0402539372156281,0.03508771929824561,0.5240291172074971,0.5121994328055764,4.7504187772726105,0.3680672268907563,31,train,-1,organic,,,0
UPI_00136,2,2,1.0,1.0,653935.43,624572.7,0.955098428333197,3.158009203243593,0.08333333333333333,1.0,0.0,0.5116732365382467,0.011959992652030658,0.058823529411764705,0.29441737569272103,0.267176321223734,4.250374695454441,0.3680672268907563,31,train,-1,organic,,,0
UPI_00137,2,7,3.5,0.2857142857142857,72481.51,143848.27,0.5038747364264992,0.2587655929925887,0.06944444444444445,0.0,0.0,0.9601215922647446,0.016366750780468762,0.09090909090909091,1.4228696458048904,1.2467259714433494,2.4446599555554958,0.11778115501519756,19,train,-1,organic,,,0
UPI_00138,3,10,3.3333333333333335,0.3,106713.74,117608.32,0.9073655620697468,0.32376536720906135,0.013157894736842105,0.0,0.18181818181818182,0.6299032187496684,0.033756896428450034,0.041666666666666664,1.7582543335217866,1.578731148338742,4.364021077685843,0.12013536379018612,23,train,-1,organic,,,0
UPI_00139,10,22,2.2,0.45454545454545453,469098.42,292720.2,0.6240059232024793,0.5344238974989691,0.06720977596741344,0.42857142857142855,0.18518518518518517,0.38838750752368306,0.04764969996066175,0.029411764705882353,2.8708601477454025,1.9635565131056056,2.5187405602692983,0.11402027027027027,0,train,-1,organic,,,0
UPI_00140,4,11,2.75,0.36363636363636365,140546.12,197652.27,0.7110776768368534,1.338772956645052,0.029411764705882353,0.18181818181818182,0.25,0.6403240155465576,0.03416782264284734,0.022222222222222223,1.6962506209266344,1.3758652235272266,3.7503306136362715,0.11626248216833096,29,train,-1,organic,,,0
UPI_00141,2,3,1.5,0.6666666666666666,260637.47,39493.79,0.1515276836679342,0.7330473231571485,0.0,0.0,0.0,0.5817588342346983,0.014943898115823511,0.05263157894736842,1.7024638289509582,1.2685062646994287,3.8003350218180882,0.1407942238267148,2,train,-1,organic,,,0
UPI_00142,2,7,3.5,0.2857142857142857,120005.18,66656.47,0.5554465784293626,0.24951640174858059,0.013888888888888888,0.0,0.0,0.9835599926548522,0.019371409712490018,0.037037037037037035,2.2008298936260235,1.9909342779561239,3.000264490909017,0.10888252148997135,12,train,-1,organic,,,0
UPI_00143,3,3,1.0,1.0,238967.64,24410.14,0.10214831709030181,0.749971263653612,0.0,0.4,0.0,0.4489453616469431,0.013997427756640028,0.1111111111111111,1.2740755882167536,1.2176952091667894,3.000264490909017,0.12611377655928718,32,train,-1,organic,,,0
UPI_00144,1,5,5.0,0.2,122010.76,74319.1,0.609119262295082,0.2422792273072743,0.0,0.0,0.0,1.0,0.009894207559861673,0.08333333333333333,2.0680689087177098,1.6724705924344776,2.000176327272678,0.12642986152919927,6,train,-1,organic,,,0
UPI_00145,0,85,85.0,0.0,0.0,13446685.4,0.0,0.24082620613995356,0.0,0.0,0.0,1.0,0.12070597702429571,0.04678362573099415,0.45311523658263997,0.4545739169703577,2.011942070374282,0.11764705882352941,18,train,-1,organic,,,0
UPI_00146,5,2,0.4,0.4,4267415.08,2397627.66,0.5618454313216852,6.804257578931675,0.023809523809523808,0.5714285714285714,0.0,0.23349229240178254,0.02558638425300196,0.027777777777777776,0.3304738919374846,0.31749409209543994,5.14331055584403,0.12661498708010335,14,train,-1,organic,,,0
UPI_00147,1,5,5.0,0.2,114010.05,41312.33,0.3623569298245614,0.24312818349492235,0.0,0.0,0.0,1.0,0.009602545741571043,0.16666666666666666,1.5592231113381498,1.4669231773394873,2.000176327272678,0.12167606768734891,26,train,-1,organic,,,0
UPI_00148,1,3,3.0,0.3333333333333333,194408.67,343017.12,0.566760833533924,1.372793343335989,0.0,1.0,0.0,1.0,0.018709754538414763,0.07692307692307693,0.7750160878077863,0.6406719715404575,6.500573063636203,0.1234676007005254,25,train,-1,organic,,,0
UPI_00149,2,4,2.0,0.5,227594.08,40054.46,0.17599078313069302,1.4459132284264644,0.0,0.0,0.0,0.6693054868820458,0.015113045580945473,0.05,1.928567919918771,1.6875216769416095,3.3336272121211303,0.12547528517110265,28,train,-1,organic,,,0
UPI_00150,2,6,3.0,0.3333333333333333,271218.33,207957.63,0.7667536079835271,0.2975395214803803,0.0,0.5,0.14285714285714285,0.8021152934664317,0.015530288479217044,0.047619047619047616,1.508486923283722,1.354042858854842,3.000264490909017,0.11376146788990826,15,train,-1,organic,,,0
UPI_00151,2,6,3.0,0.3333333333333333,83757.69,31410.36,0.3750146118862127,0.28452916843674025,0.0,0.0,0.14285714285714285,0.7336379766894946,0.020351906264934574,0.03571428571428571,1.6967649545866745,1.5277397177712797,4.000352654545356,0.11402027027027027,0,train,-1,organic,,,0
UPI_00152,2,7,3.5,0.2857142857142857,287318.64,50543.21,0.17591342450682196,1.1819307760634419,0.0,0.4444444444444444,0.0,0.5891235903759897,0.02545812344950501,0.027777777777777776,1.4386163190331782,1.3968149481721273,4.000352654545356,0.11764705882352941,18,train,-1,organic,,,0
UPI_00153,1,4,4.0,0.25,414036.5,63718.15,0.153895,0.2446437710702434,0.0,0.0,0.0,1.0,0.010173756635315306,0.07692307692307693,1.5233527509630238,1.584956132177416,2.6002292254544814,0.1234676007005254,25,train,-1,organic,,,0
UPI_00154,4,7,1.75,0.5714285714285714,229814.49,70248.95,0.3056767787424428,0.3241023026464048,0.009433962264150943,0.4,0.2222222222222222,0.720848837049607,0.014982410531128434,0.047619047619047616,1.8917998065988508,1.7985307323367266,2.3335390484847913,0.11512415349887133,11,train,-1,organic,,,0
UPI_00155,3,5,1.6666666666666667,0.6,276875.97,66053.72,0.23856791704550986,0.6693466413491126,0.0,0.0,0.14285714285714285,0.520561833991217,0.01667264524147548,0.045454545454545456,0.9547426262915508,1.1050499776887273,3.143134228571351,0.110055423594616,17,train,-1,organic,,,0
UPI_00156,3,7,2.3333333333333335,0.42857142857142855,148747.57,257601.88,0.5774320182800496,0.44450620006734054,0.023255813953488372,0.5714285714285714,0.25,0.6830438671209741,0.02312236832219969,0.06060606060606061,1.6678254159250108,1.1594642758096063,4.125363674999899,0.12814645308924486,4,train,-1,organic,,,0
UPI_00157,3,10,3.3333333333333335,0.3,129846.42,189498.04,0.6852124692179434,0.3935980431934373,0.0,0.18181818181818182,0.18181818181818182,0.3922047004296715,0.04349215893413314,0.03278688524590164,1.2168623391921747,1.1876299323411224,5.545943452892426,0.12436224489795919,8,train,-1,organic,,,0
UPI_00158,3,8,2.6666666666666665,0.375,74926.33,45917.19,0.6128311744891732,0.3375230356190321,0.018518518518518517,0.0,0.1,0.4985771772551513,0.0258312541432654,0.05555555555555555,1.8467482254591658,1.3830830184004645,3.6003173890908204,0.145478374836173,30,train,-1,organic,,,0
UPI_00159,2,8,4.0,0.25,68311.66,92397.71,0.739322061929941,0.26615208437123394,0.022222222222222223,0.0,0.0,0.9910908561834497,0.02318534654872065,0.06060606060606061,1.745480208390875,1.5557736415004477,3.3002909399999187,0.10567514677103718,27,train,-1,organic,,,0
UPI_00160,159,1,0.006289308176100629,0.006289308176100629,3408464.66,116220.95,0.03409774114813918,8.760372071415144,0.0007468553459119497,0.16129032258064516,0.0,0.2705773534314771,0.2820215353417227,0.009925558312655087,4.08490242199836,4.452871406459735,2.518972062159029,0.10630407911001236,13,train,-1,organic,,,0
UPI_00161,2,7,3.5,0.2857142857142857,280992.15,74201.41,0.2640693378711792,0.31037596516714,0.014285714285714285,0.0,0.125,0.9931376426786405,0.03341693066729485,0.044444444444444446,3.6409494617550897,2.202083578354872,5.625495920454407,0.12611377655928718,32,train,-1,organic,,,0
UPI_00162,15,21,1.4,0.7142857142857143,485058.69,344006.64,0.7092062110207389,0.9145814715840531,0.0568,0.2727272727272727,0.16129032258064516,0.39060317759200286,0.06385481955750716,0.02197802197802198,3.0165847402577737,2.6514237163775687,2.935742673900221,0.145478374836173,30,train,-1,organic,,,0
UPI_00163,2,6,3.0,0.3333333333333333,115629.74,58119.84,0.5026374864804438,0.3113031412858844,0.0,0.0,0.14285714285714285,0.9557133752812708,0.015079273897058822,0.047619047619047616,2.0629958436438662,1.4608330776091751,3.000264490909017,0.13686313686313686,22,train,-1,organic,,,0
UPI_00164,2,7,3.5,0.2857142857142857,226491.08,41748.55,0.18432757273102074,0.27553122912878997,0.0,0.0,0.125,0.9870927998684349,0.021333812867313492,0.06896551724137931,3.0550361406932844,2.2441892667571657,3.625319593181729,0.12642986152919927,6,train,-1,organic,,,0
UPI_00165,3,9,3.0,0.3333333333333333,134195.08,120612.16,0.8987822995791205,0.33813727665459375,0.0,0.0,0.2,0.6928672701950368,0.028321388861544717,0.02564102564102564,1.8509192386011626,1.528608564155343,3.900343838181722,0.12167606768734891,26,train,-1,organic,,,0
UPI_00166,3,6,2.0,0.5,72691.94,74176.61,0.9799846487943181,0.5470144563051321,0.0,0.25,0.125,0.6575854496825153,0.017724623164664506,0.04,1.3038696669124286,1.2606134164637326,3.1252755113635593,0.1281767955801105,9,train,-1,organic,,,0
UPI_00167,1,5,5.0,0.2,120010.58,63484.18,0.5289881666666667,0.24435855070188842,0.0,0.0,0.0,1.0,0.010962850958417094,0.06666666666666667,1.1969934225354106,1.2485809134323071,2.5002204090908475,0.13686313686313686,22,train,-1,organic,,,0
UPI_00168,2,4,2.0,0.5,291711.39,97941.06,0.3357464561080426,0.6100345462942689,0.0,0.0,0.0,0.8982318301082783,0.014650660740011577,0.058823529411764705,1.8937264056107228,1.5902385925003968,2.833583130302961,0.12260967379077616,20,train,-1,organic,,,0
UPI_00169,1,4,4.0,0.25,130011.46,92928.03,0.714768,0.2435397953398505,0.0,0.0,0.0,1.0,0.01089545254541518,0.15384615384615385,1.2851316949582001,1.2544041351183273,2.6002292254544814,0.13169845594913715,24,train,-1,organic,,,0
UPI_00170,2,2,1.0,1.0,85400.85,124515.0,0.6858679743834777,3.9816973170578422,0.0,1.0,0.0,0.5337433819224086,0.024342506442158268,0.06060606060606061,0.6722876732507961,0.632508074764717,8.250727349999798,0.10888252148997135,12,train,-1,organic,,,0
UPI_00171,2,5,2.5,0.4,125610.45,40743.93,0.32436736550769596,0.3085488139074392,0.0,0.0,0.16666666666666666,0.9294430714233359,0.013056053384751617,0.05555555555555555,2.0218077160648247,1.6415724698801624,3.000264490909017,0.12642986152919927,6,train,-1,organic,,,0
UPI_00172,5,6,1.2,0.8333333333333334,193617.34,90531.25,0.4675782218692153,0.33750218466913884,0.009433962264150943,0.42857142857142855,0.2222222222222222,0.5249328130295923,0.0193496538346929,0.04,1.519234007975932,1.6148122464942287,2.778022676767608,0.11512415349887133,11,train,-1,organic,,,0
UPI_00173,2,7,3.5,0.2857142857142857,68129.6,91749.68,0.7425595087244509,0.3298000649241074,0.02857142857142857,0.25,0.125,0.7074135493924778,0.02126648231495787,0.03571428571428571,1.2770179890022968,1.401214856196942,3.5003085727271865,0.13090257023311416,5,train,-1,organic,,,0
UPI_00174,3,9,3.0,0.3333333333333333,85155.35,77880.3,0.9145672984775656,0.27493231682300934,0.023076923076923078,0.0,0.09090909090909091,0.9733705549963548,0.024513976371250554,0.030303030303030304,2.0068254625666015,1.7425521642550308,3.000264490909017,0.12013536379018612,23,train,-1,organic,,,0
UPI_00175,1,4,4.0,0.25,236020.81,64971.03,0.27527669491525425,0.2446823537116759,0.0,0.0,0.0,1.0,0.012103265057470336,0.06666666666666667,1.9468921448800682,1.5672068879478869,3.000264490909017,0.12260967379077616,20,train,-1,organic,,,0
UPI_00176,2,2,1.0,1.0,1562405.19,1111991.26,0.7117175935528836,2.6419532061015696,0.0,0.6666666666666666,0.0,0.5063078085215957,0.01359496350328694,0.05263157894736842,0.2661128775988406,0.5712147380703425,4.7504187772726105,0.3680672268907563,31,train,-1,organic,,,0
UPI_00177,3,8,2.6666666666666665,0.375,407632.01,170996.7,0.41948792587720485,1.1836002335268874,0.0,0.18181818181818182,0.0,0.3887459869790088,0.030458279482778794,0.024390243902439025,1.2303585118812617,1.3770275801940335,3.7276013371899905,0.12395709177592372,21,train,-1,organic,,,0
UPI_00178,3,6,2.0,0.5,248554.05,137311.75,0.5524422314152205,0.3349709677151812,0.0,0.2857142857142857,0.2857142857142857,0.8124766949766657,0.01854102717290538,0.04,1.9645604027885182,1.6418025156002596,3.571743441558354,0.1234676007005254,25,train,-1,organic,,,0
UPI_00179,1,5,5.0,0.2,399035.18,149912.72,0.375687969924812,0.24708084999399985,0.0,0.4,0.0,1.0,0.01485022487483382,0.047619047619047616,1.7462667048976208,1.5907154266939103,3.5003085727271865,0.1407942238267148,2,train,-1,organic,,,0
UPI_00180,4,6,1.5,0.6666666666666666,979010.51,888046.27,0.9070855332823522,0.6836414412579644,0.023255813953488372,0.2857142857142857,0.25,0.7314021314312916,0.041826556424256985,0.08,0.6683177886140873,1.1666498218252992,6.250551022727119,0.1407942238267148,2,train,2,fast_cycle,2,fast_cycle,1
UPI_00181,2,9,4.5,0.2222222222222222,138346.45,131700.22,0.9519595472560123,0.2785355659977843,0.037037037037037035,0.2222222222222222,0.1,0.8375746363020524,0.029180798951153962,0.05128205128205128,1.9773029678929288,1.5982903576575178,3.900343838181722,0.110055423594616,17,train,-1,organic,,,0
UPI_00182,36,4,0.1111111111111111,0.1111111111111111,706619.57,1267856.95,0.5573338326555499,3.2170470465319196,0.016666666666666666,0.25806451612903225,0.0,0.07698859056525283,0.16082781455015716,0.013100436681222707,2.494974565547067,2.247409323155366,5.72550473681804,0.12611377655928718,32,train,-1,organic,,,0
UPI_00183,131,0,0.0,0.0,1743777.65,0.0,0.0,6.079651231044722,0.0008807985907222549,0.0,0.0,0.24168085118463134,0.22844075752169807,0.009202453987730062,3.954602179191214,3.5948205538782685,2.488769017904172,0.11512415349887133,11,train,-1,organic,,,0
UPI_00184,1,3,3.0,0.3333333333333333,47004.14,9137.38,0.19439510638297872,0.2431947146323492,0.0,0.0,0.0,1.0,0.00849537273565869,0.1,1.5989521299695038,1.4707745710950577,2.5002204090908475,0.10630407911001236,13,train,-1,organic,,,0
UPI_00185,0,87,87.0,0.0,0.0,13204664.07,0.0,0.24082620613995356,0.0005346164127238706,0.0,0.0,1.0,0.1256687181967245,0.03932584269662921,0.4407856049986806,0.4446881488993581,2.0461573922674523,0.13169845594913715,24,train,-1,organic,,,0
UPI_00186,2,7,3.5,0.2857142857142857,91147.9,47979.47,0.5263914164450111,0.2832022053622993,0.0,0.0,0.125,0.8555949891218291,0.021509796517324944,0.03333333333333333,2.2440114918223784,1.7399153174947788,3.7503306136362715,0.11764705882352941,18,train,-1,organic,,,0
UPI_00187,4,8,2.0,0.5,164994.71,79282.02,0.48051250526123873,0.3823068831313775,0.046875,0.2222222222222222,0.2,0.629021865797783,0.035688683155747025,0.020833333333333332,2.4689123744235704,2.099013526268649,4.800423185454427,0.13169845594913715,24,train,-1,organic,,,0
UPI_00188,32,5,0.15625,0.15625,386327.83,2765418.7,0.13969957871489583,2.3712248885310054,0.024024024024024024,0.19230769230769232,0.0,0.05482490755093811,0.12446972169129644,0.016853932584269662,2.568804484758874,2.6840830193486562,4.81123494938563,0.11626248216833096,29,train,-1,organic,,,0
UPI_00189,1,5,5.0,0.2,59005.2,41102.93,0.6965984745762711,0.24337124942681343,0.0,0.0,0.0,1.0,0.009408597759577659,0.08333333333333333,1.193263038437538,1.0943642419921689,2.000176327272678,0.10567514677103718,27,train,-1,organic,,,0
UPI_00190,2,4,2.0,0.5,275711.74,75921.87,0.2753668529609783,0.2970042346071149,0.0,0.0,0.2,0.9288253682208596,0.013777053679270616,0.1111111111111111,1.6260007865023338,1.3773458443160205,3.6003173890908204,0.12642986152919927,6,train,-1,organic,,,0
UPI_00191,1,5,5.0,0.2,73006.44,57401.35,0.7862505479452055,0.24306528793877566,0.0,0.0,0.0,1.0,0.011385064818969037,0.06666666666666667,1.309174426685261,1.2763571724300813,2.5002204090908475,0.11402027027027027,0,train,-1,organic,,,0
UPI_00192,3,10,3.3333333333333335,0.3,268462.85,205366.01,0.7649699645185924,0.27886024168684237,0.09615384615384616,0.0,0.0,0.7230194296308152,0.024107441264999425,0.030303030303030304,1.9616930394672105,1.5782109295614732,2.538685338461476,0.12661498708010335,14,train,-1,organic,,,0
UPI_00193,3,6,2.0,0.5,309392.5,169171.22,0.5467851380712693,0.4152137917331779,0.0,0.0,0.125,0.8699601131740445,0.01798442908130141,0.08,1.5536353457887615,1.5237378318063164,3.1252755113635593,0.12321792260692464,7,train,-1,organic,,,0
UPI_00194,3,8,2.6666666666666665,0.375,60171.45,82383.72,0.7303803780837388,2.4060694866485535,0.027777777777777776,0.2222222222222222,0.1,0.6134488320452255,0.03563897716135547,0.0425531914893617,1.5694545263966682,1.4931760790582094,4.700414369090794,0.11402027027027027,0,train,-1,organic,,,0
UPI_00195,4,5,1.25,0.8,351865.85,112471.14,0.3196421172969145,1.0561571061558905,0.0,0.42857142857142855,0.125,0.38200975887541916,0.02445552002445552,0.029411764705882353,1.5385737725850368,1.3935248678854324,4.250374695454441,0.12260967379077616,20,train,-1,organic,,,0
UPI_00196,4,7,1.75,0.5714285714285714,299708.45,139832.7,0.4665624094978268,0.3849276455034632,0.0,0.0,0.2222222222222222,0.4722547547734363,0.018243430513384947,0.038461538461538464,1.5566317493948636,1.2545143096920028,2.8891435838383126,0.11512415349887133,11,train,-1,organic,,,0
UPI_00197,4,7,1.75,0.5714285714285714,133260.46,63158.02,0.4739441755195979,0.3301323046644259,0.018867924528301886,0.0,0.2222222222222222,0.5451499899848865,0.023222115429160528,0.030303030303030304,2.6620982043658743,2.2081847828170096,3.6669899333332427,0.12395709177592372,21,train,-1,organic,,,0
UPI_00198,2,5,2.5,0.4,99979.85,62246.2,0.6225874013114198,0.2975719517779152,0.0,0.0,0.0,0.7181174932930825,0.013555489608516989,0.125,1.2084046897171017,1.1879745362758765,2.285915802597346,0.12642986152919927,6,train,-1,organic,,,0
UPI_00199,2,9,4.5,0.2222222222222222,79675.83,189088.0,0.42136906743079444,0.2631951489518467,0.027777777777777776,0.0,0.1,0.6548146740284386,0.03618407138648232,0.041666666666666664,1.8159257917706446,1.5548711297596767,4.800423185454427,0.12260967379077616,20,train,-1,organic,,,0
UPI_00200,34,3,0.08823529411764706,0.08823529411764706,558918.19,1434594.0,0.3896002581529329,3.0299425843484227,0.00975975975975976,0.34375,0.0,0.08213959575728794,0.15032790500966006,0.014084507042253521,3.77388957852023,2.8984646577668625,5.757264293365952,0.13090257023311416,5,train,-1,organic,,,0
UPI_00201,2,7,3.5,0.2857142857142857,279877.47,86220.33,0.3080645610835411,0.321915059079681,0.0,0.0,0.125,0.8805521564226402,0.023987458678169878,0.030303030303030304,2.806698702560319,2.0117810463151917,4.125363674999899,0.10630407911001236,13,train,-1,organic,,,0
UPI_00202,2,6,3.0,0.3333333333333333,213494.53,137010.65,0.6417524972747486,0.27989688430872117,0.037037037037037035,0.0,0.14285714285714285,0.9324146249001448,0.018559609340845162,0.04,1.9075512616484531,1.613675015516335,3.571743441558354,0.1407942238267148,2,train,-1,organic,,,0
UPI_00203,4,6,1.5,0.6666666666666666,562727.65,186137.39,0.3307770461416977,0.34779949682357536,0.12222222222222222,0.0,0.0,0.45178788833649897,0.016466007169682856,0.09523809523809523,1.7865390076080117,1.6316033041865472,2.100185143636312,0.145478374836173,30,train,-1,organic,,,0
UPI_00204,1,6,6.0,0.16666666666666666,185016.31,81727.1,0.44172918918918924,0.2435397953398505,0.023809523809523808,0.0,0.0,1.0,0.016235844104971177,0.047619047619047616,2.1312727157062903,1.744224608054305,3.000264490909017,0.11376146788990826,15,train,-1,organic,,,0
UPI_00205,3,7,2.3333333333333335,0.42857142857142855,62877.56,58489.32,0.9302096544695081,0.3537022922658016,0.0,0.0,0.25,0.4310084174017949,0.020362618004199473,0.037037037037037035,1.0382228847783268,1.0553279580516797,3.3752975522726443,0.12642986152919927,6,train,-1,organic,,,0
UPI_00206,3,4,1.3333333333333333,0.75,453153.96,129733.87,0.28629092708918885,1.1628092448638854,0.0,0.2857142857142857,0.0,0.37120930778517086,0.019164302346444055,0.037037037037037035,1.2976345921549912,1.3324835410665599,3.857482916883022,0.12395709177592372,21,train,-1,organic,,,0
UPI_00207,1,5,5.0,0.2,170014.99,65789.0,0.38695999999999997,0.24322241648606138,0.0,0.0,0.0,1.0,0.008823291528904858,0.08333333333333333,1.5652457939020226,1.5804371606928336,2.000176327272678,0.145478374836173,30,train,-1,organic,,,0
UPI_00208,1,6,6.0,0.16666666666666666,176015.52,181164.92,0.9715761532153513,0.25696203561111375,0.047619047619047616,0.5,0.0,1.0,0.01322210981615146,0.1111111111111111,1.4047908555438309,1.3135707072647969,2.571655277922015,0.11512415349887133,11,train,-1,organic,,,0
UPI_00209,2,2,1.0,1.0,2004877.83,2243156.52,0.893775274344432,3.071959721372827,0.0,1.0,0.0,0.525692357496679,0.013168843291410364,0.058823529411764705,0.27451534315680937,0.26119791183157887,4.250374695454441,0.3680672268907563,31,train,-1,organic,,,0
UPI_00210,1,8,8.0,0.125,212018.69,186730.65,0.8807273113207548,0.24579742636011256,0.0,0.0,0.0,1.0,0.026646796709614066,0.05555555555555555,2.176617877285596,1.777086049807988,4.000352654545356,0.12395709177592372,21,train,-1,organic,,,0
UPI_00211,1,4,4.0,0.25,111009.79,67342.55,0.6066361261261262,0.2435397953398505,0.0,0.0,0.0,1.0,0.013440435153853453,0.058823529411764705,1.6072698562501384,1.4332614165445734,3.4002997563635526,0.11626248216833096,29,train,-1,organic,,,0
UPI_00212,2,6,3.0,0.3333333333333333,128642.86,169153.02,0.7605117498356817,0.2967062741198758,0.018518518518518517,0.0,0.14285714285714285,0.7522713906723661,0.020132171144963462,0.07692307692307693,1.4942828727708544,1.16435092532419,3.714613179220688,0.10888252148997135,12,train,-1,organic,,,0
UPI_00213,1,4,4.0,0.25,106009.35,76957.96,0.7259545283018868,0.24323651184103853,0.0,0.0,0.0,1.0,0.01189435546753313,0.07142857142857142,1.309540287693296,1.2472728809270757,2.8002468581817492,0.12661498708010335,14,train,-1,organic,,,0
UPI_00214,1,4,4.0,0.25,120319.28,330595.35,0.3639472709567019,0.6195614519070926,0.0,0.8,0.0,1.0,0.02076976240903779,0.034482758620689655,0.7977299440003578,0.6667117430122174,5.800511349090766,0.10630407911001236,13,train,-1,organic,,,0
UPI_00215,2,4,2.0,0.5,151315.19,22970.57,0.15180614116747418,0.26353667321226154,0.0,0.0,0.2,0.9829394225913519,0.010757115682619669,0.06666666666666667,2.1465387000947076,1.7328473958579418,3.000264490909017,0.12611377655928718,32,train,-1,organic,,,0
UPI_00216,1,4,4.0,0.25,242021.34,45378.35,0.18749731404958678,0.24285468123492607,0.0,0.0,0.0,1.0,0.014758093664245627,0.05555555555555555,2.3375020127963606,1.7668467427065,3.6003173890908204,0.110055423594616,17,train,-1,organic,,,0
UPI_00217,2,3,1.5,0.6666666666666666,154978.29,152124.25,0.981584249257395,2.5582371765917835,0.05,1.0,0.0,0.5372376672287291,0.021464958763223616,0.06896551724137931,1.297651136963412,1.2968197081638226,5.800511349090766,0.13090257023311416,5,train,-1,organic,,,0
UPI_00218,1,6,6.0,0.16666666666666666,205018.07,87656.36,0.42755429268292683,0.2435397953398505,0.0,0.0,0.0,1.0,0.010858949897779694,0.07692307692307693,1.5550723533038393,1.7091450875599241,1.857306589610344,0.12611377655928718,32,train,-1,organic,,,0
UPI_00219,2,5,2.5,0.4,404445.7,550615.15,0.7345342827818782,0.5006515466697202,0.0,0.0,0.0,0.787033202339467,0.01725065882487728,0.045454545454545456,0.8051814860484565,0.9900295073953441,3.143134228571351,0.12321792260692464,7,train,6,layered_fanin,6,layered_fanin,1
UPI_00220,2,5,2.5,0.4,42409.04,80776.53,0.5250168349626424,0.2901112144046445,0.0,0.0,0.0,0.9359170318892833,0.01606764119886027,0.1,1.0849664987781487,1.1037021786678116,2.857394753246683,0.12321792260692464,7,train,-1,organic,,,0
UPI_00221,3,7,2.3333333333333335,0.42857142857142855,69467.09,55364.69,0.796991605501622,1.5016004148868376,0.0,0.25,0.25,0.4502041584797788,0.025468779521103713,0.058823529411764705,1.2073596686970804,1.2917644786111107,4.250374695454441,0.11626248216833096,29,train,-1,organic,,,0
UPI_00222,3,6,2.0,0.5,136568.88,67720.54,0.49587095014793847,0.3241577476535802,0.0,0.0,0.2857142857142857,0.6092362057389206,0.018923503355080536,0.07692307692307693,1.6545891044725884,1.640900767818891,3.714613179220688,0.11402027027027027,0,train,-1,organic,,,0
UPI_00223,2,7,3.5,0.2857142857142857,346090.13,74033.82,0.21391484507785105,0.4735358695440138,0.02857142857142857,0.25,0.125,0.9036662137834042,0.0210775459765769,0.06666666666666667,2.3036612658929143,1.9710239390438182,3.7503306136362715,0.110055423594616,17,train,-1,organic,,,0
UPI_00224,5,3,0.6,0.6,4031157.27,2722364.54,0.6753307697904976,5.145031946235096,0.017857142857142856,1.0,0.0,0.2676173901018991,0.032476059669839026,0.045454545454545456,0.438789034855166,0.5088242478126143,5.500484899999865,0.3680672268907563,31,train,-1,organic,,,0
UPI_00225,2,6,3.0,0.3333333333333333,209434.09,84315.69,0.4025881926769267,0.3592082886125106,0.05555555555555555,0.5,0.14285714285714285,0.9633034459870964,0.016233409768905256,0.08695652173913043,1.717344569565108,1.4804593325231672,3.286003966233685,0.11764705882352941,18,train,-1,organic,,,0
UPI_00226,5,3,0.6,0.6,3678536.88,2529615.01,0.6876687905424498,5.019485201822586,0.05357142857142857,1.0,0.0,0.3470390613264538,0.028212541532681584,0.05,0.49432828757233527,0.7524433299124584,5.000440818181695,0.3680672268907563,31,train,-1,organic,,,0
UPI_00227,4,8,2.0,0.5,204586.64,172578.79,0.8435487166652162,1.597642170395441,0.015384615384615385,0.2,0.09090909090909091,0.8145022732458537,0.027306398799452004,0.02564102564102564,2.1413927497817715,1.9435802909237034,3.545767125619747,0.12642986152919927,6,train,-1,organic,,,0
UPI_00228,11,16,1.4545454545454546,0.6875,514435.25,549363.98,0.936419695382736,2.448548230605993,0.10256410256410256,0.6,0.0,0.4055566518779365,0.04981534715959612,0.02857142857142857,2.8039585843993735,2.445044210345125,2.5928211649831012,0.12547528517110265,28,train,-1,organic,,,0
UPI_00229,1,6,6.0,0.16666666666666666,132011.64,129926.22,0.9842028030303032,0.2435397953398505,0.0,0.0,0.0,1.0,0.015149009444144972,0.05,1.5955871926906462,1.1405032839291545,2.857394753246683,0.12436224489795919,8,train,-1,organic,,,0
UPI_00230,2,6,3.0,0.3333333333333333,172763.91,45930.32,0.2658559822280553,0.341925162686431,0.0,0.0,0.14285714285714285,0.8632945831768233,0.016316111979289418,0.05,2.157828635814316,1.6683533802819284,2.857394753246683,0.12547528517110265,28,train,-1,organic,,,0
UPI_00231,2,6,3.0,0.3333333333333333,239059.69,66234.47,0.2770624679811154,1.332582319452906,0.0,0.3333333333333333,0.0,0.6889906424708108,0.014081920704443737,0.05555555555555555,1.6823488714112524,1.6787214317531662,2.2501983681817626,0.13090257023311416,5,train,-1,organic,,,0
UPI_00232,2,4,2.0,0.5,237008.38,137386.02,0.5796673486857892,0.2917250308070943,0.0,0.0,0.2,0.8889230860468196,0.015808255143673105,0.047619047619047616,1.7513290043507745,1.3941566174116051,4.200370287272624,0.11764705882352941,18,train,-1,organic,,,0
UPI_00233,3,7,2.3333333333333335,0.42857142857142855,144065.15,165427.42,0.8708661915241889,0.37381687679510517,0.0,0.0,0.25,0.7738773794371271,0.025296704091597216,0.058823529411764705,1.7526699444584046,1.283650773678612,4.250374695454441,0.13686313686313686,22,train,-1,organic,,,0
UPI_00234,2,4,2.0,0.5,139936.46,49306.37,0.3523482584703767,0.3052827566799878,0.0,0.0,0.2,0.7766209186148785,0.012692598055828922,0.0625,1.5883596187899405,1.4888399913760284,3.200282123636285,0.1407942238267148,2,train,-1,organic,,,0
UPI_00235,2,9,4.5,0.2222222222222222,173323.1,114713.39,0.6618471111113162,0.2816872774065101,0.018518518518518517,0.0,0.1,0.8780202951735605,0.028605692969932435,0.05,2.447755667937031,1.8353636161053408,4.000352654545356,0.11764705882352941,18,train,-1,organic,,,0
UPI_00236,5,4,0.8,0.8,4087458.06,3233276.42,0.7910237541591646,11.115116186739986,0.013888888888888888,0.8888888888888888,0.0,0.25129778966059957,0.0364386583799863,0.038461538461538464,0.3999400372317877,0.4220367689381232,5.778287167676625,0.3680672268907563,31,train,-1,organic,,,0
UPI_00237,4,6,1.5,0.6666666666666666,257668.69,62167.35,0.24126855157097934,0.3733930983960719,0.0,0.2857142857142857,0.42857142857142855,0.8769706026578575,0.022537058921888495,0.06451612903225806,2.817201990273198,2.129816608954809,4.428961867532359,0.11764705882352941,18,train,-1,organic,,,0
UPI_00238,1,4,4.0,0.25,68006.0,34998.37,0.5146364705882353,0.24328858614406598,0.0,0.0,0.0,1.0,0.009540307356902014,0.08333333333333333,1.3544609866935333,1.2435614281814789,2.4002115927272136,0.12611377655928718,32,train,-1,organic,,,0
UPI_00239,4,11,2.75,0.36363636363636365,285345.2,211599.18,0.7415550712261546,0.36017286292118855,0.0,0.16666666666666666,0.25,0.7504352091286691,0.033046878373926676,0.045454545454545456,2.2580614608978635,1.9396327591913665,3.6669899333332427,0.13686313686313686,22,train,-1,organic,,,0
UPI_00240,1,7,7.0,0.14285714285714285,187016.49,135021.85,0.7219783422459893,0.2434528213270333,0.03571428571428571,0.0,0.0,1.0,0.018172889602522557,0.04,1.9669572266274347,1.6217588326774663,3.1252755113635593,0.11512415349887133,11,train,-1,organic,,,0
UPI_00241,3,5,1.6666666666666667,0.6,211932.04,26932.89,0.12708269077513565,0.4616094263652799,0.0,0.0,0.3333333333333333,0.7690223267562553,0.02119821918714982,0.034482758620689655,2.785007245143761,2.018472841527779,4.833759457575638,0.1330166270783848,1,train,-1,organic,,,0
UPI_00242,1,2,2.0,0.5,166783.43,239233.19,0.6971584213340378,0.5233526343063158,0.0,0.6666666666666666,0.0,1.0,0.01625465961778153,0.045454545454545456,0.392966898715482,0.334378519388476,7.3339798666664855,0.13090257023311416,5,train,-1,organic,,,0
UPI_00243,23,0,0.0,0.0,1051265.38,0.0,0.0,2.1736235486462516,0.0,0.0,0.0,0.054277202563320234,0.04238310374821084,0.05084745762711865,0.5512369065789172,0.5269064202116257,2.565443550197565,0.145478374836173,30,train,-1,organic,,,0
UPI_00244,4,7,1.75,0.5714285714285714,120885.41,216685.05,0.5578853068513996,0.3236989942877452,0.07272727272727272,0.4,0.0,0.7659328741065414,0.01202435521359931,0.058823529411764705,2.0817703487204593,2.0773944155317325,1.5455907983470694,0.12661498708010335,14,train,-1,organic,,,0
UPI_00245,1,6,6.0,0.16666666666666666,185016.31,56886.2,0.3074658918918919,0.2435043235856035,0.0,0.0,0.0,1.0,0.01853152108784147,0.04,2.551013611579505,1.9434610501945024,3.571743441558354,0.13169845594913715,24,train,-1,organic,,,0
UPI_00246,2,7,3.5,0.2857142857142857,370630.86,125097.72,0.3375264460951631,0.3156718352527795,0.0,0.2222222222222222,0.0,0.9914122739293794,0.0245128448878367,0.030303030303030304,2.3301377123453553,1.8930211837435982,3.6669899333332427,0.12642986152919927,6,train,-1,organic,,,0
UPI_00247,7,6,0.8571428571428571,0.8571428571428571,451694.82,106742.29,0.2363150634887248,2.5444869518061894,0.0,0.7,0.18181818181818182,0.2626066629164712,0.03830076156615296,0.03636363636363636,1.539790360658965,1.6020487367993717,5.000440818181695,0.12321792260692464,7,train,-1,organic,,,0
UPI_00248,2,5,2.5,0.4,57871.15,21419.92,0.3701311909141889,0.27934729476958003,0.0,0.0,0.16666666666666666,0.5869719376217296,0.013857964418192375,0.05263157894736842,1.4181518736205208,1.303189469029279,3.1669458515150732,0.10888252148997135,12,train,-1,organic,,,0
UPI_00249,2,5,2.5,0.4,265913.96,95858.59,0.36048724113969904,0.3865405705136072,0.0,0.0,0.16666666666666666,0.9858808194459092,0.01307875633849531,0.058823529411764705,1.9852738593400665,1.6103903139493503,2.833583130302961,0.12321792260692464,7,train,-1,organic,,,0
UPI_00250,1,9,9.0,0.1111111111111111,165014.55,76710.58,0.4648716363636363,0.24322241648606138,0.022222222222222223,0.0,0.0,1.0,0.019692634996589554,0.07692307692307693,2.3159759868060115,2.0369733758679085,2.6002292254544814,0.11778115501519756,19,train,-1,organic,,,0
UPI_00251,2,6,3.0,0.3333333333333333,127745.43,158687.24,0.8050138886044119,0.29737430729509284,0.0,0.0,0.14285714285714285,0.8725956029004651,0.020045717599939596,0.04,2.0496215301182925,1.7729934784965362,3.571743441558354,0.12814645308924486,4,train,-1,organic,,,0
UPI_00252,2,4,2.0,0.5,290332.97,87154.61,0.3001884760904115,1.4661554758184656,0.0,0.5,0.0,0.5188098135902955,0.02034799680042404,0.037037037037037035,1.0502496273257587,1.1790949267510311,4.500396736363525,0.12321792260692464,7,train,-1,organic,,,0
UPI_00253,3,10,3.3333333333333335,0.3,109593.83,158707.15,0.6905412306365315,0.3534023013571927,0.006578947368421052,0.0,0.18181818181818182,0.8104761893327989,0.027486462819175293,0.05128205128205128,2.1618033230647766,1.6020631526213818,3.545767125619747,0.12642986152919927,6,train,-1,organic,,,0
UPI_00254,2,6,3.0,0.3333333333333333,206869.13,135821.23,0.6565563242198281,0.2967482870659215,0.018518518518518517,0.3333333333333333,0.14285714285714285,0.8034666980861197,0.018395413239970935,0.125,1.7393756135671037,1.6279995076378746,3.428873703896019,0.11764705882352941,18,train,-1,organic,,,0
UPI_00255,1,6,6.0,0.16666666666666666,56004.94,86900.22,0.6444740493317265,0.24312818349492235,0.0,0.0,0.0,1.0,0.0142855583917239,0.125,1.1208337347753887,1.1421873902358548,2.285915802597346,0.11764705882352941,18,train,-1,organic,,,0
UPI_00256,2,7,3.5,0.2857142857142857,285962.18,230207.83,0.8050289544580402,0.292514181366993,0.02857142857142857,0.0,0.125,0.7907993741438721,0.02615284057742802,0.02702702702702703,2.136662919083906,1.8447605570467935,4.625407756818068,0.11376146788990826,15,train,-1,organic,,,0
UPI_00257,2,10,5.0,0.2,110992.97,98970.67,0.8916841370301214,0.3044620820545743,0.0,0.0,0.09090909090909091,0.661201257999761,0.03224482617107346,0.022727272727272728,1.9463231902388776,1.6693837070968243,4.000352654545356,0.12260967379077616,20,train,-1,organic,,,0
UPI_00258,4,8,2.0,0.5,288723.08,218261.62,0.7559548722308528,0.35375896468249557,0.0,0.2,0.2,0.7978730585838848,0.03351460668370788,0.0425531914893617,2.4940491680814723,1.9818835091466496,4.700414369090794,0.11228070175438597,10,train,-1,organic,,,0
UPI_00259,3,9,3.0,0.3333333333333333,434584.87,141028.55,0.3245132581420044,0.34162248240152115,0.015625,0.0,0.2,0.921814679412087,0.03149653080362747,0.023255813953488372,2.6074903635747404,2.07451248890332,4.300379103636257,0.10630407911001236,13,train,-1,organic,,,0
UPI_00260,1,4,4.0,0.25,59005.2,36153.55,0.6127179661016949,0.24346976723146607,0.0,0.0,0.0,1.0,0.009185561742815753,0.08333333333333333,1.2423505733820879,1.2596210219262456,2.4002115927272136,0.12321792260692464,7,train,-1,organic,,,0
UPI_00261,3,9,3.0,0.3333333333333333,271480.7,135578.37,0.4994033488278815,0.3028067592598174,0.023076923076923078,0.0,0.09090909090909091,0.48428926318655874,0.03088887415513859,0.045454545454545456,1.9853013425283765,1.6779762651703436,4.000352654545356,0.12436224489795919,8,train,-1,organic,,,0
UPI_00262,2,5,2.5,0.4,231944.72,95505.86,0.4117613046707014,0.28000554346053763,0.0,0.0,0.16666666666666666,0.842943513243382,0.014171613264132766,0.05263157894736842,1.8480609406821844,1.5273061993271515,3.1669458515150732,0.12642986152919927,6,train,-1,organic,,,0
UPI_00263,5,9,1.8,0.5555555555555556,137694.95,100895.83,0.7327489902334213,0.9193878313549688,0.017045454545454544,0.18181818181818182,0.2727272727272727,0.556957748873009,0.03126593088047931,0.023255813953488372,1.8490396517418644,1.781551141872077,3.9094355487602344,0.110055423594616,17,train,-1,organic,,,0
UPI_00264,2,4,2.0,0.5,155634.56,54794.65,0.3520725116250497,0.2584613432452981,0.03333333333333333,0.0,0.0,0.9793863284434685,0.009950991367514988,0.09090909090909091,1.4743431075320776,1.5523932856451739,1.8334949666666214,0.1281767955801105,9,train,-1,organic,,,0
UPI_00265,46,2,0.043478260869565216,0.043478260869565216,1005427.76,694374.77,0.6906262168468464,4.63091309780071,0.004432624113475178,0.2,0.0,0.09388371157773207,0.1985464180481667,0.010638297872340425,3.5629088382605674,3.577697409728021,5.875517961363491,0.12642986152919927,6,train,-1,organic,,,0
UPI_00266,1,6,6.0,0.16666666666666666,269023.72,103539.79,0.384872342007435,0.24285468123492607,0.0,0.0,0.0,1.0,0.02086456722478694,0.10714285714285714,2.5783347708902937,2.0058390380638937,4.000352654545356,0.11764705882352941,18,train,-1,organic,,,0
UPI_00267,2,6,3.0,0.3333333333333333,271353.8,82567.98,0.30428163680314163,0.28876259948651534,0.037037037037037035,0.0,0.14285714285714285,0.9685933314055408,0.014070394347486491,0.10526315789473684,2.156718559045436,1.8405296161674958,2.714525015584349,0.110055423594616,17,train,-1,organic,,,0
UPI_00268,1,5,5.0,0.2,135011.9,32304.97,0.23927496296296297,0.243419573033526,0.0,0.0,0.0,1.0,0.0179246657471977,0.043478260869565216,2.577562979486424,1.9028713865843063,3.8336712939393,0.11626248216833096,29,train,-1,organic,,,0
UPI_00269,4,7,1.75,0.5714285714285714,56226.43,21500.76,0.38239590675946394,0.4804524232032558,0.0,0.42857142857142855,0.2222222222222222,0.8268647347559118,0.021053735424724832,0.06896551724137931,2.353949635966238,1.8499328901323568,3.222506305050426,0.1281767955801105,9,train,-1,organic,,,0
UPI_00270,2,10,5.0,0.2,93352.21,116367.45,0.8022192698190804,1.0040472540186594,0.0,0.2727272727272727,0.09090909090909091,0.5294553789456955,0.0402915234163956,0.03636363636363636,1.4456578466433856,1.4813919474530812,5.000440818181695,0.12321792260692464,7,train,-1,organic,,,0
UPI_00271,5,8,1.6,0.625,428403.02,163309.19,0.3812045678308406,0.4310390182632525,0.025974025974025976,0.0,0.08333333333333333,0.5063465638867303,0.026983007997666335,0.05405405405405406,2.3536077036796086,1.8296531138956615,3.0836051712120454,0.145478374836173,30,train,-1,organic,,,0
UPI_00272,2,3,1.5,0.6666666666666666,137538.7,242680.38,0.5667483409536981,1.652381943986416,0.0,0.8,0.0,0.5322992154079997,0.02441735483443677,0.058823529411764705,0.5286381026545193,0.44075201156439364,6.800599512727105,0.1234676007005254,25,train,-1,organic,,,0
UPI_00273,4,8,2.0,0.5,279821.86,119280.37,0.42627250831218144,0.36571947167757757,0.015873015873015872,0.3333333333333333,0.3333333333333333,0.7791173940464805,0.02145336319777702,0.03571428571428571,2.1830187203039864,1.80892008816851,3.1113853979797215,0.1330166270783848,1,train,-1,organic,,,0
UPI_00274,2,3,1.5,0.6666666666666666,94355.59,294460.99,0.32043493601967127,2.4425739421165003,0.05,1.0,0.0,0.5495812542474542,0.02737793128139248,0.05128205128205128,0.7546926034162483,0.6702041860011851,7.800687676363444,0.12611377655928718,32,train,-1,organic,,,0
UPI_00275,1,3,3.0,0.3333333333333333,97976.9,227124.46,0.4313797651864491,0.619614347506567,0.0,1.0,0.0,1.0,0.015837359535085513,0.047619047619047616,0.4486559900571072,0.6441261635261455,5.25046285909078,0.12395709177592372,21,train,-1,organic,,,0
UPI_00276,3,7,2.3333333333333335,0.42857142857142855,167384.05,78459.47,0.4687392173319252,0.30259494426407313,0.0,0.0,0.1111111111111111,0.8506890755645014,0.020463641400045387,0.038461538461538464,2.116608085125511,1.7965895922716109,2.8891435838383126,0.10888252148997135,12,train,-1,organic,,,0
UPI_00277,2,5,2.5,0.4,113028.81,63059.86,0.5579095876484321,0.31205087641953033,0.0,0.0,0.16666666666666666,0.7961546302835285,0.01383167161858699,0.058823529411764705,1.4842657843844451,1.4008952376755222,2.833583130302961,0.11512415349887133,11,train,-1,organic,,,0
UPI_00278,3,6,2.0,0.5,227124.37,443167.3,0.5125025548473858,0.27073536102954376,0.013888888888888888,0.0,0.0,0.95604659164109,0.014005472833029964,0.0625,1.8006163790895522,1.5495594203784695,1.7779345131312692,0.12642986152919927,6,train,-1,organic,,,0
UPI_00279,3,4,1.3333333333333333,0.75,223379.98,48253.22,0.216014090955917,0.5541726349687869,0.0,0.3333333333333333,0.0,0.49843276759667915,0.019825451304370665,0.07692307692307693,1.390387985318615,1.4143346402660106,3.714613179220688,0.13686313686313686,22,train,-1,organic,,,0
UPI_00280,2,7,3.5,0.2857142857142857,152645.29,117019.74,0.7666121804344481,0.26776965956925974,0.0,0.0,0.0,0.9917551339575094,0.02343369157308057,0.07407407407407407,2.00153266374927,1.7515907228721486,3.000264490909017,0.12167606768734891,26,train,-1,organic,,,0
UPI_00281,2,8,4.0,0.25,127628.65,126750.46,0.9931191984792044,0.519284341344007,0.0,0.0,0.1111111111111111,0.6886207859252125,0.029594786306852524,0.047619047619047616,1.7967538174646924,1.6058512407644545,4.667078096969583,0.12013536379018612,23,train,-1,organic,,,0
UPI_00282,2,5,2.5,0.4,254027.43,83386.46,0.3282576991385682,0.310661024447788,0.0,0.0,0.16666666666666666,0.9243247292893448,0.014436509933622131,0.05,2.1151490504810386,1.6835960648316142,3.3336272121211303,0.12167606768734891,26,train,-1,organic,,,0
UPI_00283,2,5,2.5,0.4,90806.58,48520.33,0.5343261463258727,0.3379274057592061,0.0,0.0,0.16666666666666666,0.9198300957957966,0.015732241140296147,0.1111111111111111,1.6980919135308357,1.4159409116749717,3.000264490909017,0.12611377655928718,32,train,-1,organic,,,0
UPI_00284,2,5,2.5,0.4,44500.41,41250.69,0.9269731163064772,0.28089415013027635,0.0,0.0,0.0,0.5015739037053087,0.014178846689830082,0.058823529411764705,0.94125604863701,1.0241398172794347,2.42878554025968,0.145478374836173,30,train,-1,organic,,,0
UPI_00285,2,9,4.5,0.2222222222222222,218015.73,142411.36,0.6532160079076494,0.3002333969902109,0.018518518518518517,0.0,0.1,0.7367410937194756,0.024711318843086656,0.05714285714285714,2.074026359429168,1.7478422267142775,3.5003085727271865,0.11764705882352941,18,train,-1,organic,,,0
UPI_00286,2,5,2.5,0.4,133808.19,46824.53,0.3499376926387924,0.30239756533287454,0.025,0.0,0.16666666666666666,0.8392132869230245,0.011916393647549681,0.058823529411764705,1.7581001531360525,1.5693578188761326,2.833583130302961,0.145478374836173,30,train,-1,organic,,,0
UPI_00287,2,3,1.5,0.6666666666666666,307000.94,184759.7,0.6018212689626883,1.6946893838460486,0.25,1.0,0.0,0.5019419699293084,0.026218939713789427,0.029411764705882353,0.809749738839125,0.9500762406598852,6.800599512727105,0.12436224489795919,8,train,-1,organic,,,0
UPI_00288,2,6,3.0,0.3333333333333333,165958.99,97537.56,0.5877208481204182,0.2737726933960291,0.0,0.0,0.14285714285714285,0.9198073890208522,0.014131130694985122,0.05263157894736842,1.7021035918274026,1.5404219747049674,2.714525015584349,0.10567514677103718,27,train,-1,organic,,,0
UPI_00289,1,6,6.0,0.16666666666666666,215018.96,171686.09,0.7984695348837209,0.2434528213270333,0.0,0.0,0.0,1.0,0.014064243380169,0.13333333333333333,1.37415208697644,1.3044541852165727,2.143046064935012,0.11778115501519756,19,train,-1,organic,,,0
UPI_00290,1,4,4.0,0.25,222019.57,130217.16,0.586512072072072,0.2435043235856035,0.0,0.0,0.0,1.0,0.012876915053614468,0.2,1.5604552534389136,1.3705156459108345,3.000264490909017,0.12611377655928718,32,train,-1,organic,,,0
UPI_00291,1,5,5.0,0.2,162014.28,67368.84,0.41582037037037034,0.24348693321257983,0.0,0.0,0.0,1.0,0.019650561166806656,0.041666666666666664,2.286898249451892,1.751269176128937,4.000352654545356,0.12611377655928718,32,train,-1,organic,,,0
UPI_00292,3,8,2.6666666666666665,0.375,202563.32,177114.01,0.8743637107442449,0.2915059980755126,0.10909090909090909,0.0,0.0,0.5322645653140803,0.023116429360044616,0.06060606060606061,2.2731006834386505,1.526507991653424,3.000264490909017,0.10630407911001236,13,train,-1,organic,,,0
UPI_00293,4,11,2.75,0.36363636363636365,224776.6,260217.57,0.8638025312051982,0.41318140769551126,0.00980392156862745,0.5,0.25,0.8061906792575191,0.03717183494831586,0.057692307692307696,2.3562199968627096,1.7740054520171091,4.3337153757574685,0.12167606768734891,26,train,-1,organic,,,0
UPI_00294,6,8,1.3333333333333333,0.75,125509.25,79192.66,0.630970693680921,0.529401021905896,0.016853932584269662,0.0,0.16666666666666666,0.571842987758534,0.03377559669222726,0.0425531914893617,2.1423417611597944,1.7207985849627283,3.9170119742423277,0.12547528517110265,28,train,-1,organic,,,0
UPI_00295,4,10,2.5,0.4,568113.07,354356.32,0.6237425888280455,0.3891553267453758,0.011235955056179775,0.18181818181818182,0.16666666666666666,0.5187913940708271,0.027400527206440137,0.05128205128205128,1.6360548263563002,1.4228642639577813,3.2502865318181016,0.12642986152919927,6,train,31,stealth_cycle,31,stealth_cycle,1
UPI_00296,3,7,2.3333333333333335,0.42857142857142855,62517.15,47041.83,0.752462741339053,0.33768048574836695,0.022727272727272728,0.3333333333333333,0.1111111111111111,0.6063023584661421,0.02464350968677173,0.058823529411764705,1.6667051742956474,1.5586542749631633,3.778110840403947,0.12642986152919927,6,train,-1,organic,,,0
UPI_00297,1,3,3.0,0.3333333333333333,191016.84,25547.76,0.13374612565445027,0.24337124942681343,0.08333333333333333,0.0,0.0,1.0,0.00975305595753336,0.07692307692307693,2.0201437166569436,1.5852315528935315,3.2502865318181016,0.12642986152919927,6,train,-1,organic,,,0
UPI_00298,2,7,3.5,0.2857142857142857,177505.02,116569.85,0.6567129625847453,0.2702408468928449,0.02857142857142857,0.0,0.125,0.8789152070479123,0.019952042807252424,0.043478260869565216,1.9274351856607126,1.4180866943214714,2.8752534704544748,0.1330166270783848,1,train,-1,organic,,,0
UPI_00299,1,5,5.0,0.2,177015.6,120656.55,0.6816153107344632,0.2431153232862354,0.03333333333333333,0.0,0.0,1.0,0.012164475291150924,0.14285714285714285,1.42320549692152,1.178166804628526,2.3335390484847913,0.11376146788990826,15,train,-1,organic,,,0
UPI_00300,2,7,3.5,0.2857142857142857,200750.16,81568.12,0.4063165967278038,0.2594156949194101,0.013888888888888888,0.0,0.0,0.806911369770893,0.019291807904880914,0.038461538461538464,2.1708258016525077,1.6473006918758897,2.8891435838383126,0.13090257023311416,5,train,-1,organic,,,0
UPI_00301,1,5,5.0,0.2,196017.28,496679.88,0.3946551689386891,0.2435397953398505,0.0,0.0,0.0,1.0,0.016715359609809854,0.1111111111111111,1.9477959539014256,1.4867496817683328,3.000264490909017,0.10888252148997135,12,train,-1,organic,,,0
UPI_00302,2,6,3.0,0.3333333333333333,131094.46,50922.02,0.3884376222985607,0.2795958373000015,0.037037037037037035,0.0,0.14285714285714285,0.8977718010948474,0.01815662738965068,0.08333333333333333,2.220167695392512,1.7418859968619709,3.428873703896019,0.10567514677103718,27,train,-1,organic,,,0
UPI_00303,3,6,2.0,0.5,94944.5,84469.36,0.8896708766198919,0.41947752139914185,0.04285714285714286,0.0,0.125,0.6778836523408576,0.015496391385469937,0.05,1.5601529238537295,1.196304686933599,2.5002204090908475,0.12611377655928718,32,train,-1,organic,,,0
UPI_00304,5,7,1.4,0.7142857142857143,325572.53,65476.41,0.20111159839828635,1.8419451961537217,0.0,0.4,0.2,0.35729383149005456,0.02521403230936995,0.027777777777777776,1.1771224554814523,1.2863151345567239,3.6003173890908204,0.110055423594616,17,train,-1,organic,,,0
UPI_00305,2,7,3.5,0.2857142857142857,170362.01,447796.7,0.3804449875760797,0.6436212104205331,0.1111111111111111,0.0,0.0,0.5080786283474553,0.017031412465636348,0.043478260869565216,2.9852842767256798,2.3369951371075834,2.5557808626261993,0.1407942238267148,2,train,-1,organic,,,0
UPI_00306,1,3,3.0,0.3333333333333333,252022.22,17286.15,0.06858980158730159,0.24285468123492607,0.0,0.0,0.0,1.0,0.006301572242274448,0.1111111111111111,1.717487807775839,1.6296882905943781,2.2501983681817626,0.12013536379018612,23,train,-1,organic,,,0
UPI_00307,2,3,1.5,0.6666666666666666,249699.02,15536.69,0.06222166790606792,0.2580552090638757,0.0,0.0,0.0,0.8615821123734941,0.008353681896898394,0.1,1.6882564279148942,1.5723424650160351,2.000176327272678,0.11376146788990826,15,train,-1,organic,,,0
UPI_00308,1,3,3.0,0.3333333333333333,228020.1,33114.44,0.14522596491228068,0.2435397953398505,0.0,0.0,0.0,1.0,0.011747895386296907,0.06666666666666667,2.177764501710333,1.60112054356888,3.7503306136362715,0.12611377655928718,32,train,-1,organic,,,0
UPI_00309,2,7,3.5,0.2857142857142857,64364.64,84697.79,0.7599330124151142,0.34758219834758375,0.013888888888888888,0.0,0.0,0.8345034419255635,0.01945833753729515,0.037037037037037035,2.105259038123131,1.6144542060310725,3.000264490909017,0.11626248216833096,29,train,-1,organic,,,0
UPI_00310,2,4,2.0,0.5,216601.65,62813.61,0.2899959719748441,0.7767917408189662,0.0,0.3333333333333333,0.0,0.7443851640184069,0.013817714987953528,0.058823529411764705,1.7054905743247488,1.546271193655308,2.833583130302961,0.12661498708010335,14,train,-1,organic,,,0
UPI_00311,1,9,9.0,0.1111111111111111,303026.71,257682.52,0.8503623762376237,0.2445512240416303,0.011111111111111112,0.0,0.0,1.0,0.028920739148256804,0.04878048780487805,1.9299155799155296,1.5204287246409143,4.1003614709089895,0.1234676007005254,25,train,-1,organic,,,0
UPI_00312,2,4,2.0,0.5,215303.55,105499.18,0.49000204705799394,0.257641485114542,0.03333333333333333,0.0,0.0,0.9090203655943867,0.011385525707673675,0.06666666666666667,1.5233889935800622,1.4717864625212718,2.5002204090908475,0.13169845594913715,24,train,-1,organic,,,0
UPI_00313,1,3,3.0,0.3333333333333333,228020.1,85349.07,0.37430504385964913,0.25696203561111375,0.0,0.0,0.0,1.0,0.009858284872941086,0.08333333333333333,1.567900471740432,1.2014548533507665,3.000264490909017,0.110055423594616,17,train,-1,organic,,,0
UPI_00314,3,5,1.6666666666666667,0.6,178010.93,64913.92,0.36466256063926206,0.3454027655540004,0.0,0.3333333333333333,0.14285714285714285,0.7127328310324876,0.014882563580634556,0.09523809523809523,1.787233398927635,1.599579421314969,3.000264490909017,0.12611377655928718,32,train,-1,organic,,,0
UPI_00315,3,5,1.6666666666666667,0.6,158094.85,14853.52,0.09395321674198359,0.2726991933273371,0.05357142857142857,0.0,0.0,0.8907514998665247,0.00950189191026079,0.08333333333333333,1.870408554271046,2.0461389841296613,1.5001322454545085,0.11778115501519756,19,train,-1,organic,,,0
UPI_00316,2,8,4.0,0.25,101929.74,55760.0,0.5470434626903746,0.2587503012962066,0.022727272727272728,0.0,0.1111111111111111,0.85664959191404,0.02729272181790837,0.05405405405405406,2.4396994313478895,1.9357403349188973,4.11147356161606,0.11626248216833096,29,train,-1,organic,,,0
UPI_00317,4,6,1.5,0.6666666666666666,75924.9,82490.94,0.9204029112671637,1.1446920722207534,0.023255813953488372,0.2857142857142857,0.25,0.41995550570939166,0.019437718983677264,0.041666666666666664,1.3879239726491266,1.339195902088981,3.000264490909017,0.1,3,train,-1,organic,,,0
UPI_00318,4,8,2.0,0.5,271089.49,188711.46,0.6961223665460451,0.3241388379930686,0.0,0.0,0.3333333333333333,0.7125959240603926,0.03195493171112742,0.044444444444444446,2.2694294462307174,1.895774661836594,5.000440818181695,0.1281767955801105,9,train,-1,organic,,,0
UPI_00319,16,0,0.0,0.0,564549.77,0.0,0.0,0.9435811114842375,0.0,0.0,0.0,0.08454171802099571,0.02605260777356746,0.08333333333333333,0.6835442218093654,0.6317095216843319,2.2501983681817626,0.12661498708010335,14,train,-1,organic,,,0
UPI_00320,5,9,1.8,0.5555555555555556,401201.5,182138.18,0.4539817955219699,2.435680305684644,0.016853932584269662,0.5454545454545454,0.16666666666666666,0.4166745581594613,0.03434916510498694,0.02040816326530612,1.8922539387931723,1.7283748540904793,4.083693334848384,0.12167606768734891,26,train,-1,organic,,,0
UPI_00321,3,9,3.0,0.3333333333333333,55794.62,131726.06,0.4235655237523293,0.3182119587388802,0.0,0.0,0.2,0.4692681083595867,0.027187587197031304,0.02631578947368421,1.8544726492607588,1.4567430858907084,3.8003350218180882,0.11228070175438597,10,train,-1,organic,,,0
UPI_00322,2,5,2.5,0.4,104282.39,16580.79,0.15899895658711924,0.32178179116767663,0.025,0.4,0.16666666666666666,0.9039728520337267,0.017886401906154717,0.08695652173913043,2.6018394077768137,1.9907021548222548,3.8336712939393,0.145478374836173,30,train,-1,organic,,,0
UPI_00323,2,4,2.0,0.5,67895.64,48476.24,0.7139817335926758,0.31131125142555544,0.0,0.4,0.2,0.9741347403750191,0.014020593874640311,0.10526315789473684,1.6084188312563674,1.3635730027926616,3.8003350218180882,0.1281767955801105,9,train,-1,organic,,,0
UPI_00324,2,5,2.5,0.4,143224.19,59453.88,0.4151106237513228,0.3475143720192032,0.0,0.4,0.16666666666666666,0.6513348171923268,0.018975848172973712,0.04,1.7626591813305557,1.7771764994779176,4.167034015151413,0.13090257023311416,5,train,-1,organic,,,0
UPI_00325,1,3,3.0,0.3333333333333333,179015.78,25543.01,0.14268581005586595,0.24300263629185762,0.0,0.0,0.0,1.0,0.009159009565058988,0.2,1.6959713568263828,1.513875059239016,2.5002204090908475,0.110055423594616,17,train,-1,organic,,,0
UPI_00326,2,4,2.0,0.5,269435.25,138697.27,0.5147703049053214,0.7012832204663008,0.03333333333333333,0.3333333333333333,0.0,0.5669561174434092,0.017003097315420393,0.08695652173913043,1.405748871798771,1.3159430725304448,3.8336712939393,0.12395709177592372,21,train,-1,organic,,,0
UPI_00327,2,6,3.0,0.3333333333333333,432797.89,113369.35,0.26194525396470564,0.26593784391108755,0.017857142857142856,0.0,0.0,0.5126224818122694,0.021816551086080434,0.06666666666666667,2.687228460726527,1.714065174514685,3.7503306136362715,0.13090257023311416,5,train,-1,organic,,,0
UPI_00328,2,8,4.0,0.25,67505.68,82571.59,0.817541259655655,0.31767874941739593,0.0,0.0,0.1111111111111111,0.7372886044858789,0.025790678757446037,0.02857142857142857,2.239243201072705,1.7675332525707927,3.8892317474746516,0.13090257023311416,5,train,-1,organic,,,0
UPI_00329,2,5,2.5,0.4,59132.43,45423.09,0.7681587262178062,0.2998844675880828,0.05,0.5,0.16666666666666666,0.7389260148480032,0.015271755947912942,0.1111111111111111,1.2669322691708804,1.3635131893712606,3.000264490909017,0.10567514677103718,27,train,-1,organic,,,0
UPI_00330,1,7,7.0,0.14285714285714285,103009.08,75741.0,0.7352846601941748,0.24302917371621402,0.0,0.0,0.0,1.0,0.029981815906775244,0.04878048780487805,2.531270497436005,1.8644249192892046,5.125451838636238,0.11376146788990826,15,train,-1,organic,,,0
UPI_00331,1,8,8.0,0.125,199017.54,120997.19,0.6079724623115578,0.24393038772468417,0.0,0.0,0.0,1.0,0.025339380004993348,0.029411764705882353,2.4836750189001697,2.0002389122697917,3.778110840403947,0.11512415349887133,11,train,-1,organic,,,0
UPI_00332,2,9,4.5,0.2222222222222222,325891.01,136889.93,0.4200481872280522,0.2940772985469945,0.0,0.0,0.1,0.9617135188690364,0.027061861953622632,0.05405405405405406,2.300106182794839,1.8747834672000847,3.7003262054544543,0.11376146788990826,15,train,-1,organic,,,0
UPI_00333,29,3,0.10344827586206896,0.10344827586206896,340016.2,1198283.14,0.2837528079103472,2.9775399614991103,0.029233870967741934,0.48,0.0,0.06707936554768193,0.10923425486928832,0.012987012987012988,3.507439917269126,2.7672440626461237,4.812924287499881,0.13686313686313686,22,train,-1,organic,,,0
UPI_00334,1,1,1.0,1.0,138286.56,182588.01,0.7573693565455935,2.755609985041455,0.0,1.0,0.0,1.0,0.007205075575460935,0.1111111111111111,0.10111472027470841,0.027373495744751074,4.500396736363525,0.3680672268907563,31,train,-1,organic,,,0
UPI_00335,1,6,6.0,0.16666666666666666,228020.1,81218.19,0.35618872807017543,0.2440908513678096,0.0,0.0,0.0,1.0,0.015391913544680322,0.09523809523809523,1.8202613143563808,1.6559983260371665,3.000264490909017,0.11764705882352941,18,train,-1,organic,,,0
UPI_00336,3,9,3.0,0.3333333333333333,202839.51,133202.67,0.6566899694080951,0.3510673601323445,0.0,0.2,0.2,0.6935597903713491,0.02815942350579059,0.02631578947368421,2.064441608288091,1.7767739135983827,3.8003350218180882,0.10567514677103718,27,train,-1,organic,,,0
UPI_00337,3,2,0.6666666666666666,0.6666666666666666,2530855.71,2612255.59,0.9688392375066199,5.891220270180069,0.05,1.0,0.0,0.5280376909469255,0.023961746070804046,0.03125,0.5779156897474454,0.590121066009644,6.40056424727257,0.3680672268907563,31,train,-1,organic,,,0
UPI_00338,2,4,2.0,0.5,109524.92,29805.47,0.2721341299833466,0.5070342575376549,0.0,0.4,0.2,0.8721723218613127,0.01541574332787359,0.1,2.1275357464402527,1.6150945397379002,4.000352654545356,0.12260967379077616,20,train,-1,organic,,,0
UPI_00339,1,3,3.0,0.3333333333333333,150013.22,11053.8,0.07368553333333333,0.2431947146323492,0.0,0.0,0.0,1.0,0.0075983850148590645,0.1111111111111111,1.7065609452499948,1.5931712121451824,2.2501983681817626,0.12611377655928718,32,train,-1,organic,,,0
UPI_00340,2,4,2.0,0.5,281754.74,54742.5,0.19429130525371993,0.291072698447391,0.0,0.0,0.2,0.8112190780933216,0.01741356265881356,0.09090909090909091,1.7980216301043166,1.6011354157716453,4.400387919999892,0.12547528517110265,28,train,-1,organic,,,0
UPI_00341,1,9,9.0,0.1111111111111111,315027.77,265589.89,0.8430681904761904,0.24425988185937628,0.0,0.0,0.0,1.0,0.026796378150488458,0.02857142857142857,1.938964108801097,1.5794418428803085,3.5003085727271865,0.11778115501519756,19,train,-1,organic,,,0
UPI_00342,42,5,0.11904761904761904,0.11904761904761904,853199.85,1427115.4,0.5978492386899613,3.2007681568794033,0.010638297872340425,0.2702702702702703,0.0,0.0847495741251868,0.17054569749349682,0.012345679012345678,3.2027772382139665,2.4884707315628525,5.1706685907155405,0.110055423594616,17,train,-1,organic,,,0
UPI_00343,1,8,8.0,0.125,328528.96,176502.5,0.5372509589041096,0.2448433823084285,0.0,0.0,0.0,1.0,0.027685840190368485,0.05263157894736842,2.196846860382703,1.799532724901236,4.222594468686765,0.13686313686313686,22,train,-1,organic,,,0
UPI_00344,2,7,3.5,0.2857142857142857,233508.92,141072.33,0.604141072061289,0.26835973238226823,0.0,0.0,0.125,0.9064358418512177,0.02236456424767341,0.034482758620689655,2.202192870199671,1.8456395239808283,3.625319593181729,0.12661498708010335,14,train,-1,organic,,,0
UPI_00345,3,9,3.0,0.3333333333333333,585523.03,86972.48,0.1485380985554871,0.5215321916542491,0.07575757575757576,0.5,0.0,0.43760006045844757,0.027040211047178075,0.027777777777777776,2.9193684428871043,2.02789649075313,3.000264490909017,0.110055423594616,17,train,-1,organic,,,0
UPI_00346,35,3,0.08571428571428572,0.08571428571428572,553385.12,2867364.02,0.19299437369233574,2.462762869903298,0.027738264580369845,0.07692307692307693,0.0,0.06788985633157484,0.11222945641984461,0.01910828025477707,2.6808511288435595,2.564030175721173,4.131943202392243,0.11402027027027027,0,train,-1,organic,,,0
UPI_00347,1,5,5.0,0.2,46004.06,129781.48,0.35447318965147884,0.2435043235856035,0.0,0.0,0.0,1.0,0.012259038941291236,0.13333333333333333,1.5616145299785185,1.3370266524540613,2.5002204090908475,0.1330166270783848,1,train,-1,organic,,,0
UPI_00348,5,6,1.2,0.8333333333333334,298611.39,78844.62,0.2640375488298863,0.35727054026283633,0.07407407407407407,0.0,0.1,0.8363356282743859,0.015944755219534604,0.047619047619047616,2.1837659649215926,2.2205322962241385,2.100185143636312,0.13686313686313686,22,train,-1,organic,,,0
UPI_00349,5,2,0.4,0.4,3868860.24,2432310.4,0.6286891357741698,6.11437688810061,0.023809523809523808,0.7142857142857143,0.0,0.2775900820108293,0.023780027539193508,0.030303030303030304,0.5004468552998188,0.4779251523525037,4.714701342857027,0.1,3,train,-1,organic,,,0
UPI_00350,2,6,3.0,0.3333333333333333,65792.12,51869.14,0.7883792557480035,0.26716653095188325,0.037037037037037035,0.0,0.14285714285714285,0.7685587953014426,0.015827360264579454,0.05263157894736842,1.2700860611675615,1.2296811420862954,2.714525015584349,0.145478374836173,30,train,-1,organic,,,0
UPI_00351,3,6,2.0,0.5,54910.87,127103.41,0.4320172731279124,0.5486948348083662,0.0,0.0,0.125,0.5082384495153299,0.020433741910067152,0.037037037037037035,1.6567592812533536,1.3808996630988157,3.3752975522726443,0.11764705882352941,18,train,-1,organic,,,0
UPI_00352,1,4,4.0,0.25,99008.73,61193.13,0.6180579797979798,0.243732248474595,0.0,0.0,0.0,1.0,0.010232523955577041,0.07142857142857142,1.4256074372613268,1.3855303254959648,2.8002468581817492,0.11626248216833096,29,train,-1,organic,,,0
UPI_00353,1,7,7.0,0.14285714285714285,264023.28,94792.92,0.35903242424242415,0.24348693321257983,0.0,0.0,0.0,1.0,0.018955491015228896,0.041666666666666664,2.4341605468451313,1.9309406889131029,3.000264490909017,0.12642986152919927,6,train,-1,organic,,,0
UPI_00354,2,5,2.5,0.4,69540.95,53413.82,0.7680915834685413,0.2878436459693706,0.0,0.0,0.16666666666666666,0.7044586289837635,0.011493211622350624,0.0625,1.705222277220691,1.5270761583034447,2.6669017696969037,0.11764705882352941,18,train,-1,organic,,,0
UPI_00355,3,5,1.6666666666666667,0.6,166975.45,77296.81,0.4629232275158356,0.3045563499041258,0.0,0.0,0.14285714285714285,0.9420639792912525,0.01519005959285416,0.047619047619047616,2.0423659298847685,1.6636410397444001,3.000264490909017,0.11778115501519756,19,train,-1,organic,,,0
UPI_00356,3,7,2.3333333333333335,0.42857142857142855,237257.71,113778.4,0.4795561851937045,0.29824703925890406,0.0,0.0,0.25,0.8210134026526349,0.0263115704895461,0.03225806451612903,2.2494471131712284,1.8513918693811682,3.875341634090814,0.11764705882352941,18,train,-1,organic,,,0
UPI_00357,2,5,2.5,0.4,252690.19,93256.3,0.36905390953683037,0.29084412066650833,0.0,0.0,0.16666666666666666,0.9264015459317505,0.013078616776426133,0.06666666666666667,1.7140649595191437,1.550289109656707,2.5002204090908475,0.10567514677103718,27,train,-1,organic,,,0
UPI_00358,2,9,4.5,0.2222222222222222,223464.56,159636.11,0.7143688156442712,0.28306544593882704,0.0,0.0,0.1,0.969641275882906,0.031220536174906163,0.05128205128205128,2.4447965376698386,1.9963506673626317,3.900343838181722,0.12260967379077616,20,train,-1,organic,,,0
UPI_00359,1,7,7.0,0.14285714285714285,74006.52,71521.64,0.9664233783783784,0.2434528213270333,0.0,0.0,0.0,1.0,0.02299245619907156,0.03125,1.9322254871308273,1.551783338754001,4.000352654545356,0.12642986152919927,6,train,-1,organic,,,0
UPI_00360,1,7,7.0,0.14285714285714285,204017.99,142381.13,0.6978851960784315,0.2431947146323492,0.0,0.0,0.0,1.0,0.01720885649226973,0.043478260869565216,2.0675465219855407,1.4456457304200456,2.8752534704544748,0.10567514677103718,27,train,-1,organic,,,0
UPI_00361,3,4,1.3333333333333333,0.75,333090.63,18789.41,0.056409290698975594,1.0964613373075625,0.0,0.42857142857142855,0.0,0.3701156808219269,0.016807889477165022,0.043478260869565216,0.7527509334426543,0.9834106357319299,3.286003966233685,0.1281767955801105,9,train,-1,organic,,,0
UPI_00362,3,4,1.3333333333333333,0.75,183789.38,17253.51,0.09387653845898514,0.7770275927985599,0.0,0.3333333333333333,0.16666666666666666,0.8780634736231882,0.01490467869631129,0.10526315789473684,2.447147459471445,2.016255476827163,3.1669458515150732,0.1281767955801105,9,train,-1,organic,,,0
UPI_00363,20,2,0.1,0.1,878430.64,107090.83,0.12191153854736342,1.1005755814325735,0.0,0.0,0.0,0.07562944868396404,0.036069831193190016,0.06,0.5879168078809275,0.6824480401723662,2.2729276446280435,0.12661498708010335,14,train,-1,organic,,,0
UPI_00364,13,1,0.07692307692307693,0.07692307692307693,606269.57,146.81,0.00024215786277672724,1.4694091359735812,0.0,0.0,0.0,0.12099075804988735,0.0272316431693628,0.058823529411764705,0.7647431958605799,0.8053746296578768,2.42878554025968,0.12321792260692464,7,train,-1,organic,,,0
UPI_00365,41,5,0.12195121951219512,0.12195121951219512,587910.52,1774923.04,0.33123155458128795,3.2703977852467445,0.011111111111111112,0.32432432432432434,0.0,0.05237854968830575,0.14749699134758812,0.014354066985645933,2.6225131412735623,2.47868842717449,4.543878830434671,0.12642986152919927,6,train,-1,organic,,,0
UPI_00366,36,5,0.1388888888888889,0.1388888888888889,526023.78,700089.8,0.7513661594832027,2.577907261117009,0.020731707317073172,0.2647058823529412,0.0,0.11244900355077764,0.1577852099156901,0.013333333333333334,1.9649807951972953,1.8846329036064442,5.488288702882349,0.12611377655928718,32,train,37,stealth_cycle,37,stealth_cycle,1
UPI_00367,15,0,0.0,0.0,559949.11,0.0,0.0,1.9533945393594847,0.0,0.0,0.0,0.07642826521866201,0.02965533324298133,0.047619047619047616,0.5318525736327329,0.47853757486751064,2.8002468581817492,0.11626248216833096,29,train,-1,organic,,,0
UPI_00368,2,5,2.5,0.4,245322.48,93813.93,0.38241066021581255,0.2621139184517316,0.0,0.0,0.16666666666666666,0.9734494791829877,0.013391494431698453,0.058823529411764705,1.8937516282085596,1.6089577215034456,2.833583130302961,0.110055423594616,17,train,-1,organic,,,0
UPI_00369,8,23,2.875,0.34782608695652173,137642.78,307124.88,0.4481655209459161,0.4062321119171934,0.048701298701298704,0.5,0.10714285714285714,0.3685546217154956,0.030491044969653144,0.047619047619047616,1.730216082755069,1.63664237559113,1.5001322454545085,0.145478374836173,30,train,-1,organic,,,0
UPI_00370,3,5,1.6666666666666667,0.6,201388.23,100737.02,0.5002130401635831,0.3655239029000278,0.0,0.0,0.14285714285714285,0.700889689447324,0.016270437682991065,0.045454545454545456,1.6735385897495612,1.554024409196932,3.143134228571351,0.13169845594913715,24,train,-1,organic,,,0
UPI_00371,1,4,4.0,0.25,55004.85,39817.81,0.7238963636363637,0.24306528793877566,0.0,0.0,0.0,1.0,0.00826530113873308,0.09090909090909091,1.0792449024300845,1.0718189105098361,2.200193959999946,0.13090257023311416,5,train,-1,organic,,,0
UPI_00372,2,6,3.0,0.3333333333333333,81841.87,99561.31,0.8220249148866433,0.2696047743931252,0.0,0.0,0.14285714285714285,0.8469146578741386,0.016277189019885095,0.09090909090909091,1.2207492455939444,1.1040783304963078,3.143134228571351,0.11778115501519756,19,train,-1,organic,,,0
UPI_00373,2,6,3.0,0.3333333333333333,69084.62,147449.06,0.46853212165327796,0.26918676408525566,0.0,0.0,0.14285714285714285,0.6587311998228311,0.016794450529390288,0.08695652173913043,1.5534436338774804,1.3436243067463713,3.286003966233685,0.12260967379077616,20,train,-1,organic,,,0
UPI_00374,1,7,7.0,0.14285714285714285,58005.11,77087.65,0.7524566737393269,0.2435043235856035,0.0,0.0,0.0,1.0,0.0198631526869512,0.037037037037037035,2.3557902854758406,1.472910591401379,3.3752975522726443,0.12013536379018612,23,train,-1,organic,,,0
UPI_00375,1,2,2.0,0.5,181343.98,91635.13,0.5053111215758803,0.5233526343063158,0.0,0.6666666666666666,0.0,1.0,0.017803083652338215,0.04,0.6163538008058589,0.5644776781824774,8.334068030302825,0.13090257023311416,5,train,-1,organic,,,0
UPI_00376,3,2,0.6666666666666666,0.6666666666666666,3259868.99,3093770.42,0.9490474729976158,6.056956568183031,0.05,1.0,0.0,0.4764300306942716,0.026180692072050097,0.05714285714285714,0.4999310410775935,0.5595079184647338,7.000617145454373,0.3680672268907563,31,train,-1,organic,,,0
UPI_00377,3,6,2.0,0.5,232435.03,144261.88,0.6206546285787458,0.3318671692540122,0.0,0.5,0.2857142857142857,0.7009608431083074,0.018349630183592126,0.04,1.7293922734941203,1.3492688661942298,3.571743441558354,0.12814645308924486,4,train,-1,organic,,,0
UPI_00378,1,6,6.0,0.16666666666666666,156013.75,192488.87,0.8105079234942867,0.24285468123492607,0.023809523809523808,0.0,0.0,1.0,0.01127026666898855,0.0625,1.350643549605816,1.2327302172517935,2.285915802597346,0.12321792260692464,7,train,-1,organic,,,0
UPI_00379,1,6,6.0,0.16666666666666666,227020.01,129131.89,0.56881281938326,0.24322241648606138,0.0,0.0,0.0,1.0,0.017929321798501135,0.045454545454545456,1.9995294360719744,1.5528251063878842,3.143134228571351,0.13169845594913715,24,train,-1,organic,,,0
UPI_00380,43,4,0.09302325581395349,0.09302325581395349,887696.64,1550334.8,0.5725838283652166,4.208676912437934,0.01341350601295097,0.3170731707317073,0.0,0.053893750101384294,0.1692758831607802,0.008264462809917356,2.6612316501589155,1.9315179861391367,5.149390119148809,0.11778115501519756,19,train,-1,organic,,,0
UPI_00381,3,8,2.6666666666666665,0.375,401308.56,295238.08,0.735688465399058,0.2821313460637124,0.009259259259259259,0.25,0.1,0.538423747562566,0.019912002061670667,0.07407407407407407,1.526924267372444,1.2210793486524019,2.7002380418181153,0.12611377655928718,32,train,-1,organic,,,0
UPI_00382,3,8,2.6666666666666665,0.375,149637.83,140530.99,0.9391407725358604,0.4645569993281765,0.018867924528301886,0.25,0.2222222222222222,0.6989468714964454,0.020129191303526667,0.07407407407407407,1.3823846377414877,1.4558701686799933,3.000264490909017,0.12436224489795919,8,train,-1,organic,,,0
UPI_00383,4,7,1.75,0.5714285714285714,161130.44,48180.9,0.2990179636764115,0.3996803128888469,0.019230769230769232,0.0,0.375,0.6210444709131828,0.02330081091921503,0.030303030303030304,2.2592193599033425,1.9917731719580107,4.125363674999899,0.13686313686313686,22,train,-1,organic,,,0
UPI_00384,40,6,0.15,0.15,609477.38,1868315.22,0.3262176379663454,5.197501395805097,0.005797101449275362,0.3235294117647059,0.0,0.059236926539176074,0.13043048952428227,0.010810810810810811,2.380899184877969,2.1187351477834557,4.022093701580928,0.1281767955801105,9,train,-1,organic,,,0
UPI_00385,4,8,2.0,0.5,167848.28,117871.81,0.7022521370587084,0.3428122739607213,0.015625,0.3333333333333333,0.2,0.6483977031668408,0.02686064977639687,0.02631578947368421,1.927190362207862,1.7573488293575008,3.8003350218180882,0.12661498708010335,14,train,-1,organic,,,0
UPI_00386,2,4,2.0,0.5,264490.91,146956.36,0.5556196885977598,0.33873783475406594,0.1,0.5,0.0,0.5000167870755035,0.01187992367149041,0.0625,1.1671012926835718,1.0018013530129506,2.6669017696969037,0.13169845594913715,24,train,4,stealth_cycle,4,stealth_cycle,1
UPI_00387,2,2,1.0,1.0,140978.72,149524.13,0.94284926956855,2.525355669743008,0.0,0.75,0.0,0.6572304763091132,0.021521278133041492,0.034482758620689655,0.5720258682318144,0.48762290993927876,7.250639186363458,0.12436224489795919,8,train,-1,organic,,,0
UPI_00388,2,4,2.0,0.5,86999.29,106659.17,0.8156756456202391,0.31312481987511587,0.0,0.0,0.2,0.5809765362574606,0.017444576575854284,0.09090909090909091,1.1191264591771448,0.8622296007263178,4.400387919999892,0.110055423594616,17,train,-1,organic,,,0
UPI_00389,2,7,3.5,0.2857142857142857,69533.02,58016.07,0.8343672498511008,0.3455900746995746,0.02857142857142857,0.0,0.125,0.5043340146188011,0.025879922352245312,0.027777777777777776,1.2307213432073436,1.4407680645525345,4.500396736363525,0.12547528517110265,28,train,-1,organic,,,0
UPI_00390,35,9,0.2571428571428571,0.2571428571428571,1190502.63,2139141.63,0.5565328701347606,3.263813709165756,0.012684989429175475,0.38235294117647056,0.0,0.15641966393737178,0.15015855944912096,0.018779342723004695,3.050542859374351,2.4351592965890005,4.841335883057732,0.1330166270783848,1,train,-1,organic,,,0
UPI_00391,1,7,7.0,0.14285714285714285,235020.72,60999.28,0.25954851063829787,0.2429492733378004,0.0,0.0,0.0,1.0,0.020521291473276717,0.037037037037037035,2.7716368343033535,2.2212077681513813,3.3752975522726443,0.145478374836173,30,train,-1,organic,,,0
UPI_00392,3,2,0.6666666666666666,0.6666666666666666,2005800.38,1661983.31,0.8285885911711168,4.21874909496823,0.0,1.0,0.0,0.3565538699289278,0.016207398325000618,0.043478260869565216,0.43036973518887167,0.333326614451399,4.6004055527271595,0.11402027027027027,0,train,-1,organic,,,0
UPI_00393,6,6,1.0,1.0,213784.34,73433.12,0.34349159913510824,0.6957740006832892,0.031746031746031744,0.625,0.3333333333333333,0.7531675085967823,0.02150753052326826,0.03333333333333333,2.3474445950724134,2.146842157451755,3.3336272121211303,0.12260967379077616,20,train,-1,organic,,,0
UPI_00394,1,4,4.0,0.25,207542.31,190757.65,0.9191265627529075,0.633310793716401,0.0,0.75,0.0,1.0,0.020100440162416522,0.037037037037037035,0.5180099903844145,0.6024365974013478,5.400476083636231,0.12167606768734891,26,train,-1,organic,,,0
UPI_00395,2,4,2.0,0.5,307391.51,39850.23,0.1296399931273761,0.36821857094463517,0.07142857142857142,0.4,0.2,0.9257790566952349,0.010807625860807385,0.13333333333333333,1.6331072269937774,1.6820280671414294,3.000264490909017,0.1,3,train,-1,organic,,,0
UPI_00396,34,6,0.17647058823529413,0.17647058823529413,1005797.94,3239051.58,0.31052235869436245,6.044382615166386,0.008333333333333333,0.43243243243243246,0.0,0.2565082633850797,0.14441600221219766,0.009708737864077669,2.585061233232811,2.5687499727698517,5.150454042727146,0.1,3,train,3,layered_fanin,3,layered_fanin,1
UPI_00397,5,9,1.8,0.5555555555555556,543935.74,476389.67,0.8758197531884288,0.5932432296035631,0.0,0.36363636363636365,0.2727272727272727,0.4490161312779233,0.028062238146676254,0.025,1.4409034881360796,1.2511250876119853,3.636684231404869,0.12260967379077616,20,train,12,stealth_cycle,12,stealth_cycle,1
UPI_00398,38,3,0.07894736842105263,0.07894736842105263,935594.94,870897.19,0.9308485533159011,2.5359199408202167,0.006707317073170732,0.2727272727272727,0.0,0.13632480106623185,0.1336221186021329,0.015789473684210527,3.6775213711042447,3.0587927729314783,4.634554904656205,0.12547528517110265,28,train,-1,organic,,,0
UPI_00399,38,4,0.10526315789473684,0.10526315789473684,738562.16,1368376.93,0.5397359032806939,3.7118979178569917,0.013937282229965157,0.1935483870967742,0.0,0.06884444437151516,0.1315031953838648,0.015957446808510637,2.9046382227952283,2.303086986782625,4.476585113419803,0.12395709177592372,21,train,-1,organic,,,0
UPI_00400,45,3,0.06666666666666667,0.06666666666666667,872867.44,1630509.46,0.5353341764325124,8.526867205366061,0.00975177304964539,0.0,0.0,0.08377902625440388,0.15903800315767647,0.013513513513513514,2.6519394756841788,2.6779125014620537,4.625407756818068,0.12642986152919927,6,train,-1,organic,,,0
UPI_00401,2,4,2.0,0.5,67454.08,37168.35,0.5510170556248186,0.5910285723595808,0.0,0.3333333333333333,0.0,0.8768007143219312,0.009624244541360192,0.08333333333333333,1.2011793290206612,1.2001632216512788,2.000176327272678,0.13169845594913715,24,train,-1,organic,,,0
UPI_00402,2,4,2.0,0.5,267258.03,76275.05,0.2853985490719068,0.2653752230599374,0.07142857142857142,0.0,0.2,0.912628380815186,0.013604493472080904,0.10526315789473684,1.6213114233072647,1.555478259713806,3.8003350218180882,0.12013536379018612,23,train,-1,organic,,,0
UPI_00403,1,4,4.0,0.25,277024.42,100183.47,0.36164129963898917,0.24579742636011256,0.05,0.0,0.0,1.0,0.011355009269618145,0.15384615384615385,1.64588792864789,1.4142784295271362,2.6002292254544814,0.12436224489795919,8,train,-1,organic,,,0
UPI_00404,2,9,4.5,0.2222222222222222,101150.5,90847.97,0.8981465387430175,0.33185347534387627,0.009259259259259259,0.0,0.1,0.6470947346434914,0.030858893627026186,0.047619047619047616,1.8923650384143398,1.7040948184698834,4.200370287272624,0.12611377655928718,32,train,-1,organic,,,0
UPI_00405,4,8,2.0,0.5,470276.04,452693.87,0.962613085579542,1.436351109118136,0.03787878787878788,0.8333333333333334,0.0,0.44706145296007826,0.04107190196510382,0.03636363636363636,0.6839464961472249,1.0082940563069203,4.583737416666554,0.145478374836173,30,train,-1,organic,,,0
UPI_00406,3,6,2.0,0.5,162452.41,93833.29,0.577604797002969,0.43707470157810757,0.027777777777777776,0.0,0.0,0.9350601540037922,0.015893587526084618,0.1111111111111111,1.6275806646218298,1.6681577262217,2.000176327272678,0.10567514677103718,27,train,-1,organic,,,0
UPI_00407,3,6,2.0,0.5,247910.95,235146.71,0.948512782530575,0.3358566994358859,0.0,0.0,0.125,0.8413753256400041,0.015891246090392296,0.13636363636363635,1.3329309059695151,1.3116703531982727,2.7502424499999325,0.12611377655928718,32,train,-1,organic,,,0
UPI_00408,2,5,2.5,0.4,217851.38,29721.19,0.1364287406938681,0.6156293458313242,0.1,0.0,0.16666666666666666,0.8891233172507642,0.01440265615300843,0.05263157894736842,2.3572365668390733,2.003532214654761,3.1669458515150732,0.1407942238267148,2,train,-1,organic,,,0
UPI_00409,2,9,4.5,0.2222222222222222,231031.84,210497.54,0.9111191751647656,0.27046226222274894,0.009259259259259259,0.0,0.1,0.9250258546195989,0.01956008326316925,0.037037037037037035,1.733216500911627,1.6332567138195584,2.7002380418181153,0.13090257023311416,5,train,-1,organic,,,0
UPI_00410,4,3,0.75,0.75,300366.06,21110.66,0.07028311087070176,1.5813466579603068,0.0,0.7142857142857143,0.0,0.2649343884839399,0.026108194429796,0.05714285714285714,1.2451549086138882,1.3662366989545844,5.000440818181695,0.1330166270783848,1,train,-1,organic,,,0
UPI_00411,3,3,1.0,1.0,81854.2,23550.75,0.28771580820697357,0.2816012427239395,0.13333333333333333,0.0,0.0,0.8872590613896136,0.009616388462916023,0.08333333333333333,1.5229405957768873,1.5757263474899559,2.000176327272678,0.13090257023311416,5,train,-1,organic,,,0
UPI_00412,1,5,5.0,0.2,172015.16,76144.66,0.44266250000000007,0.2435397953398505,0.0,0.0,0.0,1.0,0.011157273934677022,0.07692307692307693,1.5462343884705458,1.4626116026778684,2.1668576878787342,0.10888252148997135,12,train,-1,organic,,,0
UPI_00413,4,1,0.25,0.25,2655755.82,510359.52,0.19217110144496277,3.3728005590115737,0.0,0.6,0.0,0.2903996211785383,0.015817229817235674,0.09523809523809523,0.45803571091188355,0.3790971176400651,4.200370287272624,0.3680672268907563,31,train,-1,organic,,,0
UPI_00414,2,3,1.5,0.6666666666666666,155415.42,391489.09,0.39698531563993966,2.1514955793946307,0.0,0.8,0.0,0.6049475920609391,0.0351124014852307,0.02040816326530612,0.6774496388057959,0.49543442061204185,9.800864003636123,0.11626248216833096,29,train,-1,organic,,,0
UPI_00415,1,5,5.0,0.2,405035.71,275061.0,0.679103086419753,0.24425988185937628,0.0,0.0,0.0,1.0,0.01720949626745989,0.09090909090909091,1.4775843303695417,1.1969410263884375,3.6669899333332427,0.12167606768734891,26,train,-1,organic,,,0
UPI_00416,4,8,2.0,0.5,340471.22,113541.96,0.33348474469351114,0.5650361706966982,0.046153846153846156,0.2,0.09090909090909091,0.5333485045450349,0.03581913486043571,0.02,2.432559291248176,1.9819161204229716,4.545855289256087,0.10567514677103718,27,train,-1,organic,,,0
UPI_00417,2,7,3.5,0.2857142857142857,210808.08,66509.94,0.3154999656054974,0.2611434463191753,0.06944444444444445,0.0,0.0,0.8777224316496821,0.02331480765537309,0.06060606060606061,2.8057528665417393,1.943146483913981,3.6669899333332427,0.12167606768734891,26,train,-1,organic,,,0
UPI_00418,2,9,4.5,0.2222222222222222,226694.58,115193.71,0.5081449355154922,0.31395887266569017,0.0,0.2,0.1,0.9102509953430367,0.034847023215696486,0.02127659574468085,3.011469552964467,2.0503190397435023,4.700414369090794,0.110055423594616,17,train,-1,organic,,,0
UPI_00419,1,5,5.0,0.2,215018.96,120669.84,0.5612055813953488,0.2435397953398505,0.0,0.0,0.0,1.0,0.01144438596100825,0.07142857142857142,1.4951308693495045,1.3832750121362087,2.3335390484847913,0.1234676007005254,25,train,-1,organic,,,0
UPI_00420,1,4,4.0,0.25,151013.31,70527.49,0.46702827814569536,0.24306528793877566,0.0,0.0,0.0,1.0,0.011360256018095625,0.13333333333333333,1.6371665254545198,1.4604746691348267,3.000264490909017,0.145478374836173,30,train,-1,organic,,,0
UPI_00421,2,5,2.5,0.4,165133.55,57688.72,0.34934582630380673,0.27367305793578295,0.0,0.0,0.16666666666666666,0.8956464359080845,0.012859212067656126,0.05555555555555555,1.9381546543998627,1.5764068563431883,3.000264490909017,0.12611377655928718,32,train,-1,organic,,,0
UPI_00422,2,5,2.5,0.4,283003.13,125306.2,0.4427731848441459,0.33280741954386733,0.0,0.0,0.16666666666666666,0.7728018782117891,0.013928857928228549,0.05555555555555555,1.605974969031065,1.5308954486602002,3.000264490909017,0.12661498708010335,14,train,-1,organic,,,0
UPI_00423,3,6,2.0,0.5,296548.16,119573.44,0.4032176092689507,0.9173608035234092,0.0,0.42857142857142855,0.125,0.7486283694842302,0.023950209317532778,0.0967741935483871,2.304701857283296,1.870195806624702,3.875341634090814,0.12611377655928718,32,train,-1,organic,,,0
UPI_00424,3,6,2.0,0.5,79973.46,47795.82,0.5976460616401311,0.3902149039006805,0.0,0.0,0.2857142857142857,0.8817818335047715,0.01952107462681587,0.07692307692307693,2.0090217960007424,1.5007329704789343,3.714613179220688,0.11778115501519756,19,train,-1,organic,,,0
UPI_00425,2,7,3.5,0.2857142857142857,368590.19,153857.33,0.4174211256473545,0.7706073977068657,0.013888888888888888,0.25,0.0,0.6293284985159784,0.02081165452653486,0.06896551724137931,1.957016542617878,1.8034478905969415,3.222506305050426,0.1,3,train,-1,organic,,,0
UPI_00426,2,7,3.5,0.2857142857142857,183141.13,57867.45,0.31597189438754375,0.6227255975139541,0.0,0.3333333333333333,0.0,0.6841188468298802,0.02149790644230549,0.03333333333333333,1.1662213347963997,1.19528128356277,3.3336272121211303,0.12547528517110265,28,train,-1,organic,,,0
UPI_00427,3,4,1.3333333333333333,0.75,299829.29,16145.6,0.05384931951616473,1.0156096559568866,0.023809523809523808,0.3333333333333333,0.0,0.503383519086655,0.01786722507700774,0.04,1.9727735591124007,1.9410930553986083,3.571743441558354,0.11778115501519756,19,train,-1,organic,,,0
UPI_00428,1,3,3.0,0.3333333333333333,72006.35,27104.2,0.37641402777777777,0.2434528213270333,0.0,0.0,0.0,1.0,0.015350082955155407,0.13333333333333333,1.7655133102287497,1.4235844571894756,3.7503306136362715,0.12661498708010335,14,train,-1,organic,,,0
UPI_00429,34,2,0.058823529411764705,0.058823529411764705,444983.46,589019.77,0.7554643900420779,8.407324805004693,0.003968253968253968,0.13793103448275862,0.0,0.05090166901533684,0.11897462535629207,0.011764705882352941,3.8758660994237677,3.4800048047986087,4.722638550504934,0.10567514677103718,27,train,-1,organic,,,0
UPI_00430,162,1,0.006172839506172839,0.006172839506172839,3542496.31,184.4,5.205263164165028e-05,11.680943396416039,0.0006816632583503749,0.0,0.0,0.16160536531663497,0.2737045331864492,0.010256410256410256,3.2535095190555743,3.760239491191472,2.392848980479584,0.12642986152919927,6,train,-1,organic,,,0
UPI_00431,29,4,0.13793103448275862,0.13793103448275862,1182832.87,13238.02,0.011191789900066678,1.2346328388960086,0.009487666034155597,0.0,0.03125,0.05003188100471284,0.050118148240305936,0.028169014084507043,0.6163085420197577,0.6940037238221209,2.218945613068127,0.12814645308924486,4,train,-1,organic,,,0
UPI_00432,2,5,2.5,0.4,272082.73,116103.93,0.4267228834478907,0.34286700335985926,0.0,0.3333333333333333,0.16666666666666666,0.7754829741220426,0.014533102876000134,0.05,1.7376218185292027,1.5398646195437917,3.3336272121211303,0.11402027027027027,0,train,-1,organic,,,0
UPI_00433,26,3,0.11538461538461539,0.11538461538461539,1383399.73,1272030.21,0.9194957718470688,1.5891295368499894,0.022167487684729065,0.391304347826087,0.0,0.23893006012778456,0.09268749859808208,0.015151515151515152,3.2272995108366667,2.409162490090397,4.5521254344826465,0.1234676007005254,25,train,-1,organic,,,0
UPI_00434,1,5,5.0,0.2,148013.05,18621.76,0.12581162162162163,0.2435043235856035,0.0,0.0,0.0,1.0,0.010697299343350394,0.07692307692307693,2.038002325966249,1.9732979828419455,2.1668576878787342,0.11512415349887133,11,train,-1,organic,,,0
UPI_00435,1,6,6.0,0.16666666666666666,253022.31,96089.7,0.3797677075098815,0.2429492733378004,0.0,0.0,0.0,1.0,0.01585334534611236,0.045454545454545456,2.3269806026290145,1.818521111581195,3.143134228571351,0.12395709177592372,21,train,-1,organic,,,0
UPI_00436,5,6,1.2,0.8333333333333334,194484.06,63583.89,0.3269362213377987,0.9338729300360451,0.009433962264150943,0.3333333333333333,0.2222222222222222,0.6052826250116934,0.02269973478329584,0.06451612903225806,2.097589792090033,2.14397438715679,3.4447481191918348,0.10567514677103718,27,train,-1,organic,,,0
UPI_00437,4,5,1.25,0.8,391438.03,88598.96,0.22634224137790074,1.4308757358857163,0.041666666666666664,0.42857142857142855,0.0,0.39096895684000205,0.021487572246987705,0.037037037037037035,1.0910565763485167,1.2679655973179016,3.000264490909017,0.12167606768734891,26,train,-1,organic,,,0
UPI_00438,1,9,9.0,0.1111111111111111,150013.22,200504.3,0.7481796042050088,0.24518526964191573,0.0,0.0,0.0,1.0,0.023561111235615675,0.06060606060606061,1.8463884315627734,1.5203764002547562,3.3002909399999187,0.13090257023311416,5,train,-1,organic,,,0
UPI_00439,2,6,3.0,0.3333333333333333,113400.84,68611.79,0.6050377614276428,0.3201986305266907,0.018518518518518517,0.0,0.14285714285714285,0.6159698383280432,0.02227214606696053,0.03225806451612903,1.710985701991814,1.6040008483853092,4.428961867532359,0.12611377655928718,32,train,-1,organic,,,0
UPI_00440,3,7,2.3333333333333335,0.42857142857142855,207677.87,98278.49,0.47322564874932793,0.3138411065460963,0.022727272727272728,0.0,0.1111111111111111,0.6146354554998171,0.028175459792403705,0.02631578947368421,2.139711670846623,1.8127264717792941,4.222594468686765,0.11626248216833096,29,train,-1,organic,,,0
UPI_00441,1,8,8.0,0.125,193017.02,160549.24,0.8317880310880829,0.243419573033526,0.0,0.0,0.0,1.0,0.02335020643800342,0.03225806451612903,2.105397312341241,1.5189709373132172,3.4447481191918348,0.11512415349887133,11,train,-1,organic,,,0
UPI_00442,1,4,4.0,0.25,228020.1,85802.26,0.3762925438596491,0.24306528793877566,0.0,0.0,0.0,1.0,0.011383291225695882,0.14285714285714285,1.7094491981764992,1.4395513525381232,2.8002468581817492,0.12436224489795919,8,train,-1,organic,,,0
UPI_00443,3,6,2.0,0.5,82830.99,55147.97,0.6657890997128961,0.35417468009628134,0.0,0.2857142857142857,0.2857142857142857,0.6753386841853694,0.019228471431476612,0.07407407407407407,1.6345827697801627,1.4020999448233484,3.857482916883022,0.12395709177592372,21,train,-1,organic,,,0
UPI_00444,2,9,4.5,0.2222222222222222,171741.93,515328.47,0.33326691676093206,0.28354344315151525,0.018518518518518517,0.0,0.1,0.85291107688652,0.021167795942447113,0.03333333333333333,2.757486492560241,1.920708633067817,3.000264490909017,0.13686313686313686,22,train,-1,organic,,,0
UPI_00445,5,4,0.8,0.8,3222877.58,2282175.8,0.70811743346615,6.995757737024669,0.013888888888888888,1.0,0.0,0.29858333020724426,0.027086846285807712,0.02702702702702703,0.6045921939991341,0.7350468726691276,4.11147356161606,0.3680672268907563,31,train,-1,organic,,,0
UPI_00446,39,7,0.1794871794871795,0.1794871794871795,498182.93,986849.99,0.5048213350604079,3.0000653350279682,0.014492753623188406,0.3142857142857143,0.0,0.054922846577023884,0.1457246796071272,0.014423076923076924,2.0424080702249396,1.8424033096840897,4.522137783399097,0.12321792260692464,7,train,-1,organic,,,0
UPI_00447,1,7,7.0,0.14285714285714285,143012.61,67866.02,0.4745457342657342,0.243419573033526,0.0,0.0,0.0,1.0,0.017709711993758967,0.041666666666666664,2.2116608346637934,1.7986634287885046,3.000264490909017,0.13169845594913715,24,train,-1,organic,,,0
UPI_00448,2,9,4.5,0.2222222222222222,264911.68,202019.55,0.7625920704018935,0.3370897474155174,0.0,0.2222222222222222,0.1,0.8939061181346124,0.023566046722266403,0.06060606060606061,2.1021630108245795,1.9000559997297217,3.3002909399999187,0.11626248216833096,29,train,-1,organic,,,0
UPI_00449,3,6,2.0,0.5,303658.35,99702.63,0.3283381787889125,0.40554061923461876,0.0,0.0,0.2857142857142857,0.8217340164938541,0.023395893655102692,0.0625,2.5770388684200465,1.9825053276391895,4.571831605194692,0.12547528517110265,28,train,-1,organic,,,0
UPI_00450,2,5,2.5,0.4,512278.69,238805.15,0.4661625723720194,0.4887235444911503,0.0,0.0,0.0,0.6589013275443125,0.01783125128885942,0.045454545454545456,1.2256248232359805,1.2226449464430404,3.143134228571351,0.11626248216833096,29,train,-1,organic,,,0
UPI_00451,2,9,4.5,0.2222222222222222,79827.12,98426.07,0.8110363422561807,0.2811730883457398,0.0,0.2222222222222222,0.1,0.908863629573675,0.026233555804174222,0.058823529411764705,1.7270260468707712,1.4996025616882476,3.4002997563635526,0.12611377655928718,32,train,-1,organic,,,0
UPI_00452,2,4,2.0,0.5,199682.85,43790.6,0.21930075463807547,1.156845794806947,0.0,0.5,0.0,0.5809416260597332,0.011775837127088268,0.0625,1.4000105242698473,1.437939251388624,2.6669017696969037,0.11626248216833096,29,train,-1,organic,,,0
UPI_00453,4,7,1.75,0.5714285714285714,102249.89,68898.15,0.6738212738388012,0.5515245606976488,0.0,0.375,0.375,0.7336874542884015,0.021053467943775946,0.034482758620689655,1.7958564561344976,1.6079949373351692,3.625319593181729,0.12661498708010335,14,train,-1,organic,,,0
UPI_00454,2,7,3.5,0.2857142857142857,133977.29,178576.66,0.7502508387613596,0.2800448222558571,0.0,0.0,0.125,0.7787943579063448,0.019529091716410266,0.037037037037037035,1.6851796534389816,1.332022185783878,3.3752975522726443,0.1281767955801105,9,train,-1,organic,,,0
UPI_00455,2,3,1.5,0.6666666666666666,185538.76,376559.78,0.4927205935899666,1.391158168513616,0.0,0.5,0.0,0.9837367457737729,0.022259640758120283,0.03225806451612903,0.39348648351549903,0.529067331807177,6.200546614545302,0.11228070175438597,10,train,-1,organic,,,0
UPI_00456,2,9,4.5,0.2222222222222222,49694.61,67934.03,0.7315127891221356,0.3145912663702856,0.0,0.0,0.1,0.6622933303868954,0.02847888350119394,0.025,1.42311920919713,1.4234496131211993,4.000352654545356,0.12611377655928718,32,train,-1,organic,,,0
UPI_00457,5,5,1.0,1.0,4046639.79,4342868.44,0.9317896320296137,6.511802923936386,0.022222222222222223,1.0,0.0,0.30983785115948487,0.028922614957106938,0.024390243902439025,0.5132085021545232,0.6862553667568564,4.1003614709089895,0.3680672268907563,31,train,-1,organic,,,0
UPI_00458,2,6,3.0,0.3333333333333333,216204.48,175451.12,0.8115054660022865,0.30391400729555595,0.0,0.0,0.14285714285714285,0.7732435997557554,0.023980022160848068,0.06896551724137931,1.7043723715252714,1.574825524171559,4.143222392207691,0.13169845594913715,24,train,-1,organic,,,0
UPI_00459,2,5,2.5,0.4,281851.22,101332.47,0.3595246960034294,0.3073443688203941,0.05,0.0,0.16666666666666666,0.8631260410242261,0.014668319068536006,0.05263157894736842,1.9058327903557069,1.6072163896020781,3.1669458515150732,0.110055423594616,17,train,-1,organic,,,0
UPI_00460,5,8,1.6,0.625,200278.16,112581.1,0.5621237338366777,0.40878067675526913,0.0,0.2222222222222222,0.4444444444444444,0.5697100585559217,0.02145365603075183,0.03333333333333333,1.6965778931770268,1.610676641838909,3.3336272121211303,0.11764705882352941,18,train,-1,organic,,,0
UPI_00461,5,7,1.4,0.7142857142857143,578934.73,301175.02,0.5202227583921045,2.3210673924048533,0.0,0.4,0.09090909090909091,0.43885328650323957,0.031142315466543936,0.045454545454545456,1.6205695843183747,1.2922321755275146,4.000352654545356,0.12436224489795919,8,train,-1,organic,,,0
UPI_00462,2,9,4.5,0.2222222222222222,165382.26,464402.24,0.35611856543600856,0.26759777622866787,0.0,0.0,0.1,0.77496576587095,0.023347358780906262,0.030303030303030304,2.928647123878821,2.1603409514420813,3.3002909399999187,0.11764705882352941,18,train,-1,organic,,,0
UPI_00463,3,6,2.0,0.5,100620.66,81833.48,0.8132870909065427,0.2779685500741927,0.029411764705882353,0.0,0.2857142857142857,0.8595710007518622,0.027237637636680974,0.05263157894736842,2.184286118978643,1.625320198904518,5.429050031168698,0.13169845594913715,24,train,-1,organic,,,0
UPI_00464,3,7,2.3333333333333335,0.42857142857142855,73703.95,69330.14,0.9406571055036504,0.3506752582105954,0.023255813953488372,0.0,0.25,0.42298188394992736,0.018055290565839016,0.041666666666666664,0.9222092224830426,0.9327907250346055,3.000264490909017,0.13169845594913715,24,train,-1,organic,,,0
UPI_00465,4,7,1.75,0.5714285714285714,271762.91,150553.7,0.5539891502487957,0.5546513887707557,0.018518518518518517,0.0,0.1,0.5276166921326948,0.02873167909150767,0.05263157894736842,1.797269463762631,1.6556435161592868,3.8003350218180882,0.1,3,train,-1,organic,,,0
UPI_00466,1,2,2.0,0.5,133118.71,170760.05,0.7795658438021611,1.4340593835714053,0.0,1.0,0.0,1.0,0.013871321590164503,0.05263157894736842,0.4181733401291424,0.35502771886561746,6.3338917030301465,0.12436224489795919,8,train,-1,organic,,,0
UPI_00467,1,3,3.0,0.3333333333333333,228020.1,44850.46,0.19669521929824563,0.243732248474595,0.0,0.0,0.0,1.0,0.006900673326810351,0.1111111111111111,1.4888099691599976,1.4540685883984674,2.2501983681817626,0.12436224489795919,8,train,-1,organic,,,0
UPI_00468,4,7,1.75,0.5714285714285714,420723.74,72300.92,0.17184892841263205,0.30214543952900164,0.06481481481481481,0.0,0.1,0.5422268485921269,0.025126520447013936,0.029411764705882353,2.700063488476814,1.7689613471017218,3.4002997563635526,0.1,3,train,-1,organic,,,0
UPI_00469,3,5,1.6666666666666667,0.6,93555.24,98566.25,0.9491609776053709,0.32246154394475934,0.05555555555555555,0.3333333333333333,0.14285714285714285,0.78058102253513,0.016640574721748368,0.09090909090909091,1.2333123502520478,1.325800846768307,3.143134228571351,0.10567514677103718,27,train,-1,organic,,,0
UPI_00470,1,7,7.0,0.14285714285714285,216019.04,86090.79,0.3985333333333334,0.24312818349492235,0.0,0.0,0.0,1.0,0.021939701169081352,0.06666666666666667,2.6246306269713346,2.061308297124242,3.7503306136362715,0.1,3,train,-1,organic,,,0
UPI_00471,4,10,2.5,0.4,306232.03,222219.43,0.7256570540333711,0.30716478328452934,0.02247191011235955,0.0,0.16666666666666666,0.851504095544005,0.032857434633480384,0.06666666666666667,1.9959364465480158,1.863547782520985,3.7503306136362715,0.13090257023311416,5,train,-1,organic,,,0
UPI_00472,3,11,3.6666666666666665,0.2727272727272727,133352.83,302777.14,0.440432276814122,0.38090311294060764,0.011235955056179775,0.0,0.16666666666666666,0.45425338128387666,0.04293684806339452,0.03389830508474576,1.5669592807731112,1.365260469911299,4.917100137878667,0.12814645308924486,4,train,-1,organic,,,0
UPI_00473,2,5,2.5,0.4,101723.33,67159.84,0.6602206414118911,0.2667659330453331,0.0,0.0,0.16666666666666666,0.9860522563597338,0.015978550007111667,0.045454545454545456,1.7923126893005863,1.5846943509627527,3.6669899333332427,0.13090257023311416,5,train,-1,organic,,,0
UPI_00474,2,6,3.0,0.3333333333333333,186944.07,176181.43,0.9424285628461802,0.29697878505985936,0.037037037037037035,0.0,0.14285714285714285,0.958860366590518,0.014668539893538998,0.1,1.4484685218918518,1.3743931436957024,2.857394753246683,0.12611377655928718,32,train,-1,organic,,,0
UPI_00475,3,10,3.3333333333333335,0.3,200116.35,197028.68,0.9845706151728815,0.36438878546875736,0.013157894736842105,0.0,0.18181818181818182,0.8944725988068065,0.03717016689047528,0.057692307692307696,2.185751980560466,1.6245624885931376,4.72768950082633,0.1234676007005254,25,train,-1,organic,,,0
UPI_00476,9,4,0.4444444444444444,0.4444444444444444,6895455.12,3726953.69,0.5404942277727762,10.26632717543509,0.00641025641025641,0.6923076923076923,0.0,0.1680210704620037,0.04647148252830682,0.030303030303030304,0.6464277955947737,0.6364990487366118,5.077370676922952,0.3680672268907563,31,train,-1,organic,,,0
UPI_00477,2,7,3.5,0.2857142857142857,172284.44,172971.19,0.9960296824728887,0.25266984406958876,0.02857142857142857,0.0,0.125,0.877725650997196,0.017367301649893658,0.08695652173913043,1.4198465594368153,1.3498101550346726,2.8752534704544748,0.11626248216833096,29,train,-1,organic,,,0
UPI_00478,3,8,2.6666666666666665,0.375,89775.03,57279.1,0.6380292695142721,0.530119499892378,0.027777777777777776,0.0,0.1,0.9187919295274886,0.020866782979660683,0.03571428571428571,2.05218578191641,1.7921459374090947,2.8002468581817492,0.13686313686313686,22,train,-1,organic,,,0
UPI_00479,3,10,3.3333333333333335,0.3,171706.61,162766.98,0.9479366097803227,0.4402479759536037,0.0,0.2727272727272727,0.18181818181818182,0.6416309312529556,0.037970806658742154,0.03773584905660377,2.0235240669318935,1.728495832843936,4.818606606611452,0.11228070175438597,10,train,-1,organic,,,0
UPI_00480,3,6,2.0,0.5,260343.9,58953.57,0.22644497110201856,0.3037757362763668,0.0,0.0,0.0,0.9898953257165866,0.020348253905835226,0.03571428571428571,2.888449570395222,2.5645273896196215,3.1113853979797215,0.11764705882352941,18,train,-1,organic,,,0
UPI_00481,3,6,2.0,0.5,211331.26,87224.08,0.4127362855689222,0.3390618539257527,0.0,0.0,0.2857142857142857,0.7686447600647872,0.017199980307268922,0.08695652173913043,1.9280797308344302,1.5592853303128604,3.286003966233685,0.11764705882352941,18,train,-1,organic,,,0
UPI_00482,2,6,3.0,0.3333333333333333,90349.81,46200.12,0.511347177415561,0.361495538043398,0.0,0.3333333333333333,0.14285714285714285,0.8506739298189419,0.014171975744663513,0.05,1.746337870063871,1.4036879233919812,2.857394753246683,0.12436224489795919,8,train,-1,organic,,,0
UPI_00483,2,9,4.5,0.2222222222222222,281626.55,168862.53,0.5995973320049324,0.2657021243263864,0.018518518518518517,0.0,0.1,0.8766133307531069,0.027027712536333705,0.02702702702702703,2.4550738524401288,1.6848770488898996,3.7003262054544543,0.12436224489795919,8,train,-1,organic,,,0
UPI_00484,3,7,2.3333333333333335,0.42857142857142855,237395.58,153491.41,0.6465639022532524,0.30182709985571304,0.0,0.0,0.25,0.7162632900553685,0.02046597450524319,0.03571428571428571,1.7357525742821687,1.5035649206530868,3.5003085727271865,0.11228070175438597,10,train,-1,organic,,,0
UPI_00485,1,5,5.0,0.2,103009.08,105344.32,0.9778323507384011,0.2435397953398505,0.1,0.0,0.0,1.0,0.01252015505864258,0.0625,1.2272206177801146,1.1764091842312883,2.6669017696969037,0.1,3,train,-1,organic,,,0
UPI_00486,2,7,3.5,0.2857142857142857,141855.38,84202.35,0.5935788665302669,0.27922562593405786,0.04285714285714286,0.0,0.125,0.8588013572721493,0.02151787487873781,0.03333333333333333,2.1092733560855743,1.8833259697749687,3.7503306136362715,0.13686313686313686,22,train,-1,organic,,,0
UPI_00487,4,10,2.5,0.4,163929.92,171836.7,0.9539866797849279,0.39903137002093003,0.0,0.6,0.2727272727272727,0.7383541976244008,0.03200437716431116,0.045454545454545456,1.9717958764648396,1.585403013229548,4.000352654545356,0.12661498708010335,14,train,-1,organic,,,0
UPI_00488,1,7,7.0,0.14285714285714285,175015.43,77912.73,0.44517634285714286,0.24306528793877566,0.0,0.0,0.0,1.0,0.02181186845604773,0.034482758620689655,2.528362685920463,1.862027716966185,3.625319593181729,0.12642986152919927,6,train,-1,organic,,,0
UPI_00489,3,6,2.0,0.5,178134.04,104865.17,0.588686880868079,0.29370890221691065,0.0,0.2857142857142857,0.2857142857142857,0.9016000047716733,0.019590921603208557,0.08333333333333333,1.923741188551444,1.6767412467493623,3.428873703896019,0.13169845594913715,24,train,-1,organic,,,0
UPI_00490,2,6,3.0,0.3333333333333333,129197.06,271860.05,0.47523371437669354,0.26675075088992645,0.0,0.0,0.14285714285714285,0.908821347362885,0.016577074386618217,0.08695652173913043,1.355499212239438,1.1580114749364825,3.286003966233685,0.13090257023311416,5,train,-1,organic,,,0
UPI_00491,1,8,8.0,0.125,64005.64,75956.28,0.8426643043977333,0.2431153232862354,0.0,0.0,0.0,1.0,0.020123058089958453,0.03571428571428571,1.6488806661413256,1.3714263817768524,3.1113853979797215,0.12260967379077616,20,train,-1,organic,,,0
UPI_00492,3,8,2.6666666666666665,0.375,301057.84,97009.19,0.3222277550540425,0.6267245808239202,0.05660377358490566,0.0,0.2222222222222222,0.7259490154255489,0.029509763203667327,0.023809523809523808,2.7929798927329124,2.2017518193041155,4.667078096969583,0.12661498708010335,14,train,-1,organic,,,0
UPI_00493,1,8,8.0,0.125,197017.37,234677.15,0.8395251509376728,0.243419573033526,0.013888888888888888,0.0,0.0,1.0,0.025822100890227174,0.02857142857142857,2.0762330776409605,1.5855159950001805,3.8892317474746516,0.12814645308924486,4,train,-1,organic,,,0
UPI_00494,3,7,2.3333333333333335,0.42857142857142855,80379.89,150002.13,0.5358582844558307,0.29644845085137767,0.011363636363636364,0.0,0.1111111111111111,0.6074907029244172,0.01823326176440438,0.08,1.297039673391742,1.1422309858736857,2.778022676767608,0.11376146788990826,15,train,-1,organic,,,0
UPI_00495,1,6,6.0,0.16666666666666666,66005.82,62160.99,0.9417501515151515,0.24302917371621402,0.0,0.0,0.0,1.0,0.01897242089261727,0.07407407407407407,1.7840799361546114,1.513365749891096,3.857482916883022,0.12661498708010335,14,train,-1,organic,,,0
UPI_00496,5,7,1.4,0.7142857142857143,365800.98,566553.78,0.6456597654423625,2.6941241490842445,0.09090909090909091,1.0,0.0,0.37688352376606754,0.04032356318812396,0.03508771929824561,1.0499961398294284,1.1200115054139,4.7504187772726105,0.12395709177592372,21,train,-1,organic,,,0
UPI_00497,3,7,2.3333333333333335,0.42857142857142855,91245.73,58065.17,0.6363603681767918,0.3493816599942846,0.06666666666666667,0.0,0.0,0.8818443808580995,0.012144025764384073,0.058823529411764705,2.310546981150023,2.1169822669966925,1.7001498781817763,0.3680672268907563,31,train,-1,organic,,,0
UPI_00498,2,4,2.0,0.5,113454.84,29230.2,0.2576372799326968,0.43646814255029803,0.0,0.0,0.2,0.9247089884324089,0.016145627032346094,0.09090909090909091,2.355867249102345,1.6418793011891155,4.400387919999892,0.13090257023311416,5,train,-1,organic,,,0
UPI_00499,1,3,3.0,0.3333333333333333,363798.27,400108.2,0.9092497210446105,1.6300609411897569,0.0,0.5,0.0,1.0,0.025277550823773146,0.027777777777777776,0.34102854132209676,0.1472649577836474,9.00079347272705,0.1234676007005254,25,train,-1,organic,,,0
UPI_00500,2,6,3.0,0.3333333333333333,259625.04,109200.48,0.4206084194603165,0.2593383042911159,0.0,0.0,0.14285714285714285,0.9877330581687622,0.013508297049328266,0.0625,1.789282891599064,1.6350547254224734,2.285915802597346,0.13090257023311416,5,train,-1,organic,,,0
UPI_00501,1,8,8.0,0.125,196017.28,147139.38,0.7506449489795917,0.24323651184103853,0.0,0.0,0.0,1.0,0.03227095756076771,0.043478260869565216,2.6671327372252245,1.7734524669854974,5.111561725252399,0.110055423594616,17,train,-1,organic,,,0
UPI_00502,1,3,3.0,0.3333333333333333,43887.99,270024.65,0.1625332660989771,0.7080986435762868,0.0,0.75,0.0,1.0,0.01840913944227671,0.04,0.622414014776836,0.5458197687596756,6.250551022727119,0.1281767955801105,9,train,-1,organic,,,0
UPI_00503,1,2,2.0,0.5,396100.17,147548.85,0.3725038740460063,1.3578887318504944,0.0,0.6666666666666666,0.0,1.0,0.019073098434651974,0.037037037037037035,0.3587776783655036,0.2551704981610807,9.00079347272705,0.145478374836173,30,train,-1,organic,,,0
UPI_00504,22,0,0.0,0.0,1110397.89,0.0,0.0,1.0756246269072505,0.0,0.0,0.0,0.054582512080617006,0.04017832230702934,0.037037037037037035,0.4288532489686872,0.42783454193076226,2.454761856198287,0.12395709177592372,21,train,-1,organic,,,0
UPI_00505,5,13,2.6,0.38461538461538464,309191.35,195190.8,0.6312945012468945,0.6043078387414081,0.06622516556291391,0.4,0.125,0.3585425400782246,0.0343684372047084,0.041666666666666664,1.76165810580447,1.4916110848006074,3.000264490909017,0.12013536379018612,23,train,-1,organic,,,0
UPI_00506,2,6,3.0,0.3333333333333333,469772.66,488850.16,0.960974765790003,0.40661723041778125,0.0,0.375,0.0,0.5272854895397878,0.01723180608474219,0.047619047619047616,0.9821757192827046,1.0616168769145846,2.62523142954539,0.11626248216833096,29,train,10,stealth_cycle,10,stealth_cycle,1
UPI_00507,2,5,2.5,0.4,146049.88,34635.56,0.2371488732307566,0.3104234343019315,0.0,0.0,0.16666666666666666,0.6613663943078112,0.015424455302499276,0.05,2.691938347051077,2.003443383886071,3.3336272121211303,0.12436224489795919,8,train,-1,organic,,,0
UPI_00508,32,5,0.15625,0.15625,646104.05,1841710.53,0.3508173723199431,7.974443751929698,0.008258258258258258,0.3448275862068966,0.0,0.38060041904482694,0.1730848401855815,0.012145748987854251,3.90348258753338,3.362332206347696,6.676264227518263,0.11512415349887133,11,train,-1,organic,,,0
UPI_00509,2,7,3.5,0.2857142857142857,446010.83,326255.08,0.7314958751513073,0.3274499103664104,0.07142857142857142,0.0,0.125,0.8668996326979863,0.01823824763175575,0.07692307692307693,1.4968788418713157,1.4148182433655363,3.2502865318181016,0.11512415349887133,11,train,-1,organic,,,0
UPI_00510,4,7,1.75,0.5714285714285714,140794.5,64493.53,0.4580684943660092,0.37654697293803874,0.057692307692307696,0.0,0.375,0.5210111456942049,0.021959994583201338,0.03333333333333333,1.7012228587763825,1.5362224716170838,3.7503306136362715,0.11764705882352941,18,train,-1,organic,,,0
UPI_00511,11,6,0.5454545454545454,0.5454545454545454,1206527.4,831749.08,0.689374382926876,8.345714593837712,0.003703703703703704,0.5,0.0625,0.16253205926977607,0.04833945701981877,0.1076923076923077,0.8302096037863288,0.9516271244804392,4.062858164772627,0.11764705882352941,18,train,18,fast_cycle,18,fast_cycle,1
UPI_00512,3,7,2.3333333333333335,0.42857142857142855,77797.28,61234.42,0.7871023192830171,1.2654728371487747,0.0,0.0,0.1111111111111111,0.6061705874623657,0.02506222557477266,0.058823529411764705,1.6880068258419596,1.364907819739218,3.778110840403947,0.1234676007005254,25,train,-1,organic,,,0
UPI_00513,2,6,3.0,0.3333333333333333,200535.48,32217.11,0.16065541313539247,0.28597125076086116,0.0,0.0,0.14285714285714285,0.9005962787638513,0.020929558953148308,0.03571428571428571,2.8966996856692866,2.1629398165289353,4.000352654545356,0.11626248216833096,29,train,-1,organic,,,0
UPI_00514,1,5,5.0,0.2,103009.08,22165.03,0.21517553398058253,0.2435043235856035,0.0,0.0,0.0,1.0,0.017771108127320117,0.04,2.748692492752418,1.9269518454143455,4.167034015151413,0.12167606768734891,26,train,-1,organic,,,0
UPI_00515,1,4,4.0,0.25,114010.05,56400.44,0.49469710526315785,0.24337124942681343,0.0,0.0,0.0,1.0,0.009499351689544949,0.07692307692307693,1.45913772359858,1.3485244742107256,2.6002292254544814,0.1281767955801105,9,train,-1,organic,,,0
UPI_00516,1,4,4.0,0.25,237020.89,69774.5,0.294381223628692,0.24499596870931775,0.0,0.0,0.0,1.0,0.007660845842501521,0.1111111111111111,1.393253719748526,1.2921057003881247,1.8001586945454102,0.13090257023311416,5,train,-1,organic,,,0
UPI_00517,1,5,5.0,0.2,67005.91,35489.74,0.5296508955223881,0.24330955140773808,0.0,0.0,0.0,1.0,0.01066648381265845,0.07142857142857142,1.5080342547565315,1.3348924169261802,2.3335390484847913,0.1234676007005254,25,train,-1,organic,,,0
UPI_00518,1,3,3.0,0.3333333333333333,111009.79,23916.57,0.21544558558558558,0.2431153232862354,0.0,0.0,0.0,1.0,0.008647987595815773,0.09090909090909091,1.6732803243797134,1.4463588253854303,2.7502424499999325,0.1330166270783848,1,train,-1,organic,,,0
UPI_00519,4,6,1.5,0.6666666666666666,160218.91,41870.33,0.26133201135871154,0.43973190581788213,0.023809523809523808,0.0,0.42857142857142855,0.5296293979303552,0.02331941509724844,0.03333333333333333,1.9795005692640675,1.845638724178125,4.286092129870024,0.12260967379077616,20,train,-1,organic,,,0
UPI_00520,3,9,3.0,0.3333333333333333,165246.14,124792.98,0.7551945430283087,0.41872441083633044,0.015625,0.0,0.2,0.7137300821581285,0.03050181199826902,0.025,2.05548622384137,1.7144652656800772,4.000352654545356,0.13686313686313686,22,train,-1,organic,,,0
UPI_00521,3,7,2.3333333333333335,0.42857142857142855,185782.56,75307.78,0.40535440842891846,0.329338804886378,0.011363636363636364,0.0,0.1111111111111111,0.8802318664223636,0.02620725245268337,0.05555555555555555,2.700867790784328,2.1630010215299214,4.000352654545356,0.1234676007005254,25,train,-1,organic,,,0
UPI_00522,1,5,5.0,0.2,369032.53,112992.96,0.3061869918699187,0.24518526964191573,0.0,0.0,0.0,1.0,0.011369500556789707,0.06666666666666667,1.4330055332216471,1.573350000956463,2.5002204090908475,0.12661498708010335,14,train,-1,organic,,,0
UPI_00523,3,8,2.6666666666666665,0.375,78615.65,208209.69,0.3775792019014816,0.3061615699362611,0.009433962264150943,0.0,0.2222222222222222,0.4484504569447475,0.021945922220624626,0.034482758620689655,1.6610388449268694,1.3287573295839454,3.222506305050426,0.12436224489795919,8,train,-1,organic,,,0
UPI_00524,1,6,6.0,0.16666666666666666,262023.1,38165.43,0.14565675572519085,0.24285468123492607,0.0,0.0,0.0,1.0,0.014491484743183718,0.05,2.5852750583123805,2.137692031271061,2.857394753246683,0.11626248216833096,29,train,-1,organic,,,0
UPI_00525,2,9,4.5,0.2222222222222222,180218.87,165314.53,0.9172987039393021,0.2618586648820246,0.0,0.0,0.1,0.9758489167383595,0.023105948999634758,0.0625,2.0553042616958406,1.4679606151224966,3.200282123636285,0.13169845594913715,24,train,-1,organic,,,0
UPI_00526,3,6,2.0,0.5,267359.17,115348.49,0.4314364416860306,0.4899923966211385,0.02857142857142857,0.0,0.125,0.727906166931961,0.018943246155947845,0.038461538461538464,1.9815034933299256,1.778641432166897,3.2502865318181016,0.1330166270783848,1,train,-1,organic,,,0
UPI_00527,6,7,1.1666666666666667,0.8571428571428571,201468.74,54274.7,0.26939516501731586,1.3098445884851821,0.0,0.2,0.3,0.3424938638295118,0.03131705413283294,0.045454545454545456,1.1275393502882085,1.08270131696359,4.400387919999892,0.1330166270783848,1,train,-1,organic,,,0
UPI_00528,2,2,1.0,1.0,2946145.72,1879925.68,0.6380966371407447,3.7138619509873574,0.16666666666666666,0.6666666666666666,0.0,0.5424021913568233,0.016462952151387735,0.047619047619047616,0.27531127910546704,0.5861790715274274,5.25046285909078,0.3680672268907563,31,train,-1,organic,,,0
UPI_00529,1,4,4.0,0.25,74006.52,31573.03,0.426625,0.24323651184103853,0.0,0.0,0.0,1.0,0.010623565344412195,0.07142857142857142,1.6372169454201873,1.3773894878717763,2.8002468581817492,0.11778115501519756,19,train,-1,organic,,,0
UPI_00530,2,7,3.5,0.2857142857142857,190970.69,79159.65,0.4145120404747011,0.33215792986811704,0.04285714285714286,0.0,0.125,0.8296363825422279,0.021788696335608176,0.03571428571428571,2.2521729990562616,1.8855358905478068,3.5003085727271865,0.110055423594616,17,train,-1,organic,,,0
UPI_00531,3,6,2.0,0.5,274909.39,100870.48,0.3669226450784029,2.880204639273147,0.013888888888888888,0.4444444444444444,0.0,0.5486353035729736,0.02977809268491873,0.04878048780487805,2.2714749785340214,1.8248045946129217,4.555957189898877,0.12436224489795919,8,train,-1,organic,,,0
UPI_00532,35,3,0.08571428571428572,0.08571428571428572,980755.63,1030792.98,0.9514574196418402,3.0964831976442446,0.023504273504273504,0.0,0.02702702702702703,0.29972073810411276,0.14251113956195072,0.019801980198019802,3.66760489303451,2.8341879710559246,5.459940785257851,0.12436224489795919,8,train,-1,organic,,,0
UPI_00533,2,10,5.0,0.2,120799.24,91634.22,0.7585661857630758,0.4437974549896198,0.007692307692307693,0.3,0.09090909090909091,0.6369333196271623,0.040889738389366756,0.03508771929824561,2.2845413779599117,2.007051428340585,5.182275029751938,0.12167606768734891,26,train,-1,organic,,,0
UPI_00534,20,1,0.05,0.05,848559.09,1707.85,0.002012647777045439,1.9690013244693543,0.0,0.0,0.0,0.09289542259016119,0.03713556265733516,0.057692307692307696,0.6430375077466167,0.6382845819367062,2.4764087861471253,0.13686313686313686,22,train,-1,organic,,,0
UPI_00535,2,8,4.0,0.25,103345.85,187227.36,0.5519805075400277,0.27378875711697703,0.0,0.0,0.1111111111111111,0.7338017890337976,0.02438305298134617,0.058823529411764705,1.8033799421818872,1.35691278529594,3.778110840403947,0.12167606768734891,26,train,-1,organic,,,0
UPI_00536,1,4,4.0,0.25,213018.78,42401.33,0.19904971830985918,0.243419573033526,0.0,0.0,0.0,1.0,0.014099502497817567,0.05263157894736842,2.3792160895866687,1.8103334188369997,3.8003350218180882,0.12611377655928718,32,train,-1,organic,,,0
UPI_00537,35,4,0.11428571428571428,0.11428571428571428,491927.6,2365770.03,0.2079355097037491,5.513764150800466,0.01282051282051282,0.2727272727272727,0.0,0.05940677029892817,0.1445907162465685,0.014563106796116505,2.8715110109118225,2.6802665696843797,5.282516966899637,0.10567514677103718,27,train,-1,organic,,,0
UPI_00538,1,5,5.0,0.2,126011.11,45055.37,0.3575507936507937,0.2435397953398505,0.0,0.0,0.0,1.0,0.01080508271090721,0.06666666666666667,1.8072959655565999,1.6181030126800267,2.5002204090908475,0.12167606768734891,26,train,-1,organic,,,0
UPI_00539,20,0,0.0,0.0,866226.36,0.0,0.0,1.1980384380482358,0.0,0.0,0.0,0.06501848006544811,0.032629673747574424,0.06666666666666667,0.4757344418172897,0.4685790858887283,2.2501983681817626,0.13169845594913715,24,train,-1,organic,,,0
UPI_00540,2,3,1.5,0.6666666666666666,229954.97,238096.07,0.9658075091269528,1.57032621176634,0.0,0.8,0.0,0.5091883346620016,0.031695417214407176,0.022222222222222223,0.49243151052574174,0.27902345059368,9.00079347272705,0.110055423594616,17,train,-1,organic,,,0
UPI_00541,2,4,2.0,0.5,108065.05,26606.0,0.24620352574306245,0.3029989337078809,0.0,0.0,0.2,0.8312022356926414,0.017106611943107843,0.05555555555555555,1.9757779847270924,1.6303588847862536,3.6003173890908204,0.12547528517110265,28,train,-1,organic,,,0
UPI_00542,2,10,5.0,0.2,144092.84,166873.75,0.863484172029277,0.25858253180010127,0.05303030303030303,0.0,0.0,0.9851188039323162,0.028321263033927103,0.025,2.0270199178604584,1.6133979037898394,3.3336272121211303,0.12611377655928718,32,train,-1,organic,,,0
UPI_00543,4,11,2.75,0.36363636363636365,160169.93,172054.27,0.930926806754976,0.3135024507633025,0.04854368932038835,0.0,0.15384615384615385,0.6955709302025049,0.03165231688365355,0.022727272727272728,1.7840284784739444,1.6811695584314272,3.3849137846153012,0.12436224489795919,8,train,-1,organic,,,0
UPI_00544,43,6,0.13953488372093023,0.13953488372093023,768034.82,1984601.4,0.3869970136711288,3.8407561319377024,0.00510204081632653,0.3055555555555556,0.0,0.05274055588899921,0.15042226093986705,0.013953488372093023,2.468299792144013,2.0200272363572793,4.388141942485977,0.1407942238267148,2,train,-1,organic,,,0
UPI_00545,3,7,2.3333333333333335,0.42857142857142855,127801.21,222158.78,0.575269650741517,0.3225877294725869,0.046511627906976744,0.25,0.25,0.8029665678320216,0.025168737467038002,0.058823529411764705,1.757648118342892,1.4081853330746976,4.250374695454441,0.110055423594616,17,train,-1,organic,,,0
UPI_00546,2,6,3.0,0.3333333333333333,187076.44,239625.17,0.7807044580423412,0.3183719442674723,0.037037037037037035,0.0,0.14285714285714285,0.9273655757746626,0.01577614007810066,0.05,1.5153254478296794,1.2028118386363538,2.857394753246683,0.1,3,train,-1,organic,,,0
UPI_00547,1,4,4.0,0.25,46004.06,85743.17,0.5365331861521718,0.2431153232862354,0.0,0.0,0.0,1.0,0.010686856604991173,0.07692307692307693,0.8752755773930607,0.89024787491826,2.6002292254544814,0.12642986152919927,6,train,-1,organic,,,0
UPI_00548,1,5,5.0,0.2,177492.33,340950.23,0.5205813431337899,0.9945806573656456,0.03333333333333333,1.0,0.0,1.0,0.025347679807169874,0.05555555555555555,1.1085093918708584,0.9245595303245697,6.000528981818034,0.13169845594913715,24,train,-1,organic,,,0
UPI_00549,3,6,2.0,0.5,212078.51,76995.49,0.3630518201445149,0.44481710908789923,0.02857142857142857,0.0,0.125,0.46027394201330296,0.017419411030358163,0.041666666666666664,1.2562480466367494,1.3449846327460884,3.000264490909017,0.11402027027027027,0,train,-1,organic,,,0
UPI_00550,1,6,6.0,0.16666666666666666,151013.31,27173.88,0.1799435761589404,0.24318110251457678,0.0,0.0,0.0,1.0,0.01518750847517214,0.047619047619047616,2.5740011809367975,2.0613454159859006,3.000264490909017,0.10630407911001236,13,train,-1,organic,,,0
UPI_00551,5,8,1.6,0.625,190743.85,133741.75,0.7011589285483028,0.369331520309907,0.04666666666666667,0.0,0.3,0.26935483276037453,0.030274630798139402,0.046511627906976744,1.1053666390990597,1.1548105592554019,4.300379103636257,0.10567514677103718,27,train,-1,organic,,,0
UPI_00552,2,3,1.5,0.6666666666666666,1834780.75,1691667.88,0.9220000174423136,4.941003566154218,0.1,1.0,0.0,0.6737947330144519,0.020911075650794995,0.03571428571428571,0.31814815797495133,0.5625692158667441,5.6004937163634985,0.3680672268907563,31,train,-1,organic,,,0
UPI_00553,3,1,0.3333333333333333,0.3333333333333333,1814490.18,1026795.17,0.5658863191949699,3.375391798577745,0.0,0.5,0.0,0.5222630087579877,0.014659890539483973,0.05263157894736842,0.6816976483779352,0.5916973108661078,4.7504187772726105,0.11626248216833096,29,train,-1,organic,,,0
UPI_00554,2,3,1.5,0.6666666666666666,295246.66,319155.15,0.9250881960759134,2.8680739777254094,0.0,1.0,0.0,0.5849845903620153,0.02800831551726511,0.05128205128205128,0.37401522230333245,0.24327960557715989,7.800687676363444,0.12321792260692464,7,train,-1,organic,,,0
UPI_00555,2,8,4.0,0.25,201311.44,201862.86,0.9972683502880875,0.26557793755813713,0.0,0.0,0.1111111111111111,0.902954785193263,0.023948006217611985,0.09090909090909091,2.01910430517981,1.5809747342184541,3.6669899333332427,0.12436224489795919,8,train,-1,organic,,,0
UPI_00556,4,6,1.5,0.6666666666666666,463679.71,124026.56,0.2674832692507657,0.7770817125118678,0.046511627906976744,0.375,0.25,0.48766748118215375,0.033037386710791,0.06521739130434782,1.6728295869155125,1.5045201247611655,5.7505069409089495,0.1234676007005254,25,train,-1,organic,,,0
UPI_00557,3,7,2.3333333333333335,0.42857142857142855,196747.37,94271.22,0.4791485570352427,0.33372194151184165,0.011363636363636364,0.0,0.1111111111111111,0.8677374708730451,0.021349946481982813,0.06896551724137931,2.3077851129849996,1.9399650494696985,3.222506305050426,0.12395709177592372,21,train,-1,organic,,,0
UPI_00558,2,8,4.0,0.25,75275.8,64534.48,0.8573071627210931,0.3998265568923065,0.0,0.2222222222222222,0.1111111111111111,0.7271328615611949,0.022470532504806753,0.03571428571428571,1.5866141232295057,1.4630067167201635,3.1113853979797215,0.11764705882352941,18,train,-1,organic,,,0
UPI_00559,5,11,2.2,0.45454545454545453,225963.43,135657.84,0.6003530705529005,0.5051655078728985,0.02100840336134454,0.2857142857142857,0.06666666666666667,0.29215046895169616,0.021183527610472586,0.06666666666666667,1.3015415227523393,1.5255578861928278,2.000176327272678,0.10630407911001236,13,train,19,stealth_cycle,19,stealth_cycle,1
UPI_00560,7,2,0.2857142857142857,0.2857142857142857,4190437.6,272723.02,0.0650822296044781,8.116985417202935,0.0,0.7777777777777778,0.0,0.19995182159228758,0.026342623393040644,0.05405405405405406,0.6340764204373858,0.5960050739319871,4.11147356161606,0.1,3,train,-1,organic,,,0
UPI_00561,5,2,0.4,0.4,6709849.83,1700988.31,0.25350616698270156,7.254109224158144,0.0,0.5,0.0,0.22629720669161485,0.031996163767444935,0.046511627906976744,0.30451842476877583,0.34250199731465897,6.143398719480369,0.3680672268907563,31,train,-1,organic,,,0
UPI_00562,1,8,8.0,0.125,103009.08,165570.4,0.6221467324007979,0.24330955140773808,0.0,0.0,0.0,1.0,0.018350767270217172,0.041666666666666664,1.5887810401881053,1.3775929245053056,2.6669017696969037,0.12321792260692464,7,train,-1,organic,,,0
UPI_00563,1,4,4.0,0.25,233020.54,142522.42,0.6116303004291845,0.24323651184103853,0.0,0.0,0.0,1.0,0.008613884581342369,0.09090909090909091,1.2255329546898275,1.334877289056099,2.200193959999946,0.145478374836173,30,train,-1,organic,,,0
UPI_00564,2,9,4.5,0.2222222222222222,274305.27,126716.24,0.4619533559531938,0.26475138843378276,0.018518518518518517,0.0,0.1,0.9078463610312264,0.02585653061999706,0.05714285714285714,2.65739889157136,1.9332717875504344,3.5003085727271865,0.13090257023311416,5,train,-1,organic,,,0
UPI_00565,7,9,1.2857142857142858,0.7777777777777778,186798.64,98356.2,0.5265359643267877,0.5176165948528556,0.034482758620689655,0.4444444444444444,0.3333333333333333,0.24725633677104775,0.040767315579551495,0.03508771929824561,1.2787782019390879,1.6906260436050673,4.7504187772726105,0.11228070175438597,10,train,-1,organic,,,0
UPI_00566,5,8,1.6,0.625,133702.43,475266.31,0.28132107102831694,0.308915372915581,0.07792207792207792,0.0,0.08333333333333333,0.4346211626471058,0.022053938670083966,0.037037037037037035,2.6563580727395277,2.242099084411247,2.2501983681817626,0.11626248216833096,29,train,-1,organic,,,0
UPI_00567,1,7,7.0,0.14285714285714285,198017.46,102151.71,0.5158722222222223,0.24312818349492235,0.017857142857142856,0.0,0.0,1.0,0.018137818399325434,0.04,2.218772062102962,1.9357936516663439,3.1252755113635593,0.11778115501519756,19,train,-1,organic,,,0
UPI_00568,40,5,0.125,0.125,1404404.82,2201170.52,0.6380263619992268,3.2239781212009118,0.010101010101010102,0.17647058823529413,0.0,0.11786261803653952,0.16369981887243454,0.012875536480686695,3.2110734343260807,2.373729725817111,5.178234269494823,0.11376146788990826,15,train,-1,organic,,,0
UPI_00569,1,5,5.0,0.2,130220.65,300082.17,0.43394996769266725,1.5391992240863144,0.0,0.5,0.0,1.0,0.027395758067358052,0.05128205128205128,1.0231818287700325,0.8955866203764563,6.500573063636203,0.11626248216833096,29,train,-1,organic,,,0
UPI_00570,1,7,7.0,0.14285714285714285,61005.38,92061.3,0.6626604317200123,0.2431947146323492,0.0,0.0,0.0,1.0,0.021938679425175148,0.03225806451612903,1.555051915995414,1.2918854105011377,3.875341634090814,0.12167606768734891,26,train,-1,organic,,,0
UPI_00571,2,7,3.5,0.2857142857142857,162085.4,105448.71,0.6505749852641844,0.31788388450757116,0.0,0.0,0.0,0.9991228689688509,0.0215119111141997,0.037037037037037035,2.134781185714275,1.74257871249432,3.000264490909017,0.1,3,train,-1,organic,,,0
UPI_00572,1,6,6.0,0.16666666666666666,175015.43,137455.18,0.7853889142857142,0.2431153232862354,0.023809523809523808,0.0,0.0,1.0,0.014877342509898599,0.05,1.5582043999813833,1.598985885224952,2.857394753246683,0.12436224489795919,8,train,-1,organic,,,0
UPI_00573,1,5,5.0,0.2,199017.54,86706.08,0.4356705527638191,0.24300263629185762,0.0,0.0,0.0,1.0,0.011159842423024986,0.06666666666666667,1.6911208632262151,1.4817028165297434,2.5002204090908475,0.12611377655928718,32,train,-1,organic,,,0
UPI_00574,1,7,7.0,0.14285714285714285,381033.59,160145.29,0.4202917847769028,0.2440908513678096,0.0,0.0,0.0,1.0,0.01893293156250118,0.04,1.8510374420696893,1.7977660017342056,3.1252755113635593,0.1330166270783848,1,train,-1,organic,,,0
UPI_00575,2,6,3.0,0.3333333333333333,259611.5,157287.88,0.6058586699932637,0.2735372549485568,0.0,0.0,0.14285714285714285,0.9802549390972461,0.015395322162871705,0.05263157894736842,1.7561774320242935,1.4917727253247581,2.714525015584349,0.12611377655928718,32,train,-1,organic,,,0
UPI_00576,3,7,2.3333333333333335,0.42857142857142855,157801.52,79961.82,0.5067240070370544,0.31608940769674804,0.011627906976744186,0.0,0.25,0.5842872758271691,0.03505377694510706,0.04081632653061224,2.3687651818428774,1.829470961394425,6.125540002272577,0.110055423594616,17,train,-1,organic,,,0
UPI_00577,1,4,4.0,0.25,126011.11,31924.47,0.2533465079365079,0.24323651184103853,0.0,0.0,0.0,1.0,0.010837450059154416,0.07692307692307693,1.7924217976031795,1.618809305852143,2.6002292254544814,0.12436224489795919,8,train,-1,organic,,,0
UPI_00578,31,9,0.2903225806451613,0.2903225806451613,669574.66,2390437.78,0.2801054527434957,2.7546180535747964,0.014743589743589743,0.53125,0.0,0.18773740255849167,0.15732426006127487,0.013333333333333334,2.8634892916754833,2.6715923268344066,5.625495920454407,0.13090257023311416,5,train,-1,organic,,,0
UPI_00579,4,7,1.75,0.5714285714285714,184295.11,89921.58,0.48792167479221443,0.5380773527961622,0.0,0.25,0.375,0.7098618319200413,0.025159875179063693,0.058823529411764705,2.188123674680326,1.827311297784394,4.250374695454441,0.1407942238267148,2,train,-1,organic,,,0
UPI_00580,1,5,5.0,0.2,232020.45,56873.24,0.24512168103448279,0.24330955140773808,0.0,0.0,0.0,1.0,0.019633178393435473,0.038461538461538464,2.7405216068926483,1.975795780235546,4.3337153757574685,0.11512415349887133,11,train,-1,organic,,,0
UPI_00581,2,4,2.0,0.5,120116.61,87433.04,0.7279013158541096,0.29984069446575107,0.0,0.0,0.0,0.8598632560134776,0.009974032882447017,0.08333333333333333,1.4853264242616038,1.211449825212548,2.000176327272678,0.1407942238267148,2,train,-1,organic,,,0
UPI_00582,3,6,2.0,0.5,73469.99,100442.64,0.7314620905971986,0.42499373680368335,0.029411764705882353,0.3333333333333333,0.2857142857142857,0.3960094908974893,0.01904341330064867,0.037037037037037035,1.1445276732565697,1.2706057591238353,3.857482916883022,0.12661498708010335,14,train,-1,organic,,,0
UPI_00583,4,11,2.75,0.36363636363636365,346106.64,142359.98,0.411318255321452,0.4451343920061285,0.0673076923076923,0.0,0.07142857142857142,0.49244140044493145,0.025270539552342923,0.0625,2.2438696860641967,1.993627180506816,2.285915802597346,0.1407942238267148,2,train,-1,organic,,,0
UPI_00584,2,4,2.0,0.5,48587.17,16933.67,0.3485214650672284,0.3463375254864253,0.0,0.0,0.2,0.7965813204171879,0.011665712526598905,0.06666666666666667,1.558979967004533,1.4607517083532255,3.000264490909017,0.12013536379018612,23,train,-1,organic,,,0
UPI_00585,3,7,2.3333333333333335,0.42857142857142855,243775.13,161592.0,0.6628731780169518,0.28990537501758973,0.023255813953488372,0.5,0.25,0.6600209669301567,0.017671029054705974,0.04,1.5502012706070003,1.4419523486940304,3.1252755113635593,0.12436224489795919,8,train,-1,organic,,,0
UPI_00586,1,6,6.0,0.16666666666666666,196017.28,61169.94,0.3120640306122449,0.24348693321257983,0.0,0.0,0.0,1.0,0.017850459560081376,0.08,2.546204481798899,2.0051165491023566,3.571743441558354,0.11512415349887133,11,train,-1,organic,,,0
UPI_00587,4,9,2.25,0.4444444444444444,241857.96,87105.22,0.3601503064217234,0.4516433674824102,0.0,0.2,0.3,0.7858317973803295,0.032370458719372705,0.022222222222222223,2.969336182964699,2.280972470984054,4.500396736363525,0.13090257023311416,5,train,-1,organic,,,0
UPI_00588,1,4,4.0,0.25,36003.17,23013.29,0.6392016666666667,0.24328858614406598,0.0,0.0,0.0,1.0,0.009189395530380118,0.09090909090909091,1.173930777611525,1.160995728112169,2.200193959999946,0.11778115501519756,19,train,-1,organic,,,0
UPI_00589,1,4,4.0,0.25,109009.61,77996.12,0.715497614678899,0.24346976723146607,0.1,0.0,0.0,1.0,0.007726523222592354,0.09090909090909091,1.3620663023871635,1.0948188629834896,2.200193959999946,0.1234676007005254,25,train,-1,organic,,,0
UPI_00590,1,7,7.0,0.14285714285714285,261023.01,273931.98,0.9528752792499581,0.243732248474595,0.0,0.0,0.0,1.0,0.020476972232519552,0.06896551724137931,1.8318522321666457,1.5282924628388717,3.625319593181729,0.3680672268907563,31,train,-1,organic,,,0
UPI_00591,3,10,3.3333333333333335,0.3,233677.07,178842.4,0.7653399454335675,0.36309358725473256,0.013157894736842105,0.0,0.18181818181818182,0.8816552534800645,0.025490679970135918,0.058823529411764705,2.0807692524573644,1.6810784968134895,3.0911815966941387,0.10888252148997135,12,train,-1,organic,,,0
UPI_00592,3,7,2.3333333333333335,0.42857142857142855,165508.79,117558.63,0.710286342361243,0.29728114469654876,0.0,0.0,0.25,0.726015716240986,0.022196114605938413,0.06451612903225806,1.7831342013651754,1.5882210256791665,3.875341634090814,0.1281767955801105,9,train,-1,organic,,,0
UPI_00593,1,4,4.0,0.25,92384.23,225377.73,0.4099084451724914,0.7034103970632674,0.0,0.5,0.0,1.0,0.018892030832763144,0.07692307692307693,0.8481594339917012,0.7164761293951645,5.200458450908963,0.1330166270783848,1,train,-1,organic,,,0
UPI_00594,2,5,2.5,0.4,49596.15,47150.45,0.9506875937907452,0.2749601507725756,0.0,0.0,0.16666666666666666,0.7845015901345915,0.012584706435504254,0.125,1.6683422007863333,1.454126700585403,2.6669017696969037,0.145478374836173,30,train,-1,organic,,,0
UPI_00595,2,0,0.0,0.0,1140794.61,0.0,0.0,0.7429561625550407,0.0,0.0,0.0,0.6282108014611946,0.009260485892550067,0.08333333333333333,0.5247450287256266,0.5063808872009185,6.000528981818034,0.12260967379077616,20,train,-1,organic,,,0
UPI_00596,2,7,3.5,0.2857142857142857,1713065.84,818787.94,0.4779664175011341,1.993889698510034,0.0,0.3333333333333333,0.0,0.850873616121387,0.036900708644221104,0.1836734693877551,0.7877165242439426,1.248540280405081,5.444924446464513,0.11512415349887133,11,train,1,fast_cycle,1,fast_cycle,1
UPI_00597,2,8,4.0,0.25,83804.11,118832.08,0.7052313720737643,0.3010466124153457,0.0,0.0,0.1111111111111111,0.5488908153723443,0.02499420273353264,0.02857142857142857,1.6149957798197598,1.5981261845037074,3.8892317474746516,0.11402027027027027,0,train,-1,organic,,,0
UPI_00598,3,3,1.0,1.0,157980.97,74464.26,0.4713495929277398,1.3165040069169132,0.13333333333333333,1.0,0.0,0.5717465734385117,0.024753150708655632,0.03125,0.4871880642771717,0.5085525634733966,5.3338035393938075,0.10630407911001236,13,train,-1,organic,,,0
UPI_00599,44,2,0.045454545454545456,0.045454545454545456,637006.18,585905.72,0.9197802835456386,3.1918137920146146,0.011111111111111112,0.23076923076923078,0.0,0.03789540904258986,0.16058690188245484,0.013100436681222707,2.076013315981262,1.6334060722864818,4.978699771146123,0.11402027027027027,0,train,-1,organic,,,0
UPI_00600,1,9,9.0,0.1111111111111111,271023.89,224847.08,0.829620885608856,0.24322241648606138,0.0,0.0,0.0,1.0,0.03370170169691653,0.06382978723404255,2.5912741843526272,1.9627910646880782,4.700414369090794,0.1,3,train,-1,organic,,,0
UPI_00601,1,4,4.0,0.25,237020.89,88329.83,0.372666835443038,0.24285468123492607,0.0,0.0,0.0,1.0,0.009147457006952069,0.08333333333333333,1.5624415300118766,1.4142902762298786,2.4002115927272136,0.12321792260692464,7,train,-1,organic,,,0
UPI_00602,39,4,0.10256410256410256,0.10256410256410256,711521.76,2233472.73,0.3185719503417902,3.9221343729425935,0.018272425249169437,0.1,0.0,0.11867686012394746,0.14529170644056374,0.00966183574879227,3.3706316080544796,2.561987136225814,4.814377904016794,0.12260967379077616,20,train,-1,organic,,,0
UPI_00603,1,6,6.0,0.16666666666666666,48004.23,29076.98,0.6057170833333333,0.2431153232862354,0.023809523809523808,0.0,0.0,1.0,0.01651544133926666,0.043478260869565216,2.0039648143655473,1.520284610649786,3.286003966233685,0.12642986152919927,6,train,-1,organic,,,0
UPI_00604,3,6,2.0,0.5,111690.29,74720.96,0.6690013936191511,0.31542390025375233,0.0,0.0,0.2857142857142857,0.6958761269998776,0.020082507701910297,0.07407407407407407,1.6571883642300549,1.492299427327837,3.857482916883022,0.12642986152919927,6,train,-1,organic,,,0
UPI_00605,1,4,4.0,0.25,40003.53,26761.47,0.66897775,0.2431153232862354,0.0,0.0,0.0,1.0,0.013501474776475585,0.15384615384615385,1.265620131244619,1.1933592582036248,2.6002292254544814,0.12661498708010335,14,train,-1,organic,,,0
UPI_00606,4,5,1.25,0.8,245846.58,114437.47,0.4654832579822769,0.3023876208794356,0.0,0.0,0.125,0.922240378935223,0.01973985352456515,0.08695652173913043,2.1086853004981374,1.9253662826595213,2.8752534704544748,0.13090257023311416,5,train,-1,organic,,,0
UPI_00607,3,8,2.6666666666666665,0.375,352585.6,132545.62,0.3759246654957083,1.4266334102525549,0.0,0.45454545454545453,0.0,0.4953995316368557,0.040194154218623296,0.03508771929824561,2.4909157204641326,1.9773257709023313,5.182275029751938,0.10888252148997135,12,train,-1,organic,,,0
UPI_00608,2,5,2.5,0.4,72696.59,61825.68,0.8504619193404118,0.2898884763294655,0.0,0.0,0.16666666666666666,0.7300834337562851,0.01774272280509876,0.043478260869565216,1.3463096218274817,1.2680251359410692,3.8336712939393,0.12167606768734891,26,train,-1,organic,,,0
UPI_00609,153,0,0.0,0.0,2111936.45,0.0,0.0,7.724731008306102,0.0009029927760577915,0.0,0.0,0.16903795995072465,0.24895646141733177,0.0113314447592068,3.5939604870705564,3.4957267372167093,2.3073929527034487,0.1,3,train,-1,organic,,,0
UPI_00610,2,10,5.0,0.2,94901.13,133948.37,0.7084903479677244,0.2633858575226138,0.03076923076923077,0.0,0.09090909090909091,0.9408895766706886,0.030716607743561566,0.046511627906976744,1.8232506692637034,1.6607670263666994,3.9094355487602344,0.13686313686313686,22,train,-1,organic,,,0
UPI_00611,3,6,2.0,0.5,144984.97,47225.54,0.3257271618784265,0.352450681409462,0.0,0.0,0.2857142857142857,0.49191804783262616,0.018440336802507066,0.04,1.5873160279628005,1.4846352499809667,3.571743441558354,0.12395709177592372,21,train,-1,organic,,,0
UPI_00612,2,7,3.5,0.2857142857142857,250054.77,88374.17,0.3534192503517439,0.28886062450623873,0.05714285714285714,0.0,0.125,0.9453278078238831,0.025146601192368008,0.029411764705882353,2.845542506678778,2.060717139993978,4.250374695454441,0.110055423594616,17,train,-1,organic,,,0
UPI_00613,2,7,3.5,0.2857142857142857,249507.0,169409.63,0.6789774936368921,0.26208743870325685,0.0,0.0,0.125,0.941796609021077,0.02127722450427022,0.07142857142857142,2.1770075898167907,1.7786774365353566,3.5003085727271865,0.12436224489795919,8,train,-1,organic,,,0
UPI_00614,1,4,4.0,0.25,192016.93,66702.8,0.34737979166666666,0.24318110251457678,0.0,0.0,0.0,1.0,0.01498042791488308,0.125,1.9090726084282637,1.5726776310359054,3.200282123636285,0.12436224489795919,8,train,-1,organic,,,0
UPI_00615,1,3,3.0,0.3333333333333333,152091.23,323242.68,0.4705171660476035,1.0810585352480042,0.0,1.0,0.0,1.0,0.01793006557224203,0.04,0.34330250786135647,0.22651442518798004,6.250551022727119,0.12436224489795919,8,train,-1,organic,,,0
UPI_00616,3,8,2.6666666666666665,0.375,256960.23,138102.99,0.5374489010132345,0.28903780215872865,0.0,0.2222222222222222,0.2222222222222222,0.8888003475053413,0.02400926475157473,0.029411764705882353,2.452338481295445,1.9853651874395826,3.778110840403947,0.11778115501519756,19,train,-1,organic,,,0
UPI_00617,3,8,2.6666666666666665,0.375,82697.4,106725.87,0.7748580678182165,0.3506923991459279,0.0,0.3333333333333333,0.2222222222222222,0.9137717253913189,0.027475865278324123,0.05405405405405406,1.691688038298079,1.6770865807763653,4.11147356161606,0.12167606768734891,26,train,-1,organic,,,0
UPI_00618,1,6,6.0,0.16666666666666666,114010.05,122436.02,0.9311806071346567,0.2435043235856035,0.023809523809523808,0.0,0.0,1.0,0.014004721884445893,0.05263157894736842,1.309854795106612,1.2299121183322896,2.714525015584349,0.1407942238267148,2,train,-1,organic,,,0
UPI_00619,2,4,2.0,0.5,102431.97,43523.65,0.4249029563103734,0.6161635378426815,0.0,0.0,0.2,0.502736383614073,0.015775971641495825,0.045454545454545456,1.076748899195807,1.218441947162637,4.400387919999892,0.145478374836173,30,train,-1,organic,,,0
UPI_00620,1,4,4.0,0.25,187516.53,80292.74,0.4281901866666667,0.24479154777722237,0.0,0.0,0.0,1.0,0.007394371404486904,0.1,1.0755764057687145,1.072089430185418,2.000176327272678,0.12321792260692464,7,train,-1,organic,,,0
UPI_00621,3,5,1.6666666666666667,0.6,259351.53,47402.44,0.18277292672653586,0.30900811667146005,0.0,0.0,0.3333333333333333,0.8190615033052344,0.017729873809550323,0.043478260869565216,2.4036393647630234,1.8987834483783066,3.8336712939393,0.13090257023311416,5,train,-1,organic,,,0
UPI_00622,5,3,0.6,0.6,4714907.86,1693352.74,0.359148638830819,4.178747870888078,0.0,1.0,0.0,0.2197201032980512,0.026785577624603953,0.02857142857142857,0.5122764923105341,0.5178600424289196,4.375385715908983,0.13090257023311416,5,train,-1,organic,,,0
UPI_00623,2,5,2.5,0.4,127764.67,52155.16,0.4082126653214188,0.37554389058258797,0.025,0.0,0.16666666666666666,0.9882748044483034,0.016951826206110663,0.05,2.074750456069355,1.5890080547721084,3.3336272121211303,0.11778115501519756,19,train,-1,organic,,,0
UPI_00624,3,5,1.6666666666666667,0.6,75769.3,48808.8,0.6441765081513813,0.320500553505203,0.018518518518518517,0.0,0.14285714285714285,0.4933840441567762,0.016035250401252445,0.047619047619047616,1.1173113939806945,1.1503089205804282,3.000264490909017,0.13169845594913715,24,train,-1,organic,,,0
UPI_00625,2,5,2.5,0.4,153920.26,95565.82,0.6208787935079365,0.2719377243324584,0.0,0.0,0.0,0.9755297347933518,0.011686490417077857,0.07142857142857142,1.5587495830041644,1.3176607119140211,2.000176327272678,0.13090257023311416,5,train,-1,organic,,,0
UPI_00626,1,3,3.0,0.3333333333333333,207018.25,22725.38,0.10977478260869565,0.24323651184103853,0.0,0.0,0.0,1.0,0.007048981063260471,0.1111111111111111,1.6344912901297723,1.5519921237401773,2.2501983681817626,0.13169845594913715,24,train,-1,organic,,,0
UPI_00627,2,5,2.5,0.4,197370.13,59704.17,0.3024985263695111,0.26734844580293987,0.0,0.0,0.16666666666666666,0.9472259669156984,0.012681439499944226,0.05555555555555555,2.0443511935951784,1.7298554725131754,3.000264490909017,0.110055423594616,17,train,-1,organic,,,0
UPI_00628,2,2,1.0,1.0,402193.76,132014.36,0.3282357221024656,1.8030220847965508,0.0,1.0,0.0,0.5185700355266585,0.024249173731858028,0.030303030303030304,0.4791645128635329,0.3213742773484486,8.250727349999798,0.1,3,train,-1,organic,,,0
UPI_00629,1,4,4.0,0.25,111509.83,54539.71,0.4891022421524664,0.24188773973887698,0.0,0.0,0.0,1.0,0.009006890271057359,0.09090909090909091,2.0987600525356345,1.5522194889667522,2.200193959999946,0.12395709177592372,21,train,-1,organic,,,0
UPI_00630,4,7,1.75,0.5714285714285714,160511.17,96778.33,0.6029382975459605,0.3989001931818686,0.0,0.0,0.375,0.40081296944526273,0.024865789352896798,0.03225806451612903,1.2361165912508145,1.3121151802364777,3.875341634090814,0.12547528517110265,28,train,-1,organic,,,0
UPI_00631,1,8,8.0,0.125,211018.6,216787.17,0.973390636978529,0.2431153232862354,0.0,0.0,0.0,1.0,0.028006086487925318,0.05405405405405406,2.0587713532282415,1.7581725627727662,4.11147356161606,0.12436224489795919,8,train,-1,organic,,,0
UPI_00632,3,9,3.0,0.3333333333333333,227435.92,249319.21,0.9122278253954125,0.35345722206941216,0.0,0.3,0.2,0.9365752216423068,0.03164017767238154,0.045454545454545456,2.4112412201615636,1.7908671200706119,4.400387919999892,0.12814645308924486,4,train,-1,organic,,,0
UPI_00633,4,7,1.75,0.5714285714285714,93984.77,105369.42,0.8919548599645806,0.351467679477837,0.038461538461538464,0.0,0.375,0.3941670526497845,0.025463835896490723,0.05714285714285714,1.6170347516628134,1.5744965040237302,4.375385715908983,0.110055423594616,17,train,-1,organic,,,0
UPI_00634,2,5,2.5,0.4,205556.33,55129.53,0.26819670172275994,0.26457980271241316,0.0,0.0,0.0,0.6147414458177278,0.009825653437446069,0.07692307692307693,1.37291195117472,1.1578015779121562,1.857306589610344,0.13090257023311416,5,train,-1,organic,,,0
UPI_00635,2,8,4.0,0.25,188072.08,71433.88,0.37982180792372466,0.33932948999726636,0.0,0.0,0.1111111111111111,0.7314414640888078,0.024693022614105282,0.05714285714285714,2.474688036857536,1.9889735919903684,3.8892317474746516,0.10567514677103718,27,train,-1,organic,,,0
UPI_00636,3,7,2.3333333333333335,0.42857142857142855,593676.48,403999.82,0.6805050246103536,0.4516442176580119,0.0,0.4,0.0,0.35627620188426307,0.026834188286957397,0.05405405405405406,1.2124266994221502,1.041433117743345,3.7003262054544543,0.3680672268907563,31,train,23,stealth_cycle,23,stealth_cycle,1
UPI_00637,9,16,1.7777777777777777,0.5625,214042.52,417649.03,0.5124937558698296,1.1792971786499473,0.10067114093959731,1.0,0.08695652173913043,0.5118432641340954,0.03884233070767969,0.037037037037037035,1.3297709383341159,1.6435046177264307,2.34803307984184,0.12321792260692464,7,train,-1,organic,,,0
UPI_00638,2,8,4.0,0.25,136385.73,108129.45,0.7928208450147759,0.288367187137917,0.011363636363636364,0.0,0.1111111111111111,0.9657940904935585,0.02691887959257912,0.05405405405405406,2.280896760732193,1.737594940764449,4.11147356161606,0.1234676007005254,25,train,-1,organic,,,0
UPI_00639,1,4,4.0,0.25,251022.13,148660.1,0.5922190836653386,0.2431947146323492,0.0,0.0,0.0,1.0,0.012349151681885853,0.0625,1.586449635716777,1.4492841669546257,3.200282123636285,0.12167606768734891,26,train,-1,organic,,,0
UPI_00640,7,6,0.8571428571428571,0.8571428571428571,1188046.92,1142474.8,0.9616411384463078,1.3426591538883952,0.012987012987012988,0.2,0.08333333333333333,0.4411744860844975,0.03794619328997216,0.13725490196078433,0.7049340148627197,1.003629079340992,4.250374695454441,0.12814645308924486,4,train,39,fast_cycle,39,fast_cycle,1
UPI_00641,1,4,4.0,0.25,153013.49,38081.02,0.24887359477124185,0.24328858614406598,0.0,0.0,0.0,1.0,0.009263236081505328,0.08333333333333333,1.7131500511184834,1.5696535611682607,2.4002115927272136,0.13090257023311416,5,train,-1,organic,,,0
UPI_00642,5,7,1.4,0.7142857142857143,219794.39,115929.81,0.5274466373588153,0.2981061546605573,0.11538461538461539,0.0,0.09090909090909091,0.4965376494575993,0.018347673936083032,0.10526315789473684,1.4411085768230754,1.3480997514049138,1.727425009917313,0.13169845594913715,24,train,-1,organic,,,0
UPI_00643,3,6,2.0,0.5,268465.64,123299.82,0.4592759843030508,0.3546727129327972,0.029411764705882353,0.0,0.2857142857142857,0.7694667677723436,0.01906586107519099,0.08333333333333333,1.946474839182315,1.6618046632258152,3.428873703896019,0.12321792260692464,7,train,-1,organic,,,0
UPI_00644,1,5,5.0,0.2,126011.11,21313.39,0.16913896825396824,0.2418404436874398,0.0,0.0,0.0,1.0,0.01772443891875785,0.08695652173913043,3.98384095546714,2.1107018287404893,3.8336712939393,0.12661498708010335,14,train,-1,organic,,,0
UPI_00645,1,2,2.0,0.5,73560.37,250609.1,0.29352634839291947,1.2790101041409951,0.0,1.0,0.0,1.0,0.01552872058439752,0.05555555555555555,0.5304154440539641,0.31758441672268684,6.000528981818034,0.12611377655928718,32,train,-1,organic,,,0
UPI_00646,2,4,2.0,0.5,53682.35,19487.63,0.3630173990575588,0.2785797819224663,0.0,0.0,0.2,0.9052099806320766,0.011956952626045722,0.058823529411764705,1.8315510233077243,1.515159550503708,3.4002997563635526,0.11512415349887133,11,train,-1,organic,,,0
UPI_00647,2,7,3.5,0.2857142857142857,150847.28,134066.85,0.8887588194649507,0.3051021572139344,0.02857142857142857,0.0,0.125,0.7814515904948693,0.025312072364402437,0.0625,1.9363523747642915,1.5448617647731415,4.000352654545356,0.12661498708010335,14,train,-1,organic,,,0
UPI_00648,5,10,2.0,0.5,220599.65,180774.61,0.8194691545297357,0.42573395456669366,0.00980392156862745,0.0,0.25,0.5911106245436055,0.04325705915080986,0.03571428571428571,2.1642665261320952,1.8009991818626214,4.667078096969583,0.12395709177592372,21,train,-1,organic,,,0
UPI_00649,0,76,76.0,0.0,0.0,12189574.58,0.0,0.24082620613995356,0.002807017543859649,0.0,0.0,1.0,0.10845948032825155,0.046357615894039736,0.3927445152235217,0.3881539998189407,1.9870172724879893,0.11626248216833096,29,train,-1,organic,,,0
UPI_00650,2,5,2.5,0.4,168673.2,116838.71,0.6926927949541536,0.43516971530214466,0.023809523809523808,0.3333333333333333,0.0,0.5026773322684167,0.015022088729636202,0.05,1.3244401818220615,1.3994881254589495,2.857394753246683,0.13169845594913715,24,train,-1,organic,,,0
UPI_00651,2,8,4.0,0.25,281729.25,128391.03,0.4557248855280611,0.2901786849361001,0.0,0.0,0.1111111111111111,0.8947199783171232,0.028083325065687774,0.02564102564102564,2.788975136439577,2.1378946729645,4.3337153757574685,0.13169845594913715,24,train,-1,organic,,,0
UPI_00652,12,21,1.75,0.5714285714285714,1143127.06,892125.24,0.7804252603848681,1.5941678119033529,0.057034220532319393,0.7,0.06451612903225806,0.24305743015025735,0.044277403487361304,0.04838709677419355,2.344723199186218,2.0377834322645327,2.000176327272678,0.145478374836173,30,train,-1,organic,,,0
UPI_00653,4,3,0.75,0.75,2936749.55,1077153.02,0.3667840918656285,5.3868270149443385,0.11904761904761904,0.6666666666666666,0.0,0.3064589802346171,0.02485448782297766,0.05714285714285714,0.7134449015726674,0.7224834205491288,5.000440818181695,0.3680672268907563,31,train,-1,organic,,,0
UPI_00654,1,3,3.0,0.3333333333333333,172015.16,21837.2,0.1269492441860465,0.24318110251457678,0.0,0.0,0.0,1.0,0.008074294273037644,0.1,1.7204507804927611,1.5386007349698458,2.5002204090908475,0.12611377655928718,32,train,-1,organic,,,0
UPI_00655,2,5,2.5,0.4,191298.22,133076.62,0.6956500622956675,0.2904596657758513,0.0,0.0,0.16666666666666666,0.8618256192123019,0.012019561836889537,0.0625,1.4128670622132664,1.2794830307369642,2.6669017696969037,0.1407942238267148,2,train,-1,organic,,,0
UPI_00656,5,11,2.2,0.45454545454545453,119595.8,197832.99,0.6045291181608321,0.7767187553695889,0.008547008547008548,0.46153846153846156,0.23076923076923078,0.443230266196115,0.03575526238006096,0.04,1.7289609634216867,1.3400995900720867,3.8464929370628425,0.1407942238267148,2,train,-1,organic,,,0
UPI_00657,1,6,6.0,0.16666666666666666,115510.18,116987.76,0.9873697879377606,0.24479154777722237,0.0,0.0,0.0,1.0,0.02325576231157432,0.0625,1.6281434672872617,1.235334939457939,4.571831605194692,0.11402027027027027,0,train,-1,organic,,,0
UPI_00658,1,5,5.0,0.2,48504.28,73336.56,0.6613928879672724,0.24275427992581472,0.0,0.0,0.0,1.0,0.010646965836548372,0.08333333333333333,1.4274161143041444,1.0779263612545122,2.000176327272678,0.12167606768734891,26,train,-1,organic,,,0
UPI_00659,3,7,2.3333333333333335,0.42857142857142855,354083.65,80808.78,0.22821946940967278,0.44149903605975654,0.023255813953488372,0.0,0.25,0.8226064199497807,0.024621164197954234,0.05714285714285714,2.3285200657299088,2.194706724393818,4.375385715908983,0.12547528517110265,28,train,-1,organic,,,0
UPI_00660,17,0,0.0,0.0,881177.68,0.0,0.0,1.067327760634572,0.003676470588235294,0.0,0.0,0.0778951584711494,0.030363181308205905,0.06976744186046512,0.48572127746021737,0.48138443801197467,2.5296347668448576,0.145478374836173,30,train,-1,organic,,,0
UPI_00661,2,7,3.5,0.2857142857142857,204912.89,112926.31,0.5510941881744893,0.2975497447167163,0.02857142857142857,0.0,0.125,0.8325736041855649,0.025598403309751654,0.02857142857142857,2.3451206651956125,1.814318631310551,4.375385715908983,0.10630407911001236,13,train,-1,organic,,,0
UPI_00662,3,3,1.0,1.0,111749.18,226245.98,0.4939277989395033,1.6845165907645034,0.0,0.8,0.0,0.5525893696614316,0.02804891967437984,0.02702702702702703,0.6756480690842739,0.761150590310991,6.167210342424091,0.11626248216833096,29,train,-1,organic,,,0
UPI_00663,1,4,4.0,0.25,241021.25,82400.57,0.34188095435684646,0.24393038772468417,0.0,0.0,0.0,1.0,0.009663795104116411,0.09090909090909091,1.4811173067405403,1.4590398496843069,2.200193959999946,0.12167606768734891,26,train,-1,organic,,,0
UPI_00664,1,6,6.0,0.16666666666666666,208018.34,158411.46,0.7615264423076923,0.24322241648606138,0.0,0.0,0.0,1.0,0.010597666326588115,0.07142857142857142,1.2977649236247653,1.314716064357989,2.000176327272678,0.11376146788990826,15,train,-1,organic,,,0
UPI_00665,1,4,4.0,0.25,29002.56,51779.23,0.5601194560969678,0.24275427992581472,0.0,0.0,0.0,1.0,0.008288085479462606,0.09090909090909091,1.0923036620354725,0.9914393931992656,2.200193959999946,0.12611377655928718,32,train,-1,organic,,,0
UPI_00666,4,6,1.5,0.6666666666666666,279566.48,150028.07,0.5366454100983744,0.3981868088749676,0.023255813953488372,0.0,0.25,0.7573740472666904,0.023118951218410875,0.0625,1.6473031933766775,1.6634122989486586,4.000352654545356,0.13169845594913715,24,train,-1,organic,,,0
UPI_00667,20,1,0.05,0.05,2380427.78,1112982.39,0.4675556200015686,3.7919223851092325,0.004761904761904762,0.25,0.0,0.311057617393827,0.059019879063895955,0.08974358974358974,0.6207876391519022,0.6364936280154256,3.714613179220688,0.11626248216833096,29,train,34,fast_cycle,34,fast_cycle,1
UPI_00668,5,4,0.8,0.8,4564944.38,3438793.45,0.7533045676138435,8.066307709707567,0.041666666666666664,0.75,0.0,0.2326090935848615,0.034968015366896546,0.04081632653061224,0.3542377148610008,0.3954553500765092,5.444924446464513,0.3680672268907563,31,train,-1,organic,,,0
UPI_00669,1,5,5.0,0.2,103009.08,103318.34,0.997006753413998,0.24348693321257983,0.0,0.0,0.0,1.0,0.010943052634680218,0.07692307692307693,1.2319860862435617,1.1187210807344472,2.1668576878787342,0.1234676007005254,25,train,-1,organic,,,0
UPI_00670,3,5,1.6666666666666667,0.6,364699.77,72838.76,0.1997225308899101,0.38169685820856863,0.038461538461538464,0.0,0.3333333333333333,0.7187467719871586,0.023983587701749194,0.058823529411764705,2.1667822857691674,1.792299612822372,5.667166260605922,0.12167606768734891,26,train,-1,organic,,,0
UPI_00671,1,3,3.0,0.3333333333333333,141012.43,52121.18,0.36962120567375883,0.2435397953398505,0.0,0.0,0.0,1.0,0.012473294109174365,0.07692307692307693,1.632465170610523,1.4271427265228531,3.2502865318181016,0.10630407911001236,13,train,-1,organic,,,0
UPI_00672,3,5,1.6666666666666667,0.6,117163.08,64947.67,0.5543356003166806,0.32829266225244413,0.037037037037037035,0.0,0.14285714285714285,0.9637929703007989,0.013339796886334467,0.058823529411764705,1.692096743125716,1.540544588233208,2.42878554025968,0.12642986152919927,6,train,-1,organic,,,0
UPI_00673,5,5,1.0,1.0,5487343.64,5606166.14,0.9788050350260239,6.577038867904253,0.05555555555555555,0.9,0.0,0.2113636845836499,0.03393021450257481,0.041666666666666664,0.3469707083630858,0.3512282446550795,4.800423185454427,0.3680672268907563,31,train,-1,organic,,,0
UPI_00674,2,9,4.5,0.2222222222222222,266631.26,193588.5,0.726053274895422,0.326855944229588,0.018518518518518517,0.4444444444444444,0.1,0.8385844659838944,0.027178107795766057,0.05263157894736842,2.2854615128792815,1.6244183089870348,3.8003350218180882,0.12395709177592372,21,train,-1,organic,,,0
UPI_00675,2,5,2.5,0.4,117615.97,53328.13,0.45340893630915535,0.285306443179232,0.0,0.0,0.16666666666666666,0.7000757674472154,0.013390806343522537,0.05555555555555555,1.109007969999776,1.2162936699209346,3.000264490909017,0.12661498708010335,14,train,-1,organic,,,0
UPI_00676,2,5,2.5,0.4,249408.69,108521.01,0.43511317965232305,0.29952911043806496,0.0,0.0,0.16666666666666666,0.905596654764226,0.011915642217947853,0.0625,1.6785078914099243,1.4926375973720094,2.6669017696969037,0.11764705882352941,18,train,-1,organic,,,0
UPI_00677,2,9,4.5,0.2222222222222222,190988.7,235558.31,0.8107916045994196,0.27674263216358164,0.0,0.0,0.1,0.9394139573893896,0.022010711064173044,0.03333333333333333,1.6905122254919527,1.518943277030567,3.000264490909017,0.11764705882352941,18,train,-1,organic,,,0
UPI_00678,2,8,4.0,0.25,200180.65,147631.39,0.7374908449613565,0.25102714968065304,0.0,0.0,0.1111111111111111,0.9786211617067768,0.018982925327382223,0.07407407407407407,2.2071420020013357,1.5934402622163002,3.000264490909017,0.11376146788990826,15,train,-1,organic,,,0
UPI_00679,2,4,2.0,0.5,94167.22,56256.74,0.5974131818844142,0.5053405273955154,0.07142857142857142,0.0,0.2,0.5008320583290721,0.01550156669558857,0.045454545454545456,0.9223526560310965,1.1738472059327105,4.400387919999892,0.11778115501519756,19,train,-1,organic,,,0
UPI_00680,1,8,8.0,0.125,278024.51,205759.01,0.740075071942446,0.2431947146323492,0.0,0.0,0.0,1.0,0.018283835448606404,0.038461538461538464,2.023994237007904,1.520192210198322,2.8891435838383126,0.12260967379077616,20,train,-1,organic,,,0
UPI_00681,2,6,3.0,0.3333333333333333,129349.21,66131.55,0.511263643632129,0.34397636520104324,0.0,0.0,0.14285714285714285,0.9208658784459358,0.01813563086368971,0.043478260869565216,1.9797814246488818,1.7305404395868016,3.286003966233685,0.12642986152919927,6,train,-1,organic,,,0
UPI_00682,1,5,5.0,0.2,415536.63,138552.11,0.33342936221419983,0.24661042749753706,0.0,0.0,0.0,1.0,0.011297372170949534,0.125,1.4700160888817104,1.4553108882812933,2.6669017696969037,0.12167606768734891,26,train,-1,organic,,,0
UPI_00683,2,6,3.0,0.3333333333333333,302340.37,120943.4,0.40002398832576974,0.32994872288709204,0.037037037037037035,0.0,0.14285714285714285,0.8832808757315251,0.02006599882191884,0.03571428571428571,1.8556965555378764,1.6894486715264267,4.000352654545356,0.12814645308924486,4,train,-1,organic,,,0
UPI_00684,2,3,1.5,0.6666666666666666,168011.83,135702.83,0.8076980770254137,1.5111168270344963,0.05,1.0,0.0,0.5017901415034434,0.022847183479741073,0.03125,0.317409978588538,0.4483851739366367,6.40056424727257,0.12661498708010335,14,train,-1,organic,,,0
UPI_00685,4,7,1.75,0.5714285714285714,154255.59,247035.31,0.6244272935170798,0.3408079125330922,0.009433962264150943,0.0,0.2222222222222222,0.8160743669198729,0.020035475512594124,0.03571428571428571,1.561687141558369,1.3740776315931624,3.1113853979797215,0.11512415349887133,11,train,-1,organic,,,0
UPI_00686,2,5,2.5,0.4,202028.94,93062.0,0.4606369955952427,0.28950129793073925,0.0,0.0,0.16666666666666666,0.9422580307095543,0.013728252384498738,0.058823529411764705,1.9700964808535582,1.3524926820903236,2.833583130302961,0.12642986152919927,6,train,-1,organic,,,0
UPI_00687,3,5,1.6666666666666667,0.6,104793.35,64491.39,0.6154148754042955,0.5415383857923961,0.0,0.0,0.3333333333333333,0.5705290043000963,0.0233130376341638,0.0625,1.6639658712102923,1.43918974563012,5.3338035393938075,0.11778115501519756,19,train,-1,organic,,,0
UPI_00688,2,5,2.5,0.4,375107.82,146501.59,0.3905586286466897,0.3493428876541632,0.0,0.3333333333333333,0.16666666666666666,0.8592397540110039,0.020746723051119607,0.10344827586206896,1.918356871035156,1.5496576958573351,4.833759457575638,0.1234676007005254,25,train,-1,organic,,,0
UPI_00689,3,8,2.6666666666666665,0.375,67154.42,57724.26,0.8595749718906602,0.33187401776078956,0.03773584905660377,0.0,0.2222222222222222,0.6714264093008439,0.019967370194632558,0.037037037037037035,1.447519258808985,1.2133900765915795,3.000264490909017,0.12611377655928718,32,train,-1,organic,,,0
UPI_00690,25,2,0.08,0.08,397575.73,524486.96,0.7580278663334914,2.2408184651075644,0.019943019943019943,0.125,0.0,0.17351287446434785,0.10029419237375675,0.014084507042253521,2.351979893436994,2.8492955601249137,5.259722934680005,0.12547528517110265,28,train,-1,organic,,,0
UPI_00691,1,3,3.0,0.3333333333333333,214671.82,275248.84,0.779919075541872,0.757889568769908,0.0,0.75,0.0,1.0,0.026407116228802992,0.027777777777777776,0.3217684846102189,0.07859759078033397,9.00079347272705,0.12661498708010335,14,train,-1,organic,,,0
UPI_00692,2,6,3.0,0.3333333333333333,233662.43,68558.88,0.2934099600229976,0.30467467791513064,0.0,0.0,0.14285714285714285,0.8713704270656102,0.013560324710301703,0.05263157894736842,1.5564865082771395,1.589442504561705,2.714525015584349,0.12167606768734891,26,train,-1,organic,,,0
UPI_00693,1,4,4.0,0.25,267023.54,97066.03,0.36351112359550564,0.243419573033526,0.0,0.0,0.0,1.0,0.008995353082373583,0.09090909090909091,1.472872321833063,1.4060766806609104,2.200193959999946,0.11778115501519756,19,train,-1,organic,,,0
UPI_00694,1,5,5.0,0.2,97008.55,96300.47,0.992700824742268,0.2429492733378004,0.0,0.0,0.0,1.0,0.012844728197969375,0.0625,1.2692469400628514,1.041002041162365,2.6669017696969037,0.13090257023311416,5,train,-1,organic,,,0
UPI_00695,6,10,1.6666666666666667,0.6,233667.98,107361.66,0.45946246005412084,0.45852649124276057,0.10084033613445378,0.0,0.06666666666666667,0.4390926189576729,0.02425566421282839,0.029411764705882353,1.912064540754348,1.7118020845264612,2.2668665042423686,0.12321792260692464,7,train,-1,organic,,,0
UPI_00696,1,6,6.0,0.16666666666666666,89007.85,72337.15,0.8127052808988763,0.24348693321257983,0.0,0.0,0.0,1.0,0.015258720075954517,0.1111111111111111,1.4546906018720491,1.278141538291336,2.571655277922015,0.1234676007005254,25,train,-1,organic,,,0
UPI_00697,5,6,1.2,0.8333333333333334,723331.96,227547.69,0.3145826584741685,3.0228027734102643,0.0,0.5555555555555556,0.1,0.2811083352375885,0.04011507520593389,0.1568627450980392,0.6880241968585054,1.020310463042486,5.1004496345453285,0.12611377655928718,32,train,33,fast_cycle,33,fast_cycle,1
UPI_00698,2,7,3.5,0.2857142857142857,277601.28,149700.6,0.5392647894469282,0.2605927518033427,0.02857142857142857,0.0,0.125,0.9537354628922752,0.016943434387085166,0.13636363636363635,1.9521787626909781,1.7002324214959654,2.7502424499999325,0.13090257023311416,5,train,-1,organic,,,0
UPI_00699,3,4,1.3333333333333333,0.75,64093.54,20533.69,0.3203706659713715,0.39331095855798787,0.0,0.0,0.16666666666666666,0.9364370524686398,0.014554681021610933,0.10526315789473684,2.0721984157564233,1.7228543507335918,3.1669458515150732,0.12611377655928718,32,train,-1,organic,,,0
UPI_00700,3,7,2.3333333333333335,0.42857142857142855,359606.26,378044.95,0.9512262083371934,1.426283930332518,0.03333333333333333,1.0,0.0,0.9131288512062412,0.03736579744839388,0.03773584905660377,0.5876055909036957,0.8747983124868572,5.300467267272596,0.1407942238267148,2,train,-1,organic,,,0
UPI_00701,5,6,1.2,0.8333333333333334,332585.39,88676.07,0.2666264669293211,0.3158805893481974,0.06481481481481481,0.0,0.1,0.5747570973730737,0.017283384086604157,0.041666666666666664,2.0019564622416985,1.695883417086315,2.4002115927272136,0.13169845594913715,24,train,-1,organic,,,0
UPI_00702,3,2,0.6666666666666666,0.6666666666666666,2851009.96,1910341.12,0.6700576786467538,5.1545049286839895,0.2,0.75,0.0,0.34172198596558356,0.018964413359375633,0.038461538461538464,0.40864236619396155,0.57655298277834,5.200458450908963,0.3680672268907563,31,train,-1,organic,,,0
UPI_00703,1,7,7.0,0.14285714285714285,41003.61,88713.19,0.4622042611399963,0.24322241648606138,0.0,0.0,0.0,1.0,0.02895788150052263,0.05405405405405406,1.3390660653119812,1.2924228449150321,4.625407756818068,0.1234676007005254,25,train,-1,organic,,,0
UPI_00704,8,6,0.75,0.75,419837.47,83698.84,0.19936009598464952,3.1540422137515893,0.0056179775280898875,0.6,0.16666666666666666,0.16545491990330047,0.03886406573304945,0.018518518518518517,0.8028549211678463,0.9164179869146565,4.500396736363525,0.11626248216833096,29,train,-1,organic,,,0
UPI_00705,14,26,1.8571428571428572,0.5384615384615384,433717.72,484413.53,0.8953460099981659,1.7741861285544975,0.11612903225806452,0.6363636363636364,0.14285714285714285,0.1704810331812182,0.05520298992604412,0.038461538461538464,1.7480949302590991,1.603633393419476,2.2287679075324127,0.145478374836173,30,train,-1,organic,,,0
UPI_00706,2,6,3.0,0.3333333333333333,172256.39,68527.27,0.39782136910332716,0.25174892843137403,0.0,0.0,0.14285714285714285,0.9519654258262762,0.011435129989898969,0.06666666666666667,1.7297950827191912,1.6916909265996913,2.143046064935012,0.1330166270783848,1,train,-1,organic,,,0
UPI_00707,2,7,3.5,0.2857142857142857,156984.2,211072.68,0.7437447664477638,0.2963087957052653,0.014285714285714285,0.0,0.125,0.7071248975794646,0.015256663085252458,0.047619047619047616,1.2195243014890254,1.1075115286649642,2.62523142954539,0.145478374836173,30,train,-1,organic,,,0
UPI_00708,22,1,0.045454545454545456,0.045454545454545456,1151301.49,61951.53,0.053809998262682415,1.2060851528697012,0.001976284584980237,0.18181818181818182,0.0,0.05637652899642201,0.03813823422722108,0.037037037037037035,0.4344741514306227,0.43114666947040603,2.34803307984184,0.11778115501519756,19,train,-1,organic,,,0
UPI_00709,1,73,73.0,0.0136986301369863,10510.81,11224489.5,0.0009364173386198601,0.33095893427433865,0.00037023324694557573,0.23529411764705882,0.0,1.0,0.10681779406419452,0.05921052631578947,0.49054640296598556,0.45646206405098627,2.054235146928696,0.12436224489795919,8,train,-1,organic,,,0
UPI_00710,1,3,3.0,0.3333333333333333,177955.82,333682.59,0.5333086749932573,1.0949927807009034,0.0,0.0,0.0,1.0,0.019715700411413118,0.037037037037037035,0.3393188457900796,0.23572682687445112,6.7505951045452885,0.110055423594616,17,train,-1,organic,,,0
UPI_00711,1,9,9.0,0.1111111111111111,188016.57,148195.0,0.7882018085106383,0.2435397953398505,0.011111111111111112,0.0,0.0,1.0,0.01978920425614478,0.07407407407407407,2.068205498023291,1.545537023795593,2.7002380418181153,0.10888252148997135,12,train,-1,organic,,,0
UPI_00712,1,4,4.0,0.25,153013.49,51007.81,0.33335496732026143,0.24300263629185762,0.0,0.0,0.0,1.0,0.008622989945114668,0.1,1.4055566253277076,1.4039235917841602,2.000176327272678,0.12260967379077616,20,train,-1,organic,,,0
UPI_00713,1,2,2.0,0.5,63834.43,195656.92,0.3262569396073915,1.616081471244138,0.0,1.0,0.0,1.0,0.013652659184716687,0.05263157894736842,0.6180388299550285,0.44385947612617305,6.3338917030301465,0.12642986152919927,6,train,-1,organic,,,0
UPI_00714,17,0,0.0,0.0,886028.11,0.0,0.0,1.1457642131474153,0.0,0.0,0.0,0.08698603463610474,0.02656757678568223,0.05405405405405406,0.5342010638201735,0.5616264332527702,2.1766624737967377,0.13686313686313686,22,train,-1,organic,,,0
UPI_00715,4,9,2.25,0.4444444444444444,675744.78,630329.53,0.9327922983544363,1.6251467903313856,0.013157894736842105,0.45454545454545453,0.18181818181818182,0.5025952303177067,0.03781605541280941,0.05660377358490566,1.4281175575725824,1.320470691627433,4.818606606611452,0.1,3,train,3,layered_fanin,3,layered_fanin,1
UPI_00716,4,7,1.75,0.5714285714285714,285999.56,163363.22,0.5712009486165456,0.4292320960865996,0.0,0.25,0.375,0.759369436506103,0.027883887045630672,0.05128205128205128,2.3882159111600414,1.8425089095202494,4.875429797727152,0.1234676007005254,25,train,-1,organic,,,0
UPI_00717,2,5,2.5,0.4,40688.81,30797.7,0.7569085284533301,0.28648641101391104,0.075,0.0,0.16666666666666666,0.5535506389241307,0.013002474533434644,0.0625,1.3500668393388071,1.2372256453997814,2.6669017696969037,0.1,3,train,-1,organic,,,0
UPI_00718,2,6,3.0,0.3333333333333333,186103.09,85367.39,0.4587102096721807,0.28221747319745294,0.0,0.0,0.14285714285714285,0.9778245165392228,0.014951258165475738,0.058823529411764705,1.7912074889698042,1.732820738871482,2.42878554025968,0.12547528517110265,28,train,-1,organic,,,0
UPI_00719,3,9,3.0,0.3333333333333333,66709.73,141188.38,0.47248741339972045,0.27814076284148687,0.0,0.0,0.09090909090909091,0.48456028507166843,0.03798671236165136,0.038461538461538464,1.5552544140291737,1.567401792951003,4.72768950082633,0.12436224489795919,8,train,-1,organic,,,0
UPI_00720,1,3,3.0,0.3333333333333333,273024.07,19015.6,0.0696480586080586,0.24348693321257983,0.0,0.0,0.0,1.0,0.010098735540325665,0.07692307692307693,2.1651336782086683,1.6542729842648731,3.2502865318181016,0.145478374836173,30,train,-1,organic,,,0
UPI_00721,5,9,1.8,0.5555555555555556,332059.54,154117.41,0.4641258159986437,0.3364416851942479,0.011494252873563218,0.2222222222222222,0.4,0.6985850597291065,0.027091075269405695,0.030303030303030304,2.211125004587445,1.900718218865546,3.3002909399999187,0.10630407911001236,13,train,-1,organic,,,0
UPI_00722,1,3,3.0,0.3333333333333333,253022.31,15407.16,0.06089249011857707,0.24346976723146607,0.0,0.0,0.0,1.0,0.008669643244180502,0.125,1.6003233957871166,1.600322190771405,2.000176327272678,0.12321792260692464,7,train,-1,organic,,,0
UPI_00723,0,85,85.0,0.0,0.0,13178931.11,0.0,0.24082620613995356,0.0007002801120448179,0.0,0.0,1.0,0.12282747915815333,0.040229885057471264,0.4228206697283542,0.43464595292581387,2.047239299679094,0.12611377655928718,32,train,-1,organic,,,0
UPI_00724,1,6,6.0,0.16666666666666666,126011.11,65912.66,0.5230702380952381,0.24300263629185762,0.0,0.0,0.0,1.0,0.01757793841352737,0.08695652173913043,2.073265859361512,1.6831197232500992,3.286003966233685,0.11778115501519756,19,train,-1,organic,,,0
UPI_00725,1,4,4.0,0.25,123010.84,32444.48,0.2637530081300813,0.25696203561111375,0.05,0.4,0.0,1.0,0.01852260035081805,0.04,2.6352221526789723,1.7009831272223301,5.000440818181695,0.1281767955801105,9,train,-1,organic,,,0
UPI_00726,1,4,4.0,0.25,100008.82,59522.74,0.5951749000000001,0.24323651184103853,0.0,0.0,0.0,1.0,0.012032538658429874,0.06666666666666667,1.5223490116828178,1.2641821705234493,3.000264490909017,0.1,3,train,-1,organic,,,0
UPI_00727,2,5,2.5,0.4,186289.52,85762.43,0.4603717337608061,0.4010059753268514,0.0,0.3333333333333333,0.16666666666666666,0.7733425644326758,0.016993322937579092,0.08695652173913043,1.8407880954311364,1.5859648857299122,3.8336712939393,0.12611377655928718,32,train,-1,organic,,,0
UPI_00728,29,0,0.0,0.0,1376371.34,0.0,0.0,1.3385352942787956,0.0,0.0,0.0,0.048808038930837364,0.052212096558662116,0.04054054054054054,0.526422189686964,0.5091446775504892,2.551949107209969,0.12167606768734891,26,train,-1,organic,,,0
UPI_00729,37,2,0.05405405405405406,0.05405405405405406,973206.03,841662.23,0.8648345758382335,2.629736134889691,0.019568151147098516,0.22580645161290322,0.0,0.17662349422148016,0.13420322107248203,0.015706806282722512,3.899135376093044,3.359984968592483,4.897867673193353,0.12814645308924486,4,train,-1,organic,,,0
UPI_00730,2,5,2.5,0.4,285642.92,151966.15,0.5320143979852232,0.3100179809524916,0.0,0.0,0.16666666666666666,0.8600819142155554,0.01784643145730985,0.08,1.9700827746271596,1.6307154164181918,4.167034015151413,0.12436224489795919,8,train,-1,organic,,,0
UPI_00731,1,7,7.0,0.14285714285714285,221019.48,160868.28,0.7278466063348416,0.24346976723146607,0.0,0.0,0.0,1.0,0.01632251643741294,0.045454545454545456,1.8148328106737568,1.5989468862520786,2.7502424499999325,0.145478374836173,30,train,-1,organic,,,0
UPI_00732,1,5,5.0,0.2,250037.28,363258.19,0.6883183554753227,1.2921891903717035,0.03333333333333333,0.6,0.0,1.0,0.02846219606114831,0.05128205128205128,0.7228390418654816,0.8878027817099663,6.500573063636203,0.1281767955801105,9,train,-1,organic,,,0
UPI_00733,2,5,2.5,0.4,129374.85,78247.73,0.60481408039242,0.2840925675854011,0.0,0.0,0.16666666666666666,0.8526134737774271,0.017197284501007055,0.08333333333333333,1.8369206513946421,1.4279374716919073,4.000352654545356,0.12611377655928718,32,train,-1,organic,,,0
UPI_00734,2,5,2.5,0.4,99494.9,52000.73,0.5226472273069622,0.28485170052529174,0.0,0.0,0.16666666666666666,0.9323730606667304,0.014658541491408873,0.1,1.8449653165172089,1.4505490079699577,3.3336272121211303,0.12661498708010335,14,train,-1,organic,,,0
UPI_00735,1,4,4.0,0.25,270023.8,92388.28,0.34214866666666666,0.24413065750434423,0.0,0.0,0.0,1.0,0.008862267439844796,0.08333333333333333,1.19038806115854,1.394117942719751,2.4002115927272136,0.12642986152919927,6,train,-1,organic,,,0
UPI_00736,2,5,2.5,0.4,103268.83,40567.26,0.39283155204841225,0.26007411312506357,0.0,0.0,0.16666666666666666,0.8692746758513037,0.013744065292394882,0.11764705882352941,1.763616263270509,1.4476861201615243,2.833583130302961,0.1234676007005254,25,train,-1,organic,,,0
UPI_00737,3,6,2.0,0.5,273984.39,48434.44,0.17677809743486866,0.2924203132015935,0.0,0.0,0.125,0.4963347220509457,0.014960523285858932,0.058823529411764705,2.0642559185824436,1.7840104031621709,2.1251873477272203,0.1407942238267148,2,train,-1,organic,,,0
UPI_00738,2,6,3.0,0.3333333333333333,199018.12,164173.94,0.8249195555108434,0.25742533130355444,0.0,0.0,0.14285714285714285,0.9321176977847401,0.012630794247870256,0.058823529411764705,1.4160486050515901,1.2753129428758585,2.42878554025968,0.1330166270783848,1,train,-1,organic,,,0
UPI_00739,3,3,1.0,1.0,2307538.0,1105249.76,0.47897359125090566,1.876553333085337,0.0,1.0,0.0,0.37651555610767834,0.014125321817010771,0.05,0.5757623806486569,0.7556641159929124,3.3336272121211303,0.12661498708010335,14,train,-1,organic,,,0
UPI_00740,5,8,1.6,0.625,219357.8,89655.13,0.40871641936393643,0.43947990468593023,0.0,0.0,0.4444444444444444,0.6695169785575494,0.028939485351240638,0.05128205128205128,2.4190027514138475,1.9632051130361063,4.3337153757574685,0.11764705882352941,18,train,-1,organic,,,0
UPI_00741,2,3,1.5,0.6666666666666666,39490.24,25347.79,0.6418748968008517,0.2507120001942507,0.0,0.0,0.0,0.9756495784019199,0.010000820239998385,0.16666666666666666,1.2297145410732548,1.3078172901068126,2.4002115927272136,0.1234676007005254,25,train,-1,organic,,,0
UPI_00742,3,9,3.0,0.3333333333333333,151815.56,168669.63,0.9000764638958306,0.322621256538287,0.0,0.0,0.2,0.7037679481537259,0.02792216715792312,0.02564102564102564,2.1751665995848377,1.4967453225992582,3.900343838181722,0.1407942238267148,2,train,-1,organic,,,0
UPI_00743,1,5,5.0,0.2,270023.8,61902.33,0.22924766666666668,0.24393038772468417,0.03333333333333333,0.0,0.0,1.0,0.015449155220881078,0.1,2.4071340556810465,1.8150796393206374,3.3336272121211303,0.13169845594913715,24,train,-1,organic,,,0
UPI_00744,1,8,8.0,0.125,211018.6,224722.9,0.9390169044849361,0.2429492733378004,0.0,0.0,0.0,1.0,0.0232696069943581,0.030303030303030304,1.9281283342642364,1.6437028938347897,3.6669899333332427,0.11512415349887133,11,train,-1,organic,,,0
UPI_00745,4,9,2.25,0.4444444444444444,120206.39,98364.18,0.8182941349276877,0.37690480585412023,0.013333333333333334,0.0,0.3,0.49519701713497943,0.02687640742590422,0.05263157894736842,1.5477604078838985,1.5215977061866015,3.8003350218180882,0.12547528517110265,28,train,-1,organic,,,0
UPI_00746,2,7,3.5,0.2857142857142857,204327.4,90483.3,0.44283485942569745,0.28375495527054195,0.014285714285714285,0.25,0.125,0.8697349043200331,0.02741487034433448,0.05405405405405406,2.652155435482706,1.9551253627147667,4.625407756818068,0.11764705882352941,18,train,-1,organic,,,0
UPI_00747,1,5,5.0,0.2,219019.31,235764.9,0.928973329218137,0.24312818349492235,0.0,0.0,0.0,1.0,0.016279618731329312,0.1,1.4798983611170196,1.1723320046006165,3.3336272121211303,0.12395709177592372,21,train,-1,organic,,,0
UPI_00748,36,4,0.1111111111111111,0.1111111111111111,689377.85,2370847.88,0.29077270511989584,2.5829308330953418,0.0038461538461538464,0.20588235294117646,0.0,0.04411124512614178,0.15554369645157184,0.009009009009009009,2.937093192687253,2.4807232806533537,5.550489308181682,0.13090257023311416,5,train,-1,organic,,,0
UPI_00749,2,8,4.0,0.25,142972.38,93923.04,0.656931341108667,0.2824914654507814,0.0,0.0,0.1111111111111111,0.8351293937751929,0.023940004896819182,0.06060606060606061,2.146618195435886,1.633785993782727,3.6669899333332427,0.1234676007005254,25,train,-1,organic,,,0
UPI_00750,3,6,2.0,0.5,260471.7,89873.0,0.345039411594005,0.3482510620655083,0.029411764705882353,0.0,0.2857142857142857,0.7321775854302106,0.020236030814978035,0.03571428571428571,2.2206976901662228,1.7325363867013908,4.000352654545356,0.12642986152919927,6,train,-1,organic,,,0
UPI_00751,2,5,2.5,0.4,153897.32,81127.4,0.5271528020340029,0.6688030298578355,0.0,0.3333333333333333,0.0,0.9385411872899794,0.014585805661156338,0.1,1.8248304211862345,1.4874131071584988,2.857394753246683,0.12436224489795919,8,train,-1,organic,,,0
UPI_00752,2,5,2.5,0.4,113091.17,40714.33,0.36001333555002957,0.26392049501397996,0.0,0.0,0.16666666666666666,0.9304233435576175,0.015333785575391338,0.05263157894736842,2.00785685176212,1.6954455404410436,3.1669458515150732,0.11512415349887133,11,train,-1,organic,,,0
UPI_00753,4,8,2.0,0.5,254339.17,215433.09,0.8470307205482926,0.2956049051183985,0.03076923076923077,0.0,0.09090909090909091,0.9143218340221143,0.01789115839245457,0.08333333333333333,1.7397353969428966,1.7456451652718488,2.1820105388429214,0.3680672268907563,31,train,-1,organic,,,0
UPI_00754,1,6,6.0,0.16666666666666666,196017.28,57836.0,0.29505561224489796,0.2446823537116759,0.023809523809523808,0.3333333333333333,0.0,1.0,0.023270069627064818,0.06666666666666667,2.844720791564079,1.9712612398360345,4.286092129870024,0.12436224489795919,8,train,-1,organic,,,0
UPI_00755,3,6,2.0,0.5,259703.98,133338.89,0.5134264493421528,0.31935465664326185,0.0,0.0,0.2857142857142857,0.8168873253635343,0.016578998929900977,0.045454545454545456,1.8062342548619474,1.4877383825699464,3.143134228571351,0.145478374836173,30,train,-1,organic,,,0
UPI_00757,1,7,7.0,0.14285714285714285,268523.67,114942.36,0.42805299813780257,0.24425988185937628,0.0,0.0,0.0,1.0,0.02188812969069876,0.03225806451612903,2.082822715611121,1.7698937850309977,3.875341634090814,0.12436224489795919,8,train,-1,organic,,,0
UPI_00758,2,5,2.5,0.4,266295.16,114391.68,0.42956727504780085,0.2915778105081909,0.0,0.0,0.16666666666666666,0.7984751689766727,0.020922121760521824,0.07142857142857142,2.1838397569484513,1.684473544734209,4.667078096969583,0.110055423594616,17,train,-1,organic,,,0
UPI_00759,12,6,0.5,0.5,1652507.07,631635.16,0.382228417961279,1.6715508898983855,0.0033112582781456954,0.6,0.125,0.1330059431311345,0.04502173705742304,0.265625,0.7075927743066199,0.6165394672377077,4.000352654545356,0.10888252148997135,12,train,38,fast_cycle,38,fast_cycle,1
UPI_00760,1,5,5.0,0.2,42003.7,128925.28,0.32579882186491743,0.24323651184103853,0.0,0.0,0.0,1.0,0.012834061599485034,0.125,1.8815544183178905,1.5038888394190462,2.6669017696969037,0.145478374836173,30,train,-1,organic,,,0
UPI_00761,3,8,2.6666666666666665,0.375,196229.59,79098.99,0.4030941181105424,0.4061492471126962,0.0,0.25,0.2222222222222222,0.8906111717546864,0.025558037434816862,0.02857142857142857,2.694266178660672,2.0829176594817267,3.8892317474746516,0.1,3,train,-1,organic,,,0
UPI_00762,3,4,1.3333333333333333,0.75,269307.12,55394.47,0.20569256817854858,0.7999659952467165,0.0,0.2857142857142857,0.0,0.35431665212051716,0.018305259266243004,0.041666666666666664,0.9942434247927465,1.1433853888417969,3.428873703896019,0.11626248216833096,29,train,-1,organic,,,0
UPI_00763,1,4,4.0,0.25,127011.2,84449.92,0.6649014173228346,0.2446823537116759,0.0,0.0,0.0,1.0,0.013784870428975258,0.11764705882352941,1.5761392948930117,1.3896766924779436,3.4002997563635526,0.12436224489795919,8,train,-1,organic,,,0
UPI_00764,1,5,5.0,0.2,264023.28,72390.48,0.274182196969697,0.24393038772468417,0.0,0.0,0.0,1.0,0.009442022376281639,0.08333333333333333,1.6836991695898653,1.7157197320531237,2.000176327272678,0.12321792260692464,7,train,-1,organic,,,0
UPI_00765,3,7,2.3333333333333335,0.42857142857142855,320518.79,344591.92,0.9301401717672845,0.3405607290572471,0.011363636363636364,0.3333333333333333,0.1111111111111111,0.7491067768142116,0.023434227200712268,0.06451612903225806,1.6350269769600287,1.3715607860254821,3.4447481191918348,0.110055423594616,17,train,-1,organic,,,0
UPI_00766,2,6,3.0,0.3333333333333333,106563.27,42461.44,0.3984622615337892,0.26266942696577655,0.0,0.0,0.14285714285714285,0.7375577389624125,0.021083481803156414,0.03571428571428571,3.093487841505801,2.088218486820777,4.000352654545356,0.145478374836173,30,train,-1,organic,,,0
UPI_00767,4,6,1.5,0.6666666666666666,182334.8,89568.9,0.49123312783058554,0.3574294490912525,0.023255813953488372,0.0,0.25,0.6910740742849539,0.018793308625062833,0.041666666666666664,1.7566013127674776,1.4693488839120779,3.000264490909017,0.11626248216833096,29,train,-1,organic,,,0
UPI_00768,1,6,6.0,0.16666666666666666,57005.03,79771.29,0.7146057645366483,0.2431947146323492,0.0,0.0,0.0,1.0,0.019347020848994565,0.08,1.864903886027698,1.3379044385368781,3.571743441558354,0.1234676007005254,25,train,-1,organic,,,0
UPI_00769,1,3,3.0,0.3333333333333333,101941.15,337369.72,0.30216448106743826,0.8155243007850068,0.0,0.75,0.0,1.0,0.01824228917341576,0.07692307692307693,0.359708315417327,0.27681013838144686,6.500573063636203,0.12321792260692464,7,train,-1,organic,,,0
UPI_00770,6,6,1.0,1.0,242454.61,135744.16,0.5598745040077838,0.34540025736834645,0.0390625,0.0,0.2,0.82660391414914,0.018022217790091624,0.08,1.9832695245818674,2.0162645905111356,2.5002204090908475,0.13169845594913715,24,train,-1,organic,,,0
UPI_00771,1,5,5.0,0.2,80007.05,74924.33,0.9364714999999998,0.24318110251457678,0.0,0.0,0.0,1.0,0.011983066429252164,0.0625,1.2493595765556256,1.2518069926557827,2.6669017696969037,0.12611377655928718,32,train,-1,organic,,,0
UPI_00772,2,6,3.0,0.3333333333333333,254501.63,92958.36,0.3652564675327676,0.251185358910882,0.03571428571428571,0.0,0.0,0.9962410468649747,0.017732437666115663,0.045454545454545456,2.2724419367513145,2.0116557071057937,2.7502424499999325,0.11402027027027027,0,train,-1,organic,,,0
UPI_00773,3,5,1.6666666666666667,0.6,304298.68,71689.5,0.2355892600646429,1.0633297869917706,0.0,0.2857142857142857,0.14285714285714285,0.6470249741551944,0.0191962460674357,0.07407407407407407,1.7114742266605831,1.6390338184037012,3.857482916883022,0.12395709177592372,21,train,-1,organic,,,0
UPI_00774,3,3,1.0,1.0,2038973.78,2194765.45,0.9290167093494776,8.143639004576427,0.0,1.0,0.0,0.47474207151827785,0.022572465550048076,0.0625,0.5028836129139544,0.5170985900086275,5.3338035393938075,0.3680672268907563,31,train,-1,organic,,,0
UPI_00775,3,6,2.0,0.5,188930.22,124808.2,0.660604776067954,0.9547782229408558,0.02857142857142857,0.5,0.125,0.7632400156402932,0.017912288197467836,0.043478260869565216,1.6350859893019167,1.4708884155162358,2.8752534704544748,0.11512415349887133,11,train,-1,organic,,,0
UPI_00776,38,4,0.10526315789473684,0.10526315789473684,1318498.99,2081504.24,0.6334356520177665,4.641858370468786,0.013937282229965157,0.058823529411764705,0.0,0.15253987444509634,0.14480840868150896,0.014492753623188406,3.0700386381265212,2.503148190699585,4.929005949350528,0.13169845594913715,24,train,-1,organic,,,0
UPI_00777,3,9,3.0,0.3333333333333333,182606.09,114906.57,0.6292592490968426,1.4051101820137593,0.0,0.5,0.09090909090909091,0.8228751106783614,0.03428704767090149,0.0625,2.71494960011227,1.9580424843562443,4.364021077685843,0.12321792260692464,7,train,-1,organic,,,0
UPI_00778,1,8,8.0,0.125,76506.74,188193.55,0.4065322343394218,0.24215656967626664,0.013888888888888888,0.0,0.0,1.0,0.02797389501620354,0.05128205128205128,1.9537245818355544,1.5368562462940916,4.3337153757574685,0.110055423594616,17,train,-1,organic,,,0
UPI_00779,1,5,5.0,0.2,85507.54,40368.32,0.4721024561403509,0.24708084999399985,0.03333333333333333,0.0,0.0,1.0,0.013626874720444035,0.05555555555555555,1.439131828000598,1.4252879874811344,3.000264490909017,0.12013536379018612,23,train,-1,organic,,,0
UPI_00780,2,6,3.0,0.3333333333333333,191772.57,117996.47,0.6152938067121461,0.31835437575519254,0.037037037037037035,0.0,0.14285714285714285,0.7450561402809468,0.019338742345081157,0.07407407407407407,1.8021368609218351,1.5507536194178284,3.857482916883022,0.11764705882352941,18,train,-1,organic,,,0
UPI_00781,3,4,1.3333333333333333,0.75,261216.04,152197.82,0.5826511207172045,0.27517484605550413,0.07142857142857142,0.0,0.0,0.9833184517672922,0.017416119994011298,0.10526315789473684,1.7735923312428614,1.8164981507972022,2.714525015584349,0.12321792260692464,7,train,-1,organic,,,0
UPI_00782,22,5,0.22727272727272727,0.22727272727272727,2104355.67,583526.13,0.27729444181453455,4.439577325471671,0.007122507122507123,0.47619047619047616,0.0,0.06157481552217007,0.06909463139389904,0.06944444444444445,0.6997344127273717,0.578740138414557,2.6669017696969037,0.110055423594616,17,train,21,layered_fanin,21,layered_fanin,1
UPI_00783,4,12,3.0,0.3333333333333333,283301.35,351602.79,0.8057426336737655,0.31411937307716636,0.06666666666666667,0.2,0.0,0.9701142855112334,0.03125074442584025,0.046511627906976744,2.483421882963252,1.8514147557138179,2.687736939772661,0.12013536379018612,23,train,-1,organic,,,0
UPI_00784,1,3,3.0,0.3333333333333333,130011.46,19791.57,0.15222946153846156,0.24300263629185762,0.0,0.0,0.0,1.0,0.007256074947191899,0.1,1.6716885110126465,1.51235673381939,2.5002204090908475,0.12395709177592372,21,train,-1,organic,,,0
UPI_00785,1,5,5.0,0.2,93008.2,81839.08,0.8799125806451612,0.24302917371621402,0.0,0.0,0.0,1.0,0.010758722093702492,0.07692307692307693,1.3946332328674784,1.1430015751787388,2.1668576878787342,0.10888252148997135,12,train,-1,organic,,,0
UPI_00786,1,6,6.0,0.16666666666666666,226519.97,106758.62,0.471298940397351,0.24489658993979904,0.023809523809523808,0.0,0.0,1.0,0.019944764083912055,0.038461538461538464,1.8139816206486685,1.5403719368966928,3.714613179220688,0.12611377655928718,32,train,-1,organic,,,0
UPI_00787,2,6,3.0,0.3333333333333333,112520.19,114397.21,0.9835920352228437,0.32479432357744076,0.0,0.2857142857142857,0.14285714285714285,0.7886779160331281,0.01598015555228689,0.09090909090909091,1.2565916739620702,1.3005215887945547,3.143134228571351,0.12436224489795919,8,train,-1,organic,,,0
UPI_00788,1,5,5.0,0.2,53004.67,43575.47,0.8221062264150945,0.24322241648606138,0.0,0.0,0.0,1.0,0.010703739133227062,0.06666666666666667,1.2902815675216894,1.242045308259421,2.5002204090908475,0.12260967379077616,20,train,-1,organic,,,0
UPI_00789,4,7,1.75,0.5714285714285714,420241.72,65653.26,0.1562273689152479,1.7571704132872903,0.0,0.5,0.1,0.4443507518860683,0.03895588010481886,0.03636363636363636,2.661744811118106,2.2717117932521633,5.500484899999865,0.1234676007005254,25,train,-1,organic,,,0
UPI_00790,2,9,4.5,0.2222222222222222,215936.77,131135.3,0.6072856545870503,0.25885034354466624,0.09090909090909091,0.0,0.0,0.9823942463865492,0.014104546860501083,0.05263157894736842,1.7379904464582117,1.8241379869692163,1.727425009917313,0.12436224489795919,8,train,-1,organic,,,0
UPI_00791,1,4,4.0,0.25,52004.58,26828.52,0.5158875,0.2446823537116759,0.0,0.0,0.0,1.0,0.008932206414192616,0.08333333333333333,1.3495580737716633,1.3395967109313125,2.4002115927272136,0.110055423594616,17,train,-1,organic,,,0
UPI_00792,2,8,4.0,0.25,87638.77,50217.36,0.5730039264625867,0.27545520271309154,0.011363636363636364,0.0,0.1111111111111111,0.8043490985909505,0.023201938151865834,0.06451612903225806,2.0995373418374124,1.721250849625657,3.4447481191918348,0.12167606768734891,26,train,-1,organic,,,0
UPI_00793,3,6,2.0,0.5,275215.5,74653.88,0.2712560908552176,0.27440534284702056,0.1111111111111111,0.0,0.0,0.6819138796909086,0.014880118941750741,0.05,1.481387405027188,1.3411580285619693,2.222418141414087,0.11512415349887133,11,train,-1,organic,,,0
UPI_00794,25,1,0.04,0.04,1949981.77,940953.65,0.48254484423140187,2.7942192159882513,0.0,0.16,0.0,0.22988863218823655,0.06938297434796993,0.08247422680412371,0.8308102376005688,0.8257149089317324,3.731098148950957,0.12814645308924486,4,train,39,fast_cycle,39,fast_cycle,1
UPI_00795,1,5,5.0,0.2,29002.56,136901.78,0.21184937859828906,0.24213951373349343,0.0,0.0,0.0,1.0,0.01056352493089694,0.16666666666666666,1.4380130486498255,1.213414417990628,2.000176327272678,0.12547528517110265,28,train,-1,organic,,,0
UPI_00796,2,4,2.0,0.5,71120.93,46675.15,0.6562787475887532,0.2574291922115959,0.03333333333333333,0.0,0.0,0.9691431083006683,0.010417892596838781,0.07692307692307693,1.2808094800370204,1.4192726400432196,2.1668576878787342,0.10567514677103718,27,train,-1,organic,,,0
UPI_00797,3,1,0.3333333333333333,0.3333333333333333,3171284.43,216415.36,0.06824217860076064,3.5902882161567735,0.0,0.75,0.0,0.44057975513111824,0.017516213140687426,0.041666666666666664,0.7013495665238542,0.6971815074511563,6.000528981818034,0.1,3,train,-1,organic,,,0
UPI_00798,6,9,1.5,0.6666666666666666,326416.46,181857.53,0.5571334677828526,0.39146427405518064,0.03398058252427184,0.2222222222222222,0.15384615384615385,0.4816037614545104,0.032160183702867516,0.045454545454545456,2.028114844990403,1.7502197624675693,3.3849137846153012,0.13090257023311416,5,train,-1,organic,,,0
UPI_00799,2,8,4.0,0.25,100276.21,80632.23,0.8041012744225764,0.2659377663538387,0.022727272727272728,0.0,0.1111111111111111,0.9750397250073073,0.020557481889626406,0.034482758620689655,2.958892595329303,2.0230573623565618,3.222506305050426,0.145478374836173,30,train,-1,organic,,,0
UPI_00800,2,3,1.5,0.6666666666666666,201570.54,206693.71,0.9752137033762447,2.000369135294362,0.0,1.0,0.0,0.6846393687199208,0.029609670518391303,0.05,0.7196302164896682,0.6322160099390048,8.000705309090712,0.12167606768734891,26,train,-1,organic,,,0
UPI_00801,9,9,1.0,1.0,1607229.28,1612237.45,0.996893651425029,6.891850181099222,0.0196078431372549,0.3076923076923077,0.0,0.4622998798856038,0.05093123399188283,0.1111111111111111,0.8153808152223518,0.9505023648836007,4.000352654545356,0.11778115501519756,19,train,32,fast_cycle,32,fast_cycle,1
UPI_00802,1,6,6.0,0.16666666666666666,212018.69,20248.3,0.09550240566037735,0.24346976723146607,0.023809523809523808,0.0,0.0,1.0,0.018536093481226645,0.08,3.0712943096470005,2.287470550635342,3.571743441558354,0.12642986152919927,6,train,-1,organic,,,0
UPI_00803,35,7,0.2,0.2,537839.41,1895349.46,0.28376794155171453,2.3804550832607725,0.011033681765389082,0.4375,0.0,0.07132198604965172,0.13830554643854442,0.015228426395939087,2.8358508805612206,2.562363086937195,4.690889719913304,0.110055423594616,17,train,-1,organic,,,0
UPI_00804,4,4,1.0,1.0,406009.55,78770.33,0.19401103657536883,1.5448515719023326,0.0,0.25,0.0,0.3340986190556184,0.023236375254551266,0.0625,1.1627785990876567,1.379860510615787,4.000352654545356,0.1281767955801105,9,train,-1,organic,,,0
UPI_00805,41,4,0.0975609756097561,0.0975609756097561,937059.3,1765970.71,0.5306199540050351,3.163079979947303,0.020202020202020204,0.358974358974359,0.0,0.1211409226916175,0.16265992604348622,0.01293103448275862,3.4742575970879734,2.462484862582485,5.156010088080682,0.1234676007005254,25,train,-1,organic,,,0
UPI_00806,1,3,3.0,0.3333333333333333,92938.47,351955.28,0.26406330339554607,1.163468012826217,0.0,0.75,0.0,1.0,0.02951576153664334,0.04878048780487805,0.6760811162763068,0.5047270706124851,10.250903677272476,0.12642986152919927,6,train,-1,organic,,,0
UPI_00807,1,4,4.0,0.25,121010.67,26293.19,0.2172799173553719,0.2435397953398505,0.0,0.0,0.0,1.0,0.007642896691814628,0.1,1.571953524978828,1.5717966334822058,2.000176327272678,0.11376146788990826,15,train,-1,organic,,,0
UPI_00808,1,3,3.0,0.3333333333333333,142012.52,35668.55,0.2511648591549296,0.24330955140773808,0.0,0.0,0.0,1.0,0.011570351702266567,0.06666666666666667,1.9703883401356943,1.5450357215950514,3.7503306136362715,0.1407942238267148,2,train,-1,organic,,,0
UPI_00809,1,4,4.0,0.25,262023.1,172501.85,0.6583459541984732,0.2435397953398505,0.0,0.0,0.0,1.0,0.011212723086469742,0.07692307692307693,1.391758669032978,1.3291496750159157,2.6002292254544814,0.11512415349887133,11,train,-1,organic,,,0
UPI_00810,2,8,4.0,0.25,137966.71,149332.76,0.923887754856027,0.31148332293092545,0.0,0.4444444444444444,0.1111111111111111,0.8066979773194479,0.026209457245822868,0.05405405405405406,1.8798751227347255,1.496593465920897,4.11147356161606,0.1234676007005254,25,train,-1,organic,,,0
UPI_00811,2,6,3.0,0.3333333333333333,136547.46,65786.28,0.48178326180854747,0.2719817645685457,0.017857142857142856,0.0,0.0,0.8827874267886489,0.019140149244086798,0.07692307692307693,2.170925918890256,1.827972429326995,3.2502865318181016,0.110055423594616,17,train,-1,organic,,,0
UPI_00812,1,7,7.0,0.14285714285714285,135011.9,97770.83,0.7241645185185185,0.2435397953398505,0.017857142857142856,0.0,0.0,1.0,0.02337948413736502,0.0625,2.271603055033667,1.6858284919716497,4.000352654545356,0.12642986152919927,6,train,-1,organic,,,0
UPI_00813,3,6,2.0,0.5,265489.1,242637.45,0.9139262059090872,0.5639746920088424,0.0,0.2857142857142857,0.2857142857142857,0.6184641092040464,0.02336050474071642,0.07407407407407407,1.5722129246656402,1.3470688376631612,3.857482916883022,0.12611377655928718,32,train,-1,organic,,,0
UPI_00814,2,5,2.5,0.4,59436.01,30612.79,0.5150545752646315,0.26033409510718136,0.0,0.0,0.16666666666666666,0.9530100372894752,0.011955350750065423,0.06666666666666667,1.55593202900621,1.4172251053031046,2.5002204090908475,0.13686313686313686,22,train,-1,organic,,,0
UPI_00815,1,4,4.0,0.25,42003.7,37566.56,0.8943630952380952,0.2435043235856035,0.0,0.0,0.0,1.0,0.009854420489686488,0.14285714285714285,1.1409840997526912,1.0880361132329988,2.8002468581817492,0.13090257023311416,5,train,-1,organic,,,0
UPI_00816,1,4,4.0,0.25,190016.75,103022.87,0.5421778421052632,0.24393038772468417,0.0,0.0,0.0,1.0,0.013033723628489096,0.125,1.6214597027743445,1.4313810015877095,3.200282123636285,0.11228070175438597,10,train,-1,organic,,,0
UPI_00817,1,7,7.0,0.14285714285714285,396034.91,112584.97,0.28428040404040406,0.2441848288381867,0.0,0.0,0.0,1.0,0.019921921089823953,0.03571428571428571,2.218575861834468,1.844101546477683,3.5003085727271865,0.12642986152919927,6,train,-1,organic,,,0
UPI_00818,1,5,5.0,0.2,244021.51,101628.53,0.41647364754098365,0.24322241648606138,0.0,0.0,0.0,1.0,0.011310410096619419,0.07692307692307693,1.5699222559937442,1.5041166560886703,2.1668576878787342,0.12436224489795919,8,train,-1,organic,,,0
UPI_00819,2,4,2.0,0.5,425993.17,384361.11,0.902270593354303,0.2891588804292237,0.0,0.5,0.0,0.5233472563846618,0.013600370736031915,0.1111111111111111,0.9835422979965276,1.0811661691742795,3.000264490909017,0.10567514677103718,27,train,35,stealth_cycle,35,stealth_cycle,1
UPI_00820,1,5,5.0,0.2,168014.81,518943.53,0.32376318896565714,0.2435043235856035,0.03333333333333333,0.0,0.0,1.0,0.010940154316954505,0.06666666666666667,2.0007577916489825,1.3950260353420547,2.5002204090908475,0.1330166270783848,1,train,-1,organic,,,0
UPI_00821,20,0,0.0,0.0,1099488.13,0.0,0.0,1.9158112424597278,0.002631578947368421,0.0,0.0,0.07055918561686933,0.038139551126519525,0.037037037037037035,0.5640210342197496,0.5764328512471834,2.7002380418181153,0.10630407911001236,13,train,-1,organic,,,0
UPI_00822,3,6,2.0,0.5,82346.76,126626.98,0.6503097322277738,0.27681121238641526,0.027777777777777776,0.0,0.0,0.7775022621677146,0.012224927805009684,0.06666666666666667,1.6897753776495614,1.4054715885742346,1.6668136060605652,0.12661498708010335,14,train,-1,organic,,,0
UPI_00823,5,9,1.8,0.5555555555555556,332088.24,159068.2,0.4789937907412587,0.3568607631204643,0.011494252873563218,0.0,0.4,0.6818685719179693,0.03140623810369769,0.022727272727272728,2.4882742578226082,2.0443509001392854,4.400387919999892,0.11778115501519756,19,train,-1,organic,,,0
UPI_00824,1,5,5.0,0.2,79006.96,45350.86,0.5740108860759494,0.24393038772468417,0.0,0.0,0.0,1.0,0.011937877936082392,0.06666666666666667,1.5710576582292983,1.212686434410116,2.5002204090908475,0.12436224489795919,8,train,-1,organic,,,0
UPI_00825,26,0,0.0,0.0,1154735.18,0.0,0.0,2.5616711180035785,0.0,0.0,0.0,0.05331478336639126,0.04761086207642004,0.029850746268656716,0.5146094217348819,0.5184218320862484,2.5771502678321045,0.11376146788990826,15,train,-1,organic,,,0
UPI_00826,3,6,2.0,0.5,189782.66,230696.78,0.8226498120050753,0.6344588107414895,0.0,0.5,0.125,0.6631505664634633,0.020326155328631274,0.07407407407407407,1.6316650924088205,1.3239044071965271,3.3752975522726443,0.1407942238267148,2,train,-1,organic,,,0
UPI_00827,143,0,0.0,0.0,1329041.84,0.0,0.0,6.946740162026253,0.0005417118093174431,0.0,0.0,0.18397224618007862,0.2451649009095922,0.011461318051575931,3.298635770931017,2.8735919738334457,2.440774609154422,0.1,3,train,-1,organic,,,0
UPI_00828,2,8,4.0,0.25,253706.28,130361.99,0.5138303804920068,0.2643273844772853,0.045454545454545456,0.0,0.1111111111111111,0.9265681075182903,0.026751279974437665,0.05555555555555555,2.59760407299029,1.854200540759381,4.000352654545356,0.12547528517110265,28,train,-1,organic,,,0
UPI_00829,4,6,1.5,0.6666666666666666,236822.61,51484.75,0.21739794721938896,0.31223584700358137,0.0,0.2857142857142857,0.42857142857142855,0.7462043528967583,0.022414014237879934,0.06666666666666667,2.5686456524672914,2.0530928705916205,4.286092129870024,0.10630407911001236,13,train,-1,organic,,,0
UPI_00830,7,4,0.5714285714285714,0.5714285714285714,5000958.6,3514232.26,0.70271172760603,13.647491804061445,0.00909090909090909,0.9090909090909091,0.0,0.17362595016157262,0.03456742028476578,0.04081632653061224,0.39151608625753503,0.3779819246388179,4.454938183470964,0.3680672268907563,31,train,-1,organic,,,0
UPI_00831,2,5,2.5,0.4,180808.41,56951.17,0.3149807621965671,0.39254600168437437,0.0,0.0,0.16666666666666666,0.7796475933652938,0.01232056835466296,0.0625,1.6596773648664256,1.5998607520025017,2.6669017696969037,0.13686313686313686,22,train,-1,organic,,,0
UPI_00832,17,0,0.0,0.0,1078373.92,0.0,0.0,1.1966703084091264,0.0,0.0,0.0,0.08260529832042127,0.035690887174661456,0.041666666666666664,0.4784890113792958,0.4502417441495352,2.8237783443849573,0.13090257023311416,5,train,-1,organic,,,0
UPI_00833,2,7,3.5,0.2857142857142857,189894.64,117320.35,0.6178181347065668,0.2773476114746014,0.05555555555555555,0.0,0.0,0.838025865342853,0.014767517568901977,0.1111111111111111,1.5489797781073595,1.3610293334948356,2.000176327272678,0.11778115501519756,19,train,-1,organic,,,0
UPI_00834,3,7,2.3333333333333335,0.42857142857142855,364216.42,129127.59,0.3545353450290047,1.0741655405136445,0.0,0.5,0.0,0.5603583586878446,0.0249439305972745,0.02857142857142857,2.0939896877630257,1.8877292491962259,3.5003085727271865,0.1407942238267148,2,train,-1,organic,,,0
UPI_00835,6,8,1.3333333333333333,0.75,165234.2,81064.64,0.49060447599356083,0.4448241701806402,0.03488372093023256,0.0,0.5555555555555556,0.42553496830601595,0.030809205022317886,0.0975609756097561,1.76215196149979,1.7243916534543962,4.555957189898877,0.10888252148997135,12,train,-1,organic,,,0
UPI_00836,1,4,4.0,0.25,68006.0,22905.68,0.3368185294117647,0.24306528793877566,0.0,0.0,0.0,1.0,0.007996529506194311,0.1,1.3854871819046544,1.3854462019344964,2.000176327272678,0.13686313686313686,22,train,-1,organic,,,0
UPI_00837,4,9,2.25,0.4444444444444444,318864.48,97589.87,0.306054387709909,0.48280681541228715,0.013157894736842105,0.2,0.18181818181818182,0.7719286993749375,0.02350627997203732,0.03125,2.5431654086379187,2.1506337059711855,2.9093473851238953,0.10888252148997135,12,train,-1,organic,,,0
UPI_00838,2,0,0.0,0.0,1258949.21,0.0,0.0,2.5942482565134735,0.0,0.0,0.0,0.5000019027613207,0.008011317320935374,0.1,0.33102784097027305,0.19812652516743462,5.000440818181695,0.13169845594913715,24,train,-1,organic,,,0
UPI_00839,1,4,4.0,0.25,220019.4,132630.02,0.6028105909090908,0.2435397953398505,0.0,0.0,0.0,1.0,0.009426060281226509,0.1,1.2763514830948646,1.2678392529663234,2.000176327272678,0.13169845594913715,24,train,-1,organic,,,0
UPI_00840,3,2,0.6666666666666666,0.6666666666666666,2077603.78,1549669.44,0.7458926746096673,5.161992106700202,0.0,0.8,0.0,0.37806304824034775,0.023941507610817495,0.058823529411764705,0.26808698441271367,0.239124738244023,6.800599512727105,0.3680672268907563,31,train,6,layered_fanin,6,layered_fanin,1
UPI_00841,2,5,2.5,0.4,129336.35,51918.49,0.4014222313637083,0.3202442059088918,0.0,0.0,0.16666666666666666,0.7794050019882035,0.014827573850585009,0.05,1.7852589435673865,1.5206686306644832,3.3336272121211303,0.145478374836173,30,train,-1,organic,,,0
UPI_00842,33,2,0.06060606060606061,0.06060606060606061,888528.36,1957661.87,0.45387223038139834,4.393609176964741,0.014285714285714285,0.14285714285714285,0.0,0.17033068539707708,0.11237730680760653,0.0125,3.541892280635603,3.2445724156360156,4.571831605194692,0.12167606768734891,26,train,-1,organic,,,0
UPI_00843,4,5,1.25,0.8,177096.86,41254.69,0.232949846468782,0.30198389945778364,0.125,0.0,0.0,0.3109850175139336,0.010729626033557593,0.07692307692307693,1.3339601445878124,1.05381591418013,1.4445717919191563,0.12661498708010335,14,train,-1,organic,,,0
UPI_00844,145,12,0.08275862068965517,0.08275862068965517,1370556.38,142942.88,0.10429551317246905,7.715314589564671,0.00518579011841568,0.27941176470588236,0.00641025641025641,0.11317933776698556,0.25030647394155786,0.013966480446927373,3.107446588584424,2.7796057021491647,2.2950741191141626,0.110055423594616,17,train,-1,organic,,,0
UPI_00845,2,4,2.0,0.5,293099.58,36350.51,0.124021039892554,1.0157815113989126,0.03333333333333333,0.4,0.0,0.6123530534795323,0.01601720474295319,0.09090909090909091,1.9776912361809693,1.8632274338991444,3.6669899333332427,0.12661498708010335,14,train,-1,organic,,,0
UPI_00846,2,4,2.0,0.5,559717.97,140187.68,0.2504612774169601,0.25775573591937984,0.0,0.0,0.0,0.5348084404672446,0.010910899945748582,0.14285714285714285,1.8153831968466012,1.4935396061222677,2.3335390484847913,0.11376146788990826,15,train,-1,organic,,,0
UPI_00847,2,6,3.0,0.3333333333333333,246032.96,80883.55,0.3287508738928911,0.2801037154782528,0.0,0.0,0.14285714285714285,0.8304235883999023,0.014028895833602527,0.05263157894736842,1.914456775370824,1.7502472643764122,2.714525015584349,0.145478374836173,30,train,-1,organic,,,0
UPI_00848,1,8,8.0,0.125,140012.34,234590.28,0.5968377829011091,0.24579742636011256,0.0,0.0,0.0,1.0,0.021892350447881,0.03225806451612903,1.7828689936092177,1.4199904799412404,3.4447481191918348,0.13169845594913715,24,train,-1,organic,,,0
UPI_00849,2,8,4.0,0.25,259831.32,198568.62,0.7642212967624874,0.2633160824776904,0.1111111111111111,0.0,0.0,0.9861757941723701,0.01581062386086651,0.09523809523809523,1.6806193664005724,1.4373349443947059,2.100185143636312,0.12661498708010335,14,train,-1,organic,,,0
UPI_00850,1,4,4.0,0.25,140012.34,80131.27,0.5723157857142858,0.24328858614406598,0.0,0.0,0.0,1.0,0.013002922045537456,0.07692307692307693,1.4150886625036687,1.3600389837922273,2.6002292254544814,0.1281767955801105,9,train,-1,organic,,,0
UPI_00851,1,5,5.0,0.2,131011.55,81434.16,0.62158,0.24300263629185762,0.0,0.0,0.0,1.0,0.009993165388671676,0.07142857142857142,1.4033661557109534,1.402800523293812,2.3335390484847913,0.12167606768734891,26,train,-1,organic,,,0
UPI_00852,3,8,2.6666666666666665,0.375,166822.66,32145.36,0.19269183513135912,0.5499356413481926,0.018518518518518517,0.625,0.1,0.5434196474455988,0.023329399933664383,0.030303030303030304,1.4167414850307323,1.3567386878779544,3.3002909399999187,0.12395709177592372,21,train,-1,organic,,,0
UPI_00853,2,5,2.5,0.4,77780.83,55812.94,0.7175668157353933,0.256721911187841,0.05,0.0,0.16666666666666666,0.9677758036231661,0.015274848625189371,0.1,1.249056196407748,1.1660008553644226,3.3336272121211303,0.10630407911001236,13,train,-1,organic,,,0
UPI_00854,3,8,2.6666666666666665,0.375,343310.05,116899.17,0.3405060927123032,0.9267658137369138,0.0,0.0,0.0,0.3948008417287498,0.03362321683122196,0.041666666666666664,1.8657427280856527,1.7771988758860198,4.364021077685843,0.12814645308924486,4,train,-1,organic,,,0
UPI_00855,2,7,3.5,0.2857142857142857,152430.21,83195.74,0.5457956496519379,0.3064935839848752,0.0,0.0,0.125,0.8726538242572841,0.024549229387999402,0.02857142857142857,2.442841636815635,1.8937563134236908,4.375385715908983,0.12395709177592372,21,train,-1,organic,,,0
UPI_00856,3,7,2.3333333333333335,0.42857142857142855,283745.39,105818.32,0.37293404865734353,1.046465216262562,0.045454545454545456,0.25,0.1111111111111111,0.670595833036781,0.02936021641741746,0.025,2.5271692886798953,2.0507731828778426,4.444836282828174,0.12611377655928718,32,train,-1,organic,,,0
UPI_00857,1,8,8.0,0.125,185016.31,205700.04,0.8994471122910128,0.24312818349492235,0.013888888888888888,0.0,0.0,1.0,0.029306513769792566,0.04878048780487805,2.1023397832155335,1.7011304670712033,4.555957189898877,0.11376146788990826,15,train,-1,organic,,,0
UPI_00858,6,9,1.5,0.6666666666666666,547227.03,118077.72,0.21577464652823983,2.271806624404425,0.009708737864077669,0.2222222222222222,0.15384615384615385,0.4729371985522153,0.029935316595380998,0.024390243902439025,3.272368828755022,2.428298502339982,3.1541242083915306,0.11626248216833096,29,train,-1,organic,,,0
UPI_00859,4,6,1.5,0.6666666666666666,1058874.48,902372.06,0.852199273706361,0.7370581823359044,0.0,0.25,0.1111111111111111,0.6352681165094022,0.04783140568339596,0.2857142857142857,0.769510226962491,1.330742984375792,6.222770795959443,0.16923076923076924,16,train,0,fast_cycle,0,fast_cycle,1
UPI_00860,3,5,1.6666666666666667,0.6,515534.05,40919.58,0.07937318109459647,0.28541458471435693,0.07142857142857142,0.0,0.0,0.5646922501933967,0.012997713124585246,0.13333333333333333,2.378095813942725,2.0152564079792974,1.8751653068181358,0.13090257023311416,5,train,-1,organic,,,0
UPI_00861,3,9,3.0,0.3333333333333333,151386.79,163733.18,0.9245944035121206,0.3209577779765016,0.0,0.0,0.2,0.8236364262451404,0.026781276590268986,0.02702702702702703,2.722624253209525,1.9075779284470982,3.7003262054544543,0.145478374836173,30,train,-1,organic,,,0
UPI_00862,3,6,2.0,0.5,178954.75,83602.57,0.4671715725199491,0.30589205155408006,0.029411764705882353,0.0,0.2857142857142857,0.8273774027468908,0.01885382961081925,0.08,2.0080362609638978,1.7908464811132585,3.571743441558354,0.12013536379018612,23,train,-1,organic,,,0
UPI_00863,7,6,0.8571428571428571,0.8571428571428571,289954.56,142105.63,0.490096195965219,1.444406726062775,0.006578947368421052,0.5,0.18181818181818182,0.49612762895715196,0.028904501758650936,0.024390243902439025,2.0675538956899366,1.8317058364846452,3.7276013371899905,0.12395709177592372,21,train,-1,organic,,,0
UPI_00864,1,4,4.0,0.25,181015.96,65941.81,0.3642872928176796,0.243732248474595,0.0,0.0,0.0,1.0,0.009252603001390202,0.1,1.3661720209046888,1.3654516939039454,2.000176327272678,0.12611377655928718,32,train,-1,organic,,,0
UPI_00865,5,3,0.6,0.6,4922539.1,4480738.75,0.9102494996475237,10.502204922112071,0.05357142857142857,1.0,0.0,0.3420597254191248,0.03317958686708026,0.0425531914893617,0.3940462190672557,0.5086937966750452,5.875517961363491,0.3680672268907563,31,train,-1,organic,,,0
UPI_00866,1,9,9.0,0.1111111111111111,69006.08,149820.81,0.46059078444618295,0.24337124942681343,0.011111111111111112,0.0,0.0,1.0,0.027394950899818773,0.02564102564102564,1.8808740460044011,1.3487698963983117,3.900343838181722,0.11376146788990826,15,train,-1,organic,,,0
UPI_00867,5,7,1.4,0.7142857142857143,571525.61,154172.15,0.2697554537928092,0.41959980933285834,0.0,0.0,0.3333333333333333,0.4454472298286508,0.025123260999277704,0.029411764705882353,2.4858135877661987,1.713420469219452,3.778110840403947,0.12395709177592372,21,train,-1,organic,,,0
UPI_00868,2,4,2.0,0.5,230839.87,79003.29,0.3422428484384683,0.25025708162282506,0.0,0.0,0.0,0.9843585415782599,0.010044082361475365,0.07692307692307693,1.6441779632539173,1.6424205928669544,2.1668576878787342,0.12260967379077616,20,train,-1,organic,,,0
UPI_00869,1,4,4.0,0.25,127011.2,37274.3,0.2934725196850394,0.24306528793877566,0.0,0.0,0.0,1.0,0.007902243658499352,0.09090909090909091,1.5535338190155272,1.4787253385038006,2.200193959999946,0.11512415349887133,11,train,-1,organic,,,0
UPI_00870,1,7,7.0,0.14285714285714285,72006.35,78656.04,0.9154585474648091,0.2435397953398505,0.0,0.0,0.0,1.0,0.01977730188362523,0.07407407407407407,1.650875526046458,1.4213399840604468,3.3752975522726443,0.12661498708010335,14,train,-1,organic,,,0
UPI_00871,4,10,2.5,0.4,306482.55,92360.14,0.3013553059394947,1.5846913116927783,0.011111111111111112,0.36363636363636365,0.07692307692307693,0.6274356756725974,0.03969290270889768,0.037037037037037035,3.0244107638088975,2.346064432686363,4.15421237202787,0.12436224489795919,8,train,-1,organic,,,0
UPI_00872,2,4,2.0,0.5,206044.02,39188.52,0.19019491048356746,0.27763089086324494,0.0,0.0,0.2,0.9341221992465176,0.012146270883683285,0.0625,2.0811153474559183,1.7424868331752768,3.200282123636285,0.12814645308924486,4,train,-1,organic,,,0
UPI_00873,2,5,2.5,0.4,48895.24,75904.04,0.6441717662079111,0.2893570710521103,0.0,0.0,0.16666666666666666,0.5685970915415128,0.012727417357015422,0.07142857142857142,0.8344415118345153,0.9840869887940918,2.3335390484847913,0.12661498708010335,14,train,-1,organic,,,0
UPI_00874,2,6,3.0,0.3333333333333333,256184.57,119104.23,0.46491569650907233,0.2942655613217675,0.037037037037037035,0.0,0.14285714285714285,0.945645728892003,0.017160566380407534,0.047619047619047616,1.5482953278411289,1.4191150616081427,3.000264490909017,0.110055423594616,17,train,-1,organic,,,0
UPI_00875,1,6,6.0,0.16666666666666666,176015.52,117394.65,0.66695625,0.24346976723146607,0.0,0.0,0.0,1.0,0.016955978042008435,0.041666666666666664,1.954619153880575,1.536581020867355,3.428873703896019,0.10567514677103718,27,train,-1,organic,,,0
UPI_00876,2,8,4.0,0.25,168400.24,75964.66,0.45109590564834623,0.29277519722636536,0.0,0.0,0.1111111111111111,0.9605984022819685,0.026457159713666575,0.027777777777777776,2.7639651029347774,1.999727465198503,4.000352654545356,0.13686313686313686,22,train,-1,organic,,,0
UPI_00877,2,8,4.0,0.25,275003.26,126605.55,0.46037835904717384,0.2749655186676786,0.011363636363636364,0.0,0.1111111111111111,0.9714782421155692,0.01873288447794393,0.07692307692307693,2.3058924108239083,2.0067855142595046,2.8891435838383126,0.12395709177592372,21,train,-1,organic,,,0
UPI_00878,3,6,2.0,0.5,85129.74,313182.01,0.27182195108866425,0.44991477068879704,0.0,0.0,0.0,0.7901249655388944,0.01597898270595688,0.05555555555555555,2.847231379554439,2.2913860012608365,2.000176327272678,0.13169845594913715,24,train,-1,organic,,,0
UPI_00879,4,6,1.5,0.6666666666666666,129568.54,79092.26,0.6104279718474754,0.381224051833202,0.023255813953488372,0.0,0.25,0.6209618911582931,0.02439038411159463,0.030303030303030304,1.8445909453646823,1.657077902770406,4.125363674999899,0.11764705882352941,18,train,-1,organic,,,0
UPI_00880,5,8,1.6,0.625,402364.53,187026.26,0.46481795274743515,0.4316957429242954,0.013513513513513514,0.0,0.4444444444444444,0.8036650851759561,0.03453952496959802,0.041666666666666664,2.3272098089644717,1.9169573051464819,5.3338035393938075,0.145478374836173,30,train,-1,organic,,,0
UPI_00881,1,4,4.0,0.25,78006.88,65053.92,0.8339511538461539,0.24348693321257983,0.0,0.0,0.0,1.0,0.012431878586861048,0.11764705882352941,1.3597680002707615,1.326427365895552,3.4002997563635526,0.12321792260692464,7,train,-1,organic,,,0
UPI_00882,1,7,7.0,0.14285714285714285,158013.93,140714.7,0.8905208860759493,0.2431947146323492,0.017857142857142856,0.0,0.0,1.0,0.023679536933499966,0.06896551724137931,1.9127901168451134,1.6030162055204558,3.625319593181729,0.12611377655928718,32,train,-1,organic,,,0
UPI_00883,19,0,0.0,0.0,710962.68,0.0,0.0,1.449618852044312,0.0,0.0,0.0,0.0610942710478898,0.03112173825910812,0.045454545454545456,0.29934828572684274,0.3147357029692669,2.315993642105206,0.13090257023311416,5,train,-1,organic,,,0
UPI_00884,1,7,7.0,0.14285714285714285,220019.4,114683.79,0.5212439999999999,0.2435043235856035,0.017857142857142856,0.0,0.0,1.0,0.017971481505286296,0.041666666666666664,2.1409956918453235,1.7600244097683981,3.000264490909017,0.12167606768734891,26,train,-1,organic,,,0
UPI_00885,2,9,4.5,0.2222222222222222,131469.19,154698.95,0.8498389407500944,0.2582739528727392,0.027777777777777776,0.0,0.1,0.934481580406588,0.025334418463326774,0.058823529411764705,1.7986776711199688,1.5980312513405266,3.4002997563635526,0.12611377655928718,32,train,-1,organic,,,0
UPI_00886,3,5,1.6666666666666667,0.6,242115.74,19517.12,0.08061070392375866,0.27970447763504575,0.0,0.0,0.14285714285714285,0.8594593100678268,0.01312068907915238,0.05555555555555555,2.378897352197814,2.027097814436768,2.571655277922015,0.10888252148997135,12,train,-1,organic,,,0
UPI_00887,0,67,67.0,0.0,0.0,11357557.81,0.0,0.24082620613995356,0.0006784260515603799,0.0,0.0,1.0,0.09321624285185208,0.045454545454545456,0.35388545408348376,0.35322923391610084,1.9703229492536827,0.12321792260692464,7,train,-1,organic,,,0
UPI_00888,4,6,1.5,0.6666666666666666,300617.58,122901.32,0.40882946360218014,1.7630881209428941,0.0,0.25,0.25,0.3942358029289169,0.028738924348665287,0.08108108108108109,1.2747634588883292,1.33361881196001,4.625407756818068,0.12611377655928718,32,train,-1,organic,,,0
UPI_00889,3,5,1.6666666666666667,0.6,184210.16,96096.65,0.5216685762483365,0.33306133806468463,0.05555555555555555,0.0,0.14285714285714285,0.7989190430378456,0.01835990240262407,0.10526315789473684,1.6911686967996917,1.5290747449374695,2.714525015584349,0.12260967379077616,20,train,-1,organic,,,0
UPI_00890,1,3,3.0,0.3333333333333333,163014.37,22994.2,0.14105625766871163,0.2446823537116759,0.0,0.0,0.0,1.0,0.01175476706266775,0.09090909090909091,1.803820440960364,1.5349818123253869,2.7502424499999325,0.12436224489795919,8,train,-1,organic,,,0
UPI_00891,1,5,5.0,0.2,107009.43,34108.15,0.31873962616822427,0.24330955140773808,0.0,0.0,0.0,1.0,0.010091566954042723,0.08333333333333333,1.6010283196178794,1.6008089738613545,2.000176327272678,0.11512415349887133,11,train,-1,organic,,,0
UPI_00892,2,4,2.0,0.5,169862.46,49842.25,0.2934271210013171,0.3335748859754595,0.0,0.0,0.2,0.8804256271082673,0.01432012235748992,0.05,2.0870135181264566,1.6935935647854545,4.000352654545356,0.13090257023311416,5,train,-1,organic,,,0
UPI_00893,2,5,2.5,0.4,102019.18,60026.02,0.5883797491211418,0.25760215706374273,0.0,0.0,0.16666666666666666,0.9427240915815733,0.01114858733978809,0.06666666666666667,1.4425291591926594,1.4558297425297617,2.5002204090908475,0.12642986152919927,6,train,-1,organic,,,0
UPI_00894,2,7,3.5,0.2857142857142857,149295.5,73893.72,0.49494943608199066,0.2625549554975702,0.0,0.0,0.125,0.9317343906702398,0.022067598719741077,0.06896551724137931,2.336683886431607,1.8547300675419258,3.625319593181729,0.12642986152919927,6,train,-1,organic,,,0
UPI_00895,2,4,2.0,0.5,79409.71,37332.94,0.47013067941887626,0.37279903687403587,0.0,0.4,0.0,0.7030270327049104,0.012140685248940956,0.0625,1.3337566280646118,1.2442248652201953,2.6669017696969037,0.12611377655928718,32,train,-1,organic,,,0
UPI_00896,1,4,4.0,0.25,159014.02,368681.3,0.43130480826195555,0.24499596870931775,0.0,0.0,0.0,1.0,0.008911497688580287,0.08333333333333333,2.1252274715387274,1.5272253882496252,2.4002115927272136,0.1281767955801105,9,train,-1,organic,,,0
UPI_00897,1,4,4.0,0.25,69006.08,34652.05,0.5021594202898549,0.24322241648606138,0.0,0.0,0.0,1.0,0.00979352439471712,0.08333333333333333,1.3793145547180887,1.4430849156290861,2.4002115927272136,0.12395709177592372,21,train,-1,organic,,,0
UPI_00898,2,9,4.5,0.2222222222222222,269529.09,140887.42,0.5227169347634052,0.2569019472381854,0.0,0.0,0.1,0.9115040168520578,0.02651589364769679,0.05714285714285714,2.545973873134546,1.9825707602726144,3.5003085727271865,0.1234676007005254,25,train,-1,organic,,,0
UPI_00899,3,6,2.0,0.5,572337.04,402592.92,0.7034192955665797,0.9566268072721746,0.014285714285714285,0.42857142857142855,0.125,0.7371925072110599,0.03284716836401792,0.09302325581395349,0.6815591589882467,0.9794090331997098,5.375473879545322,0.13686313686313686,22,train,14,fast_cycle,14,fast_cycle,1
UPI_00900,2,7,3.5,0.2857142857142857,160068.28,77404.64,0.4835726554328451,0.28885184885176945,0.0,0.0,0.125,0.7998471030352964,0.0278094088896222,0.05128205128205128,2.5121133269887834,1.960525542743704,4.875429797727152,0.11778115501519756,19,train,-1,organic,,,0
UPI_00901,168,0,0.0,0.0,1972581.49,0.0,0.0,8.6928405372047,0.000499001996007984,0.0,0.0,0.1791062349979485,0.280482345699737,0.012468827930174564,3.8848015469429087,3.3271687875989873,2.387115200108166,0.11626248216833096,29,train,-1,organic,,,0
UPI_00902,3,5,1.6666666666666667,0.6,70983.04,53683.24,0.7562826885074245,0.2929023076016856,0.0,0.0,0.3333333333333333,0.8197214339396844,0.016411205123279857,0.045454545454545456,1.5078975432636021,1.3589310105941095,3.6669899333332427,0.10630407911001236,13,train,-1,organic,,,0
UPI_00903,2,8,4.0,0.25,226662.5,173277.31,0.7644727476556473,0.2595179348303728,0.0,0.0,0.1111111111111111,0.9769530469982819,0.02529062817573562,0.03125,2.2227795186689026,1.7820510519112998,3.5558690262625383,0.12611377655928718,32,train,-1,organic,,,0
UPI_00904,2,8,4.0,0.25,82900.35,63174.9,0.7620583103237617,0.27103482853403954,0.03409090909090909,0.0,0.1111111111111111,0.6754769064207702,0.02448466424597657,0.029411764705882353,1.7374211018579393,1.6269528453439315,3.778110840403947,0.12642986152919927,6,train,-1,organic,,,0
UPI_00905,1,8,8.0,0.125,90007.93,50815.6,0.5645680000000001,0.24330955140773808,0.013888888888888888,0.0,0.0,1.0,0.02083671447612217,0.04,2.135239733215552,1.8350952236548983,2.778022676767608,0.13686313686313686,22,train,-1,organic,,,0
UPI_00906,24,1,0.041666666666666664,0.041666666666666664,2255930.17,1298688.9,0.5756777901694231,2.637732378213384,0.01,0.1111111111111111,0.0,0.1931557288938932,0.0517180468060464,0.15492957746478872,0.5410647286359613,0.6406047612368161,2.8402503847272027,0.11626248216833096,29,train,34,fast_cycle,34,fast_cycle,1
UPI_00907,1,6,6.0,0.16666666666666666,51004.5,81080.5,0.6290599808691758,0.2435397953398505,0.0,0.0,0.0,1.0,0.02185292728752424,0.06896551724137931,1.4779740220798865,1.2392565181163069,4.143222392207691,0.12260967379077616,20,train,-1,organic,,,0
UPI_00908,2,4,2.0,0.5,270467.0,22033.7,0.08146539923583203,0.27563537811385197,0.0,0.0,0.2,0.9605565434557011,0.013599871934539284,0.0625,2.3624422543804586,1.86090683956355,3.200282123636285,0.11512415349887133,11,train,-1,organic,,,0
UPI_00909,5,10,2.0,0.5,223560.06,224987.57,0.993655134731762,0.4798830604382411,0.00980392156862745,0.25,0.25,0.4437439231895184,0.04020379326316086,0.03508771929824561,1.6718509436997737,1.5035211643507327,4.7504187772726105,0.13169845594913715,24,train,25,stealth_cycle,25,stealth_cycle,1
UPI_00910,1,5,5.0,0.2,220019.4,38329.76,0.17421081818181816,0.24330955140773808,0.0,0.0,0.0,1.0,0.01470003756676267,0.05555555555555555,2.3856785207104627,1.9469994799006027,3.000264490909017,0.11778115501519756,19,train,-1,organic,,,0
UPI_00911,4,8,2.0,0.5,190787.68,137050.3,0.7183393732145464,0.3713203559690797,0.015873015873015872,0.0,0.3333333333333333,0.7232732328920634,0.024802200425284786,0.029411764705882353,1.9045317899863339,1.616056433095403,3.778110840403947,0.145478374836173,30,train,-1,organic,,,0
UPI_00912,3,2,0.6666666666666666,0.6666666666666666,474947.0,186782.76,0.39327073598889106,3.8382398102196307,0.0,0.6,0.0,0.5631604250531279,0.03551525163406911,0.0196078431372549,0.45925418710035265,0.5114049259342042,10.200899269090657,0.12611377655928718,32,train,-1,organic,,,0
UPI_00913,4,8,2.0,0.5,180135.89,150432.31,0.8351046060901286,0.5072258502848921,0.0,0.2,0.09090909090909091,0.7845217545359515,0.04077391756872998,0.03508771929824561,2.5428716765372235,1.9158857318004756,5.182275029751938,0.10888252148997135,12,train,-1,organic,,,0
UPI_00914,1,3,3.0,0.3333333333333333,134473.27,175486.27,0.7662894339115112,0.8502045489284888,0.0,0.6666666666666666,0.0,1.0,0.01353537526723489,0.05555555555555555,0.32551285732350377,0.513740600688764,4.500396736363525,0.11376146788990826,15,train,-1,organic,,,0
UPI_00915,2,7,3.5,0.2857142857142857,145570.96,98008.19,0.6732674430483546,0.2982238264573648,0.014285714285714285,0.0,0.125,0.9265462797487927,0.015461851960498405,0.05,1.643003776056181,1.5811594710007026,2.5002204090908475,0.13686313686313686,22,train,-1,organic,,,0
UPI_00916,4,11,2.75,0.36363636363636365,450363.17,535923.06,0.8403504192445181,1.8924928119523756,0.02857142857142857,0.3,0.0,0.34494637205230944,0.036261559606518626,0.0392156862745098,2.3264997288133893,2.2590601572840647,3.4002997563635526,0.13169845594913715,24,train,-1,organic,,,0
UPI_00917,42,9,0.21428571428571427,0.21428571428571427,1340188.39,1793317.24,0.747323649437363,6.225892195322531,0.02,0.32432432432432434,0.0,0.11866268164604965,0.14122841001909786,0.014925373134328358,2.300104672467981,2.2437237890921096,3.9415239390373364,0.12436224489795919,8,train,30,layered_fanin,30,layered_fanin,1
UPI_00918,2,6,3.0,0.3333333333333333,248926.07,552366.51,0.45065381015589895,0.2582007011939888,0.07142857142857142,0.0,0.0,0.9016880019403992,0.013173726922820943,0.0625,1.9028066244204584,1.5177724079440222,2.000176327272678,0.1407942238267148,2,train,-1,organic,,,0
UPI_00919,1,4,4.0,0.25,153013.49,156901.72,0.9752186736656349,0.24312818349492235,0.0,0.0,0.0,1.0,0.012210414166474632,0.11764705882352941,1.2731453675037894,1.2303580267665746,3.4002997563635526,0.11376146788990826,15,train,-1,organic,,,0
UPI_00920,1,6,6.0,0.16666666666666666,91008.02,24936.3,0.27400109890109886,0.2431947146323492,0.0,0.0,0.0,1.0,0.016903160930221636,0.08333333333333333,2.5525458124733387,1.944340473716597,3.428873703896019,0.13169845594913715,24,train,-1,organic,,,0
UPI_00921,4,9,2.25,0.4444444444444444,258814.57,230884.1,0.8920831131595192,0.34994698933587287,0.045454545454545456,0.0,0.08333333333333333,0.9412509966888921,0.037785420384411086,0.0196078431372549,2.630612685363929,1.933301039910279,4.250374695454441,0.10567514677103718,27,train,-1,organic,,,0
UPI_00922,1,4,4.0,0.25,137012.08,52983.34,0.3867056204379562,0.24348693321257983,0.0,0.0,0.0,1.0,0.01026167797092421,0.09090909090909091,1.4206961309393331,1.3855794022603989,2.200193959999946,0.1281767955801105,9,train,-1,organic,,,0
UPI_00923,1,7,7.0,0.14285714285714285,82007.23,75369.58,0.919060243902439,0.2435043235856035,0.0,0.0,0.0,1.0,0.02286032697411425,0.03125,1.9762737440464921,1.695547892785928,4.000352654545356,0.13090257023311416,5,train,-1,organic,,,0
UPI_00924,1,7,7.0,0.14285714285714285,53004.67,47540.58,0.8969130188679245,0.243419573033526,0.0,0.0,0.0,1.0,0.02200205230254533,0.06666666666666667,1.9112209276134584,1.5926094585512671,3.7503306136362715,0.12436224489795919,8,train,-1,organic,,,0
UPI_00925,6,10,1.6666666666666667,0.6,104576.28,184539.97,0.5666863389364076,0.9052647916939478,0.0,0.5454545454545454,0.45454545454545453,0.2687263194625713,0.03866615814810193,0.03636363636363636,1.9197152141292513,1.5266963199689088,5.000440818181695,0.12013536379018612,23,train,-1,organic,,,0
UPI_00926,5,2,0.4,0.4,2345620.43,1646318.48,0.7018690924733042,5.942490669544541,0.0,0.8333333333333334,0.0,0.4457487619899336,0.02108669601164535,0.034482758620689655,0.7161339613276947,0.8682748710884459,4.143222392207691,0.3680672268907563,31,train,-1,organic,,,0
UPI_00927,3,11,3.6666666666666665,0.2727272727272727,266924.28,500323.7,0.5335031756942152,1.2770577067577185,0.054945054945054944,0.36363636363636365,0.0,0.4315485886164673,0.043120608382248356,0.01694915254237288,3.6471971421269718,2.5829261416560083,4.214657261038857,0.13686313686313686,22,train,-1,organic,,,0
UPI_00928,3,7,2.3333333333333335,0.42857142857142855,122655.63,78605.58,0.6408640006157619,0.2903621714248671,0.046511627906976744,0.0,0.25,0.7568863007446747,0.017797379773904,0.08333333333333333,1.6310926143652225,1.5153874367195201,3.000264490909017,0.12661498708010335,14,train,-1,organic,,,0
UPI_00929,3,10,3.3333333333333335,0.3,88438.5,117899.58,0.7501171226980183,0.5470344107639812,0.0,0.2,0.08333333333333333,0.5643864109858469,0.03112279176382247,0.047619047619047616,1.4488851145797863,1.2083865175408006,3.5003085727271865,0.12013536379018612,23,train,-1,organic,,,0
UPI_00930,29,5,0.1724137931034483,0.1724137931034483,427762.88,615612.74,0.6948570945665,2.491364625957861,0.0213903743315508,0.13793103448275862,0.0,0.0645016823245688,0.14452837339056543,0.00966183574879227,1.8317862920727235,1.920987216419073,6.088772055080064,0.12013536379018612,23,train,-1,organic,,,0
UPI_00931,2,6,3.0,0.3333333333333333,87086.15,33009.84,0.37904811602684335,0.2633160824776904,0.037037037037037035,0.0,0.14285714285714285,0.9755367059148168,0.010822433239114956,0.07692307692307693,1.5907704477878721,1.5509158346798058,1.857306589610344,0.12321792260692464,7,train,-1,organic,,,0
UPI_00932,2,12,6.0,0.16666666666666666,176664.68,152647.78,0.8640537164325369,0.2892604763632497,0.038461538461538464,0.4444444444444444,0.0,0.5359255470198562,0.025213222934694638,0.05555555555555555,1.9616767303753027,1.4555182026614233,2.571655277922015,0.11512415349887133,11,train,-1,organic,,,0
UPI_00933,10,4,0.4,0.4,7885620.63,3247351.24,0.4118066787510168,11.592073919291153,0.005494505494505495,0.6923076923076923,0.0,0.14787786413393686,0.04969740786603472,0.02857142857142857,0.5328556726917849,0.5824227166722002,5.000440818181695,0.3680672268907563,31,train,-1,organic,,,0
UPI_00934,2,8,4.0,0.25,191136.05,100481.34,0.525705842217841,0.3060005902661696,0.0,0.0,0.1111111111111111,0.9380148388981802,0.02932316036877132,0.05,2.7167396675092066,2.168466078269694,4.444836282828174,0.12167606768734891,26,train,-1,organic,,,0
UPI_00935,2,4,2.0,0.5,224895.75,186094.63,0.8274706335831779,0.2910311454384971,0.0,0.3333333333333333,0.0,0.8243668648352733,0.011455339344275162,0.13333333333333333,1.2701566887002727,1.293189433038628,2.5002204090908475,0.11626248216833096,29,train,-1,organic,,,0
UPI_00936,4,9,2.25,0.4444444444444444,259121.87,149056.27,0.5752361558435785,0.36620011647986483,0.0,0.25,0.18181818181818182,0.8003714126908007,0.02473047439298984,0.03225806451612903,2.1045778703933467,1.842212937199842,2.8184302793387737,0.12167606768734891,26,train,-1,organic,,,0
UPI_00937,5,10,2.0,0.5,136220.21,173642.66,0.7844858543311293,0.4424492290571108,0.019801980198019802,0.0,0.36363636363636365,0.38017298355415086,0.0349583343820173,0.04081632653061224,1.261540155597839,1.2811013958452242,4.454938183470964,0.13169845594913715,24,train,-1,organic,,,0
UPI_00938,2,5,2.5,0.4,197752.17,107237.05,0.542280026261445,0.25677029195415496,0.0,0.0,0.16666666666666666,0.9826078006239582,0.012573267015513192,0.058823529411764705,1.7114383744709216,1.5641644832249073,2.833583130302961,0.145478374836173,30,train,-1,organic,,,0
UPI_00939,6,7,1.1666666666666667,0.8571428571428571,4495639.59,3683200.89,0.8192829550690812,7.477066750066574,0.09615384615384616,0.8,0.0,0.43415701827509634,0.02903561823485218,0.025,0.5764165591673891,1.2270477837552831,3.077194349650274,0.3680672268907563,31,train,-1,organic,,,0
UPI_00940,2,3,1.5,0.6666666666666666,247170.28,189108.76,0.7650950649142141,1.8198248376492017,0.0,0.6,0.0,0.7006123280091057,0.03061387947861478,0.023255813953488372,1.1238043600672565,0.8996594256348018,8.600758207272515,0.13686313686313686,22,train,-1,organic,,,0
UPI_00941,3,7,2.3333333333333335,0.42857142857142855,298527.71,243017.62,0.814053830704105,0.4898909234918016,0.023255813953488372,0.5,0.25,0.6707400934257982,0.026948464607289165,0.05263157894736842,1.9026710731231864,1.466519278869003,4.7504187772726105,0.145478374836173,30,train,-1,organic,,,0
UPI_00942,121,289,2.3884297520661155,0.4186851211072664,5889080.09,12179073.63,0.48354088885746604,10.499573706500742,0.01696239991408422,0.8692307692307693,0.11413043478260869,0.04935110943850797,0.5870453962243959,0.005988023952095809,2.566669684901733,2.0428663703040333,2.269221784337889,0.145478374836173,30,train,-1,organic,,,0
UPI_00943,7,10,1.4285714285714286,0.7,346070.0,91562.4,0.26457769314132323,2.113167579817717,0.007518796992481203,0.5714285714285714,0.21428571428571427,0.2166284113922462,0.051515805531362605,0.0273972602739726,1.579791455124045,1.4737643892928134,5.214745424675196,0.1,3,train,-1,organic,,,0
UPI_00944,2,6,3.0,0.3333333333333333,268743.08,142749.59,0.5311749554060836,0.3007435896926925,0.0,0.0,0.14285714285714285,0.8833048101654939,0.018298876342912104,0.043478260869565216,1.9539024050534624,1.5996786744625469,3.286003966233685,0.12167606768734891,26,train,-1,organic,,,0
UPI_00945,3,10,3.3333333333333335,0.3,181683.92,131869.02,0.7258155678576128,0.3139620334419289,0.013157894736842105,0.0,0.18181818181818182,0.8291433892013473,0.039112718112665174,0.03636363636363636,2.72069592542661,1.9356166846604546,5.000440818181695,0.12436224489795919,8,train,-1,organic,,,0
UPI_00946,3,4,1.3333333333333333,0.75,1918452.2,1427518.72,0.744099186862452,2.9502135603237054,0.07142857142857142,0.8,0.0,0.368948431422236,0.015794098439016604,0.047619047619047616,0.42727013247607276,0.6201063567212386,3.000264490909017,0.3680672268907563,31,train,-1,organic,,,0
UPI_00947,1,4,4.0,0.25,261023.01,78067.42,0.29908252873563224,0.24328858614406598,0.0,0.0,0.0,1.0,0.009036048184726945,0.08333333333333333,1.635469360630234,1.5270472430669273,2.4002115927272136,0.10567514677103718,27,train,-1,organic,,,0
UPI_00948,2,8,4.0,0.25,141544.21,103878.48,0.73389422993699,0.31814735809719197,0.0,0.0,0.1111111111111111,0.7936755567747442,0.02476337708786223,0.05714285714285714,2.0145306744226166,1.7886138012970134,3.8892317474746516,0.11402027027027027,0,train,-1,organic,,,0
UPI_00949,2,3,1.5,0.6666666666666666,501987.17,429413.47,0.855427166897782,1.1204223444195491,0.0,0.6,0.0,0.6106313048536887,0.021066850322248146,0.06896551724137931,0.7780643777459112,0.6336906153732363,5.800511349090766,0.10567514677103718,27,train,35,stealth_cycle,35,stealth_cycle,1
UPI_00950,2,4,2.0,0.5,47657.44,26931.95,0.5651154045349278,0.28122249964708873,0.0,0.0,0.2,0.702772845696557,0.012287748346913855,0.08333333333333333,1.0271607544150787,1.0649107854752844,2.4002115927272136,0.12260967379077616,20,train,-1,organic,,,0
UPI_00951,3,9,3.0,0.3333333333333333,104655.3,68568.35,0.6551828463314484,0.6341359574493745,0.015625,0.4,0.2,0.5505999057603037,0.029955109954127687,0.04878048780487805,1.7784025132226413,1.762102224638411,4.1003614709089895,0.12321792260692464,7,train,-1,organic,,,0
UPI_00952,3,5,1.6666666666666667,0.6,233505.12,120724.68,0.5170108479130995,0.43948364964112063,0.0,0.0,0.14285714285714285,0.7644721845775171,0.019670540306029896,0.08,1.884239760783645,1.5793145725164928,3.571743441558354,0.10888252148997135,12,train,-1,organic,,,0
UPI_00953,33,0,0.0,0.0,1356958.83,0.0,0.0,4.738897442156581,0.002840909090909091,0.0,0.0,0.04201131115160623,0.05490391118906209,0.038461538461538464,0.575026956803724,0.5696936798915944,2.363844750413165,0.12661498708010335,14,train,-1,organic,,,0
UPI_00954,1,3,3.0,0.3333333333333333,154947.05,357550.03,0.4333576742641941,0.48539646411059684,0.0,0.5,0.0,1.0,0.022526915780406588,0.034482758620689655,0.4762969248825414,0.4143612068146193,7.250639186363458,0.11778115501519756,19,train,-1,organic,,,0
UPI_00955,38,6,0.15789473684210525,0.15789473684210525,545644.89,2544672.06,0.21442640914458874,3.1486876456726973,0.013213530655391121,0.23333333333333334,0.0,0.06616722611564978,0.1297001200797208,0.016216216216216217,3.191708100524247,2.6517096924761083,4.2049161425618795,0.11376146788990826,15,train,-1,organic,,,0
UPI_00956,1,6,6.0,0.16666666666666666,137012.08,36929.51,0.2695346715328467,0.2431947146323492,0.0,0.0,0.0,1.0,0.017109835838650285,0.041666666666666664,2.5653847551586253,1.9319084411248428,3.428873703896019,0.12814645308924486,4,train,-1,organic,,,0
UPI_00957,2,5,2.5,0.4,600284.77,118334.6,0.19713077538287913,1.010674959993563,0.0,0.2857142857142857,0.0,0.5559398845153479,0.016664867618457858,0.045454545454545456,1.2647447550215336,1.3979875405133424,3.143134228571351,0.12395709177592372,21,train,-1,organic,,,0
UPI_00958,24,0,0.0,0.0,1020431.32,0.0,0.0,1.8525924542324126,0.0,0.0,0.0,0.050674618735716215,0.044504396126415185,0.04918032786885246,0.5331725419840988,0.49783972563332096,2.5418907492423615,0.13169845594913715,24,train,-1,organic,,,0
UPI_00959,2,7,3.5,0.2857142857142857,169018.59,73566.81,0.4352586621037683,0.2765458696142092,0.041666666666666664,0.25,0.0,0.9881928113974487,0.0265807059761672,0.05555555555555555,2.8102553297602686,2.207964637206052,4.000352654545356,0.10888252148997135,12,train,-1,organic,,,0
UPI_00960,4,10,2.5,0.4,179985.17,142816.34,0.7934895007092877,0.3460339343772515,0.017045454545454544,0.18181818181818182,0.2727272727272727,0.7103764234950616,0.03915577411710678,0.037037037037037035,2.354000576949082,2.0992014330887496,4.909523712396574,0.1330166270783848,1,train,-1,organic,,,0
UPI_00961,2,7,3.5,0.2857142857142857,119484.22,119703.7,0.998166478198627,0.2710524854001448,0.04285714285714286,0.0,0.125,0.8975019074399948,0.014392094952477683,0.05263157894736842,1.9869900395389426,1.6086367800495418,2.3752093886363053,0.10630407911001236,13,train,-1,organic,,,0
UPI_00962,2,6,3.0,0.3333333333333333,69231.83,59794.21,0.8636808885944576,0.35263700274630566,0.0,0.0,0.14285714285714285,0.5747945912758131,0.0185810250810091,0.038461538461538464,1.1454213221285345,1.1666494963569505,3.714613179220688,0.12661498708010335,14,train,-1,organic,,,0
UPI_00963,3,6,2.0,0.5,156975.39,231415.66,0.6783265569052712,0.2824093534385856,0.0,0.0,0.2857142857142857,0.7707920546617693,0.019395247406135085,0.037037037037037035,1.578308576887728,1.269134140960128,3.857482916883022,0.12436224489795919,8,train,-1,organic,,,0
UPI_00964,0,78,78.0,0.0,0.0,11818784.97,0.0,0.24082620613995356,0.0008325008325008325,0.0,0.0,1.0,0.10664381554151164,0.046357615894039736,0.4341917970126394,0.4398509898253264,1.936068111654964,0.12661498708010335,14,train,-1,organic,,,0
UPI_00965,2,7,3.5,0.2857142857142857,294386.78,192871.5,0.6551635963249592,0.2622402237639574,0.014285714285714285,0.0,0.125,0.8830308457746332,0.015971889474524836,0.047619047619047616,1.6853519456430557,1.5165517402636377,2.62523142954539,0.12642986152919927,6,train,-1,organic,,,0
UPI_00966,34,3,0.08823529411764706,0.08823529411764706,806638.12,495044.57,0.6137133354859131,2.8533205890821067,0.017267267267267267,0.14814814814814814,0.0,0.06149323876597765,0.11120272232967761,0.012578616352201259,2.14488513169607,1.7464782579561002,4.297676162653457,0.12395709177592372,21,train,-1,organic,,,0
UPI_00967,3,6,2.0,0.5,112332.66,137274.04,0.8183095765657982,0.41107037621220177,0.029411764705882353,0.2857142857142857,0.2857142857142857,0.5151360315684786,0.01944345599952139,0.038461538461538464,1.1251246629273184,1.0599514521540514,3.714613179220688,0.11764705882352941,18,train,-1,organic,,,0
UPI_00968,2,7,3.5,0.2857142857142857,42052.33,172537.38,0.24372879149387008,0.30248742953844465,0.014285714285714285,0.0,0.125,0.865508634592044,0.019672210393264174,0.037037037037037035,1.87043451100707,1.4573718224337908,3.3752975522726443,0.11512415349887133,11,train,-1,organic,,,0
UPI_00969,5,8,1.6,0.625,365778.52,372406.88,0.9822012838971995,1.171295467843517,0.02631578947368421,0.4444444444444444,0.18181818181818182,0.47162155573113057,0.026876357556756603,0.05555555555555555,1.165694140713468,1.0164817098558652,3.2730158082643825,0.13090257023311416,5,train,36,stealth_cycle,36,stealth_cycle,1
UPI_00970,39,4,0.10256410256410256,0.10256410256410256,843531.57,2258259.51,0.3735317260751964,3.3520507403237536,0.015503875968992248,0.18181818181818182,0.0,0.2302594126349627,0.13448339190740907,0.015706806282722512,3.1466561997057614,2.87634910028429,4.442252075686994,0.12321792260692464,7,train,-1,organic,,,0
UPI_00971,1,5,5.0,0.2,41503.66,177831.69,0.23338730860061474,0.24209872778338354,0.0,0.0,0.0,1.0,0.011198501474598974,0.16666666666666666,1.5233412318268524,1.3000200191217366,2.000176327272678,0.11764705882352941,18,train,-1,organic,,,0
UPI_00972,1,2,2.0,0.5,78547.82,296180.35,0.2652026862759081,1.6640558620691983,0.0,1.0,0.0,1.0,0.01756904194257383,0.04,0.46828358369592654,0.3600318159700762,8.334068030302825,0.11764705882352941,18,train,-1,organic,,,0
UPI_00973,2,0,0.0,0.0,1104879.87,0.0,0.0,2.7625662840065237,0.0,0.0,0.0,0.8597800629188812,0.007181408768978867,0.1,0.5270833810096404,0.678483470082436,5.000440818181695,0.12436224489795919,8,train,-1,organic,,,0
UPI_00974,4,8,2.0,0.5,297501.43,197152.0,0.6626926210991706,0.4410736215396238,0.015873015873015872,0.0,0.3333333333333333,0.5735414053828438,0.02734654914402769,0.05128205128205128,1.8486330666303221,1.6724628955938567,4.3337153757574685,0.11764705882352941,18,train,-1,organic,,,0
UPI_00975,3,10,3.3333333333333335,0.3,87878.92,126368.51,0.6954178454331552,0.3638997607843698,0.013157894736842105,0.0,0.18181818181818182,0.4397108174164206,0.03382524278190562,0.043478260869565216,1.3386834554434808,1.1740609182984416,4.182186866115599,0.11402027027027027,0,train,-1,organic,,,0
UPI_00976,3,4,1.3333333333333333,0.75,211142.79,52640.66,0.24931308199752392,1.2721996036286496,0.0,0.6666666666666666,0.0,0.3513086379879564,0.016949960972100733,0.043478260869565216,0.8997562584127241,1.1754465708869313,3.286003966233685,0.13090257023311416,5,train,-1,organic,,,0
UPI_00977,1,5,5.0,0.2,122010.76,81322.66,0.6665204098360656,0.25696203561111375,0.0,0.3333333333333333,0.0,1.0,0.015096283206272949,0.11764705882352941,1.5359923100480466,1.4313456701720884,2.833583130302961,0.1281767955801105,9,train,-1,organic,,,0
UPI_00978,4,6,1.5,0.6666666666666666,219051.72,163846.85,0.7479825017676608,0.4928669172218536,0.03488372093023256,0.0,0.25,0.4925275968517797,0.023622427705528543,0.06060606060606061,1.678914545439128,1.305257340724735,4.125363674999899,0.12395709177592372,21,train,-1,organic,,,0
UPI_00979,4,9,2.25,0.4444444444444444,79437.09,110761.29,0.7171918076436506,0.40993855746498953,0.025974025974025976,0.2222222222222222,0.08333333333333333,0.7464570566543917,0.0306460253411746,0.046511627906976744,1.6476792824617488,1.522166531339884,3.583649253030215,0.1407942238267148,2,train,-1,organic,,,0
UPI_00980,1,4,4.0,0.25,191016.84,18848.3,0.09867350785340313,0.2429492733378004,0.0,0.0,0.0,1.0,0.01148944481726038,0.06666666666666667,2.286324556258217,1.869136972171121,3.000264490909017,0.12436224489795919,8,train,-1,organic,,,0
UPI_00981,33,3,0.09090909090909091,0.09090909090909091,914625.24,2586249.58,0.35364925549596826,2.442016914050198,0.007936507936507936,0.0,0.0,0.13899167307396337,0.11026450996672556,0.01910828025477707,2.4043282880773544,2.1316466817136064,4.361495602525145,0.12436224489795919,8,train,-1,organic,,,0
UPI_00982,1,3,3.0,0.3333333333333333,107009.43,24666.9,0.2305114953271028,0.2435043235856035,0.0,0.0,0.0,1.0,0.0066935607325978265,0.1111111111111111,1.4258885909218582,1.3843503927781147,2.2501983681817626,0.11376146788990826,15,train,-1,organic,,,0
UPI_00983,2,5,2.5,0.4,148448.3,13281.29,0.0894674518262884,0.34291144822479347,0.05,0.0,0.16666666666666666,0.9677265489643274,0.017305139449317067,0.05263157894736842,2.601127693966488,2.0314865260065678,3.1669458515150732,0.12611377655928718,32,train,-1,organic,,,0
UPI_00984,1,5,5.0,0.2,355531.34,120032.1,0.3376132770745429,0.24708084999399985,0.0,0.0,0.0,1.0,0.01315159506725884,0.1111111111111111,1.582870358054589,1.505521935539368,3.000264490909017,0.11778115501519756,19,train,-1,organic,,,0
UPI_00985,2,1,0.5,0.5,2024560.78,1209906.28,0.5976142055776718,3.6199387005970367,0.0,0.6666666666666666,0.0,0.5015480919457976,0.015391882207309922,0.047619047619047616,0.16777187548028677,0.10491712642597273,7.000617145454373,0.12661498708010335,14,train,-1,organic,,,0
UPI_00986,2,5,2.5,0.4,51205.06,95057.87,0.5386725378537014,0.3429230830103431,0.0,0.0,0.16666666666666666,0.5538283266157578,0.01654716601803641,0.08695652173913043,1.177758962635113,1.0654410023559013,3.8336712939393,0.12661498708010335,14,train,-1,organic,,,0
UPI_00987,2,5,2.5,0.4,251034.85,114830.96,0.45743036448511454,0.2672067167662436,0.0,0.0,0.16666666666666666,0.9762835879361205,0.018065964334120846,0.08695652173913043,2.184695872701228,1.669505285254383,3.8336712939393,0.12167606768734891,26,train,-1,organic,,,0
UPI_00988,3,8,2.6666666666666665,0.375,54973.48,34986.95,0.6364333620830644,0.32280729284984466,0.018867924528301886,0.0,0.2222222222222222,0.532674497518287,0.02551873049041501,0.06060606060606061,1.6258532307238887,1.5129256750774358,3.6669899333332427,0.10630407911001236,13,train,-1,organic,,,0
UPI_00989,3,6,2.0,0.5,287920.04,169034.83,0.5870894930805594,0.32277536631238396,0.0,0.0,0.2857142857142857,0.9134772361962203,0.023235115004450274,0.06451612903225806,2.310857800631996,1.6277768232406054,4.428961867532359,0.10630407911001236,13,train,-1,organic,,,0
UPI_00990,2,6,3.0,0.3333333333333333,91364.78,36452.08,0.39897301490541526,0.2915353954447544,0.0,0.0,0.14285714285714285,0.9292138999651478,0.025989095080710577,0.06060606060606061,2.6533517795012074,2.0182644815346378,4.714701342857027,0.11228070175438597,10,train,-1,organic,,,0
UPI_00991,7,6,0.8571428571428571,0.8571428571428571,392602.32,91205.25,0.23230950400887534,1.9304756751482133,0.0,0.7777777777777778,0.4444444444444444,0.36448962093617326,0.037924891936492976,0.037037037037037035,2.2301735045694873,1.9399557978229842,6.000528981818034,0.11626248216833096,29,train,-1,organic,,,0
UPI_00992,1,6,6.0,0.16666666666666666,267023.54,87421.97,0.32739423220973785,0.243732248474595,0.0,0.0,0.0,1.0,0.024492758584105944,0.03125,2.9186765607074636,1.8882345127753455,4.571831605194692,0.10567514677103718,27,train,-1,organic,,,0
UPI_00993,3,9,3.0,0.3333333333333333,346144.04,179493.63,0.5185518462684773,0.974538443026957,0.015384615384615385,0.45454545454545453,0.09090909090909091,0.5171444125381026,0.030589202757504715,0.04878048780487805,1.8327367143898634,1.6419182262731458,3.7276013371899905,0.11764705882352941,18,train,-1,organic,,,0
UPI_00994,2,3,1.5,0.6666666666666666,127378.06,73785.7,0.5792654178485874,0.5105134506086858,0.0,0.0,0.0,0.8374396334371168,0.013606062088576724,0.05555555555555555,1.5694582054733874,1.2718016282890732,3.6003173890908204,0.11778115501519756,19,train,-1,organic,,,0
UPI_00995,1,8,8.0,0.125,143012.61,93903.23,0.6566080419580419,0.24312818349492235,0.0,0.0,0.0,1.0,0.023058151376763786,0.03125,2.300659212950926,1.7807574777013728,3.5558690262625383,0.12547528517110265,28,train,-1,organic,,,0
UPI_00996,1,3,3.0,0.3333333333333333,68006.0,24800.56,0.3646819117647059,0.24323651184103853,0.0,0.0,0.0,1.0,0.011321894027071906,0.08333333333333333,1.5364991418494853,1.3568111226053527,3.000264490909017,0.1234676007005254,25,train,-1,organic,,,0
UPI_00997,3,4,1.3333333333333333,0.75,317134.75,238381.79,0.7516735292864589,1.3457831456828875,0.023809523809523808,0.7142857142857143,0.0,0.4102642990649774,0.014832504421430581,0.047619047619047616,1.037749258075155,0.9175936302485946,3.000264490909017,0.1,3,train,11,stealth_cycle,11,stealth_cycle,1
UPI_00998,1,3,3.0,0.3333333333333333,158013.93,21914.34,0.13868613924050632,0.2431153232862354,0.0,0.0,0.0,1.0,0.009169067179393494,0.09090909090909091,1.8086305088326966,1.537938521971782,2.7502424499999325,0.11764705882352941,18,train,-1,organic,,,0
UPI_00999,2,5,2.5,0.4,241717.27,109215.69,0.4518323765113823,0.2931856839661893,0.05,0.0,0.16666666666666666,0.9461269050160432,0.0198607430897027,0.1,1.965092594386627,1.641490586288523,3.3336272121211303,0.110055423594616,17,train,-1,organic,,,0
UPI_01000,1,4,4.0,0.25,243021.42,138561.85,0.5701630864197531,0.2435397953398505,0.0,0.0,0.0,1.0,0.011145970937912813,0.06666666666666667,1.567380447140529,1.392103109631756,3.000264490909017,0.11376146788990826,15,train,-1,organic,,,0
UPI_01001,133,0,0.0,0.0,2438569.26,0.0,0.0,7.856036221504052,0.001822738664843928,0.0,0.0,0.3175964749753092,0.22355454897118232,0.012738853503184714,4.063332449746305,4.153582481267299,2.3611104013669957,0.12611377655928718,32,train,-1,organic,,,0
UPI_01002,2,7,3.5,0.2857142857142857,148753.51,82849.28,0.55695681872578,0.25877136633399606,0.0,0.0,0.125,0.9768719767698726,0.023002248709418104,0.03125,2.4363651907826087,1.9096822453617741,4.000352654545356,0.11626248216833096,29,train,-1,organic,,,0
UPI_01003,4,7,1.75,0.5714285714285714,234425.69,122435.8,0.5222798129493984,1.1482851251626165,0.0,0.4444444444444444,0.1,0.3861613701051818,0.023810010546151138,0.06060606060606061,1.2086041087032575,1.100909158930691,3.3002909399999187,0.12642986152919927,6,train,-1,organic,,,0
UPI_01004,2,4,2.0,0.5,222801.88,31109.93,0.13963047503248016,0.30927568903629216,0.0,0.4,0.2,0.9325763991301808,0.015339623525869282,0.05555555555555555,2.3441378706719522,1.7929329407862356,3.6003173890908204,0.12395709177592372,21,train,-1,organic,,,0
UPI_01005,10,19,1.9,0.5263157894736842,280376.6,489931.1,0.5722776052995471,0.8341916095538272,0.07107231920199501,0.2222222222222222,0.20833333333333334,0.6230348376222025,0.04153364257095811,0.037037037037037035,1.9441896671330245,1.8264961062792622,2.2501983681817626,0.12611377655928718,32,train,-1,organic,,,0
UPI_01006,5,10,2.0,0.5,189216.4,230493.63,0.8209181358136437,0.5718891274965797,0.17307692307692307,0.4,0.07142857142857142,0.9258692600750645,0.016751149924342856,0.047619047619047616,1.7064115842889183,1.6719011041523708,1.5001322454545085,0.145478374836173,30,train,-1,organic,,,0
UPI_01007,3,4,1.3333333333333333,0.75,1568723.48,945241.27,0.6025544203945978,4.722390548164633,0.0,0.6666666666666666,0.0,0.6013016920282187,0.050114577435672866,0.1,0.9263294607558037,1.1288127587987937,10.00088163636339,0.11626248216833096,29,train,34,fast_cycle,34,fast_cycle,1
UPI_01008,3,5,1.6666666666666667,0.6,379963.41,281065.61,0.7397175705382079,0.4428979095557471,0.018518518518518517,0.42857142857142855,0.14285714285714285,0.4817120963160884,0.020297792029603547,0.038461538461538464,1.3803396108297519,1.1136930838097587,3.714613179220688,0.11402027027027027,0,train,37,stealth_cycle,37,stealth_cycle,1
UPI_01009,47,3,0.06382978723404255,0.06382978723404255,739717.52,700702.02,0.9472562182628753,3.5736213950743694,0.013061224489795919,0.25,0.0,0.1282247438206697,0.15989782747008832,0.021929824561403508,3.2217169916148376,2.634084197073943,4.5604020261817055,0.10888252148997135,12,train,36,stealth_cycle,36,stealth_cycle,1
UPI_01010,1,6,6.0,0.16666666666666666,147012.96,241608.45,0.6084760716784813,0.24323651184103853,0.0,0.0,0.0,1.0,0.017781487938854566,0.14285714285714285,1.236672967539607,1.0702891294840482,3.000264490909017,0.10630407911001236,13,train,-1,organic,,,0
UPI_01011,3,4,1.3333333333333333,0.75,59525.5,56970.04,0.9570695687602119,0.29920004097162034,0.025,0.4,0.16666666666666666,0.6369920984352865,0.016977444953483963,0.041666666666666664,1.3341481876852477,1.2752252329018023,4.000352654545356,0.10630407911001236,13,train,-1,organic,,,0
UPI_01012,1,3,3.0,0.3333333333333333,101008.9,37388.66,0.3701520792079208,0.24322241648606138,0.0,0.0,0.0,1.0,0.01067302756521135,0.14285714285714285,1.6895362344206335,1.421978614421272,3.5003085727271865,0.1281767955801105,9,train,-1,organic,,,0
UPI_01013,3,5,1.6666666666666667,0.6,356750.95,162216.6,0.45470544783786704,1.869710299872776,0.0,0.375,0.0,0.3949708562502076,0.0235670246590453,0.0625,1.084559796757771,1.1055242821928029,4.000352654545356,0.11512415349887133,11,train,-1,organic,,,0
UPI_01014,3,6,2.0,0.5,283821.52,135940.71,0.4789654911177552,0.3226832601035995,0.0,0.0,0.2857142857142857,0.9529862199303948,0.019648959581292428,0.038461538461538464,2.2346987968319953,1.8213086215973864,3.714613179220688,0.11764705882352941,18,train,-1,organic,,,0
UPI_01015,3,5,1.6666666666666667,0.6,130539.5,77275.14,0.5919675159327896,0.3480769762664907,0.0,0.0,0.14285714285714285,0.7304241580374826,0.018347745620472894,0.08695652173913043,1.6475961323175456,1.4596852027004423,3.286003966233685,0.12661498708010335,14,train,-1,organic,,,0
UPI_01016,1,4,4.0,0.25,37003.26,40509.85,0.9134386075443117,0.24302917371621402,0.05,0.0,0.0,1.0,0.01300752268395222,0.07692307692307693,1.1519178552361884,1.1725324075406696,2.6002292254544814,0.11764705882352941,18,train,-1,organic,,,0
UPI_01017,1,8,8.0,0.125,231020.37,199205.45,0.8622852380952382,0.2446823537116759,0.0,0.0,0.0,1.0,0.025567455470015057,0.027777777777777776,2.2316331295612994,1.702544263451642,4.000352654545356,0.1330166270783848,1,train,-1,organic,,,0
UPI_01018,4,8,2.0,0.5,97114.22,64961.56,0.6689190928726503,0.4013025333097063,0.0078125,0.3333333333333333,0.2,0.4701902703003355,0.027799745532394653,0.029411764705882353,1.3070283721127502,1.4211950544848082,3.4002997563635526,0.1407942238267148,2,train,-1,organic,,,0
UPI_01019,3,6,2.0,0.5,322163.03,106522.92,0.3306491140055324,0.5204930480094692,0.058823529411764705,0.2857142857142857,0.2857142857142857,0.7630977457505534,0.019690530495709107,0.038461538461538464,2.1943683636055074,1.853936522585802,3.714613179220688,0.13090257023311416,5,train,-1,organic,,,0
UPI_01020,2,5,2.5,0.4,52851.05,53948.23,0.9796624132633662,0.33210328573048614,0.0,0.0,0.16666666666666666,0.5251253086567151,0.014960142375062581,0.10526315789473684,0.7996460120103499,1.0926836417078307,3.1669458515150732,0.12661498708010335,14,train,-1,organic,,,0
UPI_01021,1,2,2.0,0.5,238083.36,216767.46,0.9104687565699696,0.996303950436073,0.0,0.0,0.0,1.0,0.02013984002013984,0.03571428571428571,0.37204574715675376,0.3284023740656668,9.334156193939165,0.12260967379077616,20,train,-1,organic,,,0
UPI_01022,5,8,1.6,0.625,356446.79,636105.38,0.5603580885947048,0.9585067882935252,0.0641025641025641,0.4,0.0,0.7322046533962391,0.019080357677204958,0.08333333333333333,1.7150014313582962,1.6968260046938695,1.8463166097901644,0.11764705882352941,18,train,27,layered_fanin,27,layered_fanin,1
UPI_01023,2,8,4.0,0.25,195338.55,205602.23,0.9500799429527867,0.3359880826005221,0.0,0.0,0.1111111111111111,0.9469965128434803,0.02610316065770297,0.05555555555555555,2.003064103692643,1.7376487971534849,4.000352654545356,0.12661498708010335,14,train,-1,organic,,,0
UPI_01024,2,7,3.5,0.2857142857142857,84119.41,99979.71,0.8413647371385072,3.6372250327118603,0.0,0.375,0.0,0.8353833255913405,0.021130224399070113,0.03333333333333333,2.2829011053157013,1.8148995642262342,3.3336272121211303,0.10567514677103718,27,train,-1,organic,,,0
UPI_01025,1,6,6.0,0.16666666666666666,196017.28,80807.68,0.4122477551020408,0.24322241648606138,0.0,0.0,0.0,1.0,0.018128322083212776,0.041666666666666664,2.3135931451430136,1.8113809397735245,3.428873703896019,0.1,3,train,-1,organic,,,0
UPI_01026,4,7,1.75,0.5714285714285714,314500.96,156112.0,0.4963800575330371,0.37133350066661747,0.0,0.0,0.375,0.7667560551811419,0.023656206638236824,0.03225806451612903,2.195794665850963,1.8681811247601061,3.875341634090814,0.12436224489795919,8,train,-1,organic,,,0
UPI_01027,3,11,3.6666666666666665,0.2727272727272727,88062.96,81340.49,0.9236628841908259,0.28117677067032426,0.044444444444444446,0.0,0.07692307692307693,0.5839520918370097,0.02551158001325185,0.027777777777777776,1.6423565569889345,1.5024053503573949,2.7694749146852464,0.13090257023311416,5,train,-1,organic,,,0
UPI_01028,1,3,3.0,0.3333333333333333,197017.37,21558.81,0.10942593908629442,0.2435397953398505,0.0,0.0,0.0,1.0,0.009945345804194223,0.09090909090909091,1.8665581428901215,1.5923457644138321,2.7502424499999325,0.12321792260692464,7,train,-1,organic,,,0
UPI_01029,4,8,2.0,0.5,645614.93,118151.42,0.18300601392884872,0.4889614065566668,0.0078125,0.5,0.2,0.4328920050181664,0.023993159597244237,0.029411764705882353,2.665127053698266,1.628711402593748,3.4002997563635526,0.13090257023311416,5,train,-1,organic,,,0
UPI_01030,38,2,0.05263157894736842,0.05263157894736842,407629.88,1363867.85,0.29887784515436955,3.334499303855452,0.009615384615384616,0.0,0.0,0.05456956669196971,0.1452662444484688,0.014492753623188406,4.0391355000828275,3.3053897340998786,5.1754562468180545,0.13169845594913715,24,train,-1,organic,,,0
UPI_01031,4,9,2.25,0.4444444444444444,114419.03,153373.83,0.746014011056707,0.4502204302934728,0.013333333333333334,0.4,0.3,0.4177704082344959,0.04019893688168711,0.03571428571428571,1.3018529287334422,1.3954016274452399,5.6004937163634985,0.11402027027027027,0,train,-1,organic,,,0
UPI_01032,36,4,0.1111111111111111,0.1111111111111111,551954.86,1500973.45,0.36773126013677404,2.767125884835408,0.007051282051282051,0.08823529411764706,0.0,0.061396776506634804,0.16318176303124193,0.008620689655172414,4.29595107921475,3.4904000351771676,5.800511349090766,0.10567514677103718,27,train,-1,organic,,,0
UPI_01033,2,8,4.0,0.25,139638.44,60715.39,0.43480428770746565,0.2695690766265006,0.0,0.0,0.1111111111111111,0.8716216857380035,0.014680961301189913,0.1,1.8621147735373922,1.6704407632423304,2.222418141414087,0.11778115501519756,19,train,-1,organic,,,0
UPI_01034,2,4,2.0,0.5,66281.4,69515.68,0.9534741629027953,0.28050270052642934,0.0,0.0,0.0,0.7379906980311215,0.010695515508992651,0.06666666666666667,0.9104411185548748,0.9668166321717758,2.5002204090908475,0.13686313686313686,22,train,-1,organic,,,0
UPI_01035,2,8,4.0,0.25,152363.12,139147.24,0.9132606045998518,0.3911177616620264,0.011363636363636364,0.2222222222222222,0.1111111111111111,0.8847926744377563,0.03184961457866477,0.024390243902439025,2.1832137714774693,1.6784372174583195,4.555957189898877,0.10567514677103718,27,train,-1,organic,,,0
UPI_01036,141,0,0.0,0.0,1088513.05,0.0,0.0,6.139625520558272,0.0003546099290780142,0.0,0.0,0.023723080394193855,0.24156468446683058,0.011594202898550725,1.4892136178755457,1.439510881091447,2.447024230174021,0.12642986152919927,6,train,-1,organic,,,0
UPI_01037,1,4,4.0,0.25,117010.32,124028.35,0.9434158523858986,0.2431947146323492,0.0,0.0,0.0,1.0,0.013046021880624823,0.125,1.2674623553017628,1.108149132593731,3.200282123636285,0.12013536379018612,23,train,-1,organic,,,0
UPI_01038,1,6,6.0,0.16666666666666666,242021.34,82306.24,0.3400784297520661,0.2435043235856035,0.0,0.0,0.0,1.0,0.019303738283668097,0.08,2.507862516488461,1.8594586336860692,3.571743441558354,0.12013536379018612,23,train,-1,organic,,,0
UPI_01039,1,8,8.0,0.125,151013.31,107775.95,0.7136850993377484,0.2435397953398505,0.0,0.0,0.0,1.0,0.021061869240895127,0.03571428571428571,2.0890024536941594,1.7515339517122381,3.1113853979797215,0.3680672268907563,31,train,-1,organic,,,0
UPI_01040,1,4,4.0,0.25,224019.75,68718.52,0.3067520535714286,0.24323651184103853,0.0,0.0,0.0,1.0,0.014326996368621444,0.11764705882352941,2.046023523696807,1.6124735175892089,3.4002997563635526,0.110055423594616,17,train,-1,organic,,,0
UPI_01041,1,5,5.0,0.2,278024.51,171652.08,0.6173991007194245,0.243419573033526,0.03333333333333333,0.0,0.0,1.0,0.013642789852439408,0.058823529411764705,1.6704259539240973,1.5626897571428517,2.833583130302961,0.1281767955801105,9,train,-1,organic,,,0
UPI_01042,3,7,2.3333333333333335,0.42857142857142855,175408.48,235330.66,0.7453703076083791,0.34468146769642277,0.023255813953488372,0.0,0.25,0.8172718019006233,0.022368408516730116,0.06666666666666667,1.8302662146384259,1.3365950507911848,3.7503306136362715,0.12814645308924486,4,train,-1,organic,,,0
UPI_01043,2,7,3.5,0.2857142857142857,262747.3,131901.95,0.5020106641133167,0.2826770551405565,0.0,0.0,0.125,0.9573741150989588,0.024083721035248785,0.0625,2.5219046183511034,1.9971816050821964,4.000352654545356,0.11402027027027027,0,train,-1,organic,,,0
UPI_01044,1,6,6.0,0.16666666666666666,101008.9,86811.73,0.8594463366336634,0.24318110251457678,0.0,0.0,0.0,1.0,0.0187822546093218,0.08,1.8024065503431401,1.5201851148452383,3.571743441558354,0.1407942238267148,2,train,-1,organic,,,0
UPI_01045,2,7,3.5,0.2857142857142857,280328.07,74832.11,0.2669447487179604,0.29013359161646235,0.0,0.0,0.125,0.8299336723290061,0.02036316654261519,0.034482758620689655,2.5771513962649566,2.0663335798373565,3.625319593181729,0.12436224489795919,8,train,-1,organic,,,0
UPI_01046,4,7,1.75,0.5714285714285714,437477.54,143418.67,0.32783094290844733,1.1330573011641003,0.018867924528301886,0.3333333333333333,0.2222222222222222,0.4317076354656264,0.029486202914219724,0.024390243902439025,1.794187547495355,1.6799396359119325,4.555957189898877,0.13169845594913715,24,train,-1,organic,,,0
UPI_01047,39,2,0.05128205128205128,0.05128205128205128,876720.66,448339.24,0.5113820914427266,2.8421737231032056,0.018292682926829267,0.11428571428571428,0.0,0.15343412432240516,0.15221993247140322,0.013824884792626729,4.325909180910114,3.311259667271555,5.293149549002087,0.12013536379018612,23,train,-1,organic,,,0
UPI_01048,45,4,0.08888888888888889,0.08888888888888889,932725.57,1898287.52,0.49135105076092217,3.786278340593379,0.00935374149659864,0.05128205128205128,0.0,0.13646071946057703,0.1691599274995178,0.012552301255230125,3.6321968409997933,3.6070731313859663,4.877981043042552,0.11402027027027027,0,train,-1,organic,,,0
UPI_01049,3,5,1.6666666666666667,0.6,69139.13,88734.95,0.7791645013199457,0.2820448234113252,0.018518518518518517,0.0,0.14285714285714285,0.7854754103858735,0.017729004458587678,0.13043478260869565,1.141685329894583,1.0734955378518145,3.286003966233685,0.110055423594616,17,train,-1,organic,,,0
UPI_01050,1,6,6.0,0.16666666666666666,210018.51,168951.19,0.8044585714285714,0.24337124942681343,0.0,0.0,0.0,1.0,0.023143543935037553,0.030303030303030304,2.2470791888427515,1.7351022945917454,4.714701342857027,0.12167606768734891,26,train,-1,organic,,,0
UPI_01051,3,8,2.6666666666666665,0.375,215593.5,125160.79,0.5805406752904761,0.3096883215274602,0.046296296296296294,0.0,0.1,0.6814538830782506,0.02892951957593558,0.024390243902439025,2.2279076660169355,1.9898000802171785,4.1003614709089895,0.11376146788990826,15,train,-1,organic,,,0
UPI_01052,4,4,1.0,1.0,1627991.92,1691769.76,0.9623011098079427,6.8717380004337585,0.017857142857142856,1.0,0.0,0.3331265856946969,0.027587486127660113,0.05128205128205128,0.4381913036946665,0.43189283342043316,4.875429797727152,0.3680672268907563,31,train,-1,organic,,,0
UPI_01053,152,1,0.006578947368421052,0.006578947368421052,1869596.86,74878.98,0.04005087020975633,7.0902992978052035,0.0006879944960440316,0.0,0.0,0.2953823028805681,0.26206402010477514,0.010666666666666666,4.5590213735296965,4.403098735686894,2.451196479500831,0.12642986152919927,6,train,-1,organic,,,0
UPI_01054,39,3,0.07692307692307693,0.07692307692307693,787553.44,936969.31,0.8405328003852249,2.5389142228236197,0.0156794425087108,0.18181818181818182,0.0,0.2420883595422743,0.1493371266157983,0.014084507042253521,3.856831376450383,2.6848571907203223,5.071875687012862,0.11626248216833096,29,train,-1,organic,,,0
UPI_01055,5,9,1.8,0.5555555555555556,95192.26,59217.24,0.6220804008074056,0.4510284718814487,0.02247191011235955,0.0,0.16666666666666666,0.6681924103958763,0.03709764356356936,0.02040816326530612,2.3760204858828313,2.068270132322503,4.083693334848384,0.145478374836173,30,train,-1,organic,,,0
UPI_01056,2,5,2.5,0.4,27914.64,45093.54,0.6190386422045369,0.26063590613957216,0.0,0.0,0.16666666666666666,0.6460950423089564,0.020489229129341917,0.03571428571428571,1.7061753429898245,1.3129002326741757,4.667078096969583,0.13090257023311416,5,train,-1,organic,,,0
UPI_01057,40,4,0.1,0.1,773992.12,2652053.97,0.2918462932882576,2.92603020193982,0.019027484143763214,0.1282051282051282,0.0,0.06896152300604134,0.1436726785960415,0.014634146341463415,2.8075748206990903,2.5876173043898887,4.659501671487488,0.10630407911001236,13,train,-1,organic,,,0
UPI_01058,1,3,3.0,0.3333333333333333,98008.64,8784.02,0.089625,0.2435043235856035,0.0,0.0,0.0,1.0,0.006919887564641681,0.1111111111111111,1.6740681943965607,1.5619905104413687,2.2501983681817626,0.11778115501519756,19,train,-1,organic,,,0
UPI_01059,2,3,1.5,0.6666666666666666,66985.78,342611.44,0.19551528857797346,1.1292663165303782,0.0,0.6,0.0,0.5370734474177314,0.025838422931121863,0.027777777777777776,0.8594290994303251,0.7253772427227861,7.200634778181641,0.11626248216833096,29,train,-1,organic,,,0
UPI_01060,5,3,0.6,0.6,2736002.75,2123690.78,0.7762019874275884,8.982016977178795,0.0,0.75,0.0,0.22512869834075946,0.028966908814069173,0.02564102564102564,0.3272634420613793,0.3287104879967472,4.875429797727152,0.3680672268907563,31,train,-1,organic,,,0
UPI_01061,3,8,2.6666666666666665,0.375,352847.35,224987.56,0.6376342823675011,0.2924178010296745,0.11818181818181818,0.0,0.0,0.9081029101902854,0.020629699851699334,0.034482758620689655,1.710522698522328,1.478448544886993,2.63659606776853,0.12321792260692464,7,train,-1,organic,,,0
UPI_01062,6,10,1.6666666666666667,0.6,553227.51,201118.88,0.36353738034111727,2.010283480203885,0.004201680672268907,0.46153846153846156,0.06666666666666667,0.199107820547083,0.0561281216942811,0.02564102564102564,1.0073696215226267,0.9730855294184331,5.200458450908963,0.1407942238267148,2,train,-1,organic,,,0
UPI_01063,1,6,6.0,0.16666666666666666,261023.01,77966.97,0.2986977011494253,0.24393038772468417,0.0,0.0,0.0,1.0,0.01684633719327408,0.043478260869565216,2.448556341495526,2.01081105352186,3.286003966233685,0.10630407911001236,13,train,-1,organic,,,0
UPI_01064,1,4,4.0,0.25,292525.79,41274.87,0.14109822222222224,0.24401080693672386,0.0,0.0,0.0,1.0,0.01052773180018365,0.07142857142857142,1.627051508506641,1.5925031491335768,2.8002468581817492,0.12547528517110265,28,train,-1,organic,,,0
UPI_01065,3,10,3.3333333333333335,0.3,199308.75,156653.74,0.7859852603612463,0.35614355398189496,0.05194805194805195,0.0,0.08333333333333333,0.8839319188963014,0.019084104354709888,0.037037037037037035,1.9780526678958497,1.6798346545314784,2.2501983681817626,0.12321792260692464,7,train,-1,organic,,,0
UPI_01066,153,0,0.0,0.0,2584245.55,0.0,0.0,9.026262280594546,0.0015479876160990713,0.0,0.0,0.1736589150349139,0.2526277484639393,0.0221606648199446,3.9123639863700466,3.958324799223111,2.359685144266133,0.12260967379077616,20,train,-1,organic,,,0
UPI_01067,2,4,2.0,0.5,255833.56,31047.47,0.12135806820824484,0.2673435954301791,0.0,0.0,0.2,0.9407960878532804,0.010627274901033502,0.07142857142857142,2.0663600858444267,1.8279423896624025,2.8002468581817492,0.11778115501519756,19,train,-1,organic,,,0
UPI_01068,2,4,2.0,0.5,272901.26,61621.04,0.2257997736710872,0.2586346061031288,0.06666666666666667,0.0,0.0,0.5859282162369154,0.009079255087472317,0.1,1.147903050418179,1.1172204613300145,1.6668136060605652,0.145478374836173,30,train,-1,organic,,,0
UPI_01069,1,4,4.0,0.25,174015.34,87880.06,0.5050132758620689,0.24579742636011256,0.0,0.0,0.0,1.0,0.009542846830018702,0.08333333333333333,1.4009617372064092,1.329855373567096,2.4002115927272136,0.11626248216833096,29,train,-1,organic,,,0
UPI_01070,1,4,4.0,0.25,241521.29,226164.97,0.9364183436853002,0.26502995034669385,0.0,0.5,0.0,1.0,0.009276037023280078,0.07692307692307693,1.7052626531802801,1.3906694751131627,2.6002292254544814,0.1281767955801105,9,train,-1,organic,,,0
UPI_01071,38,3,0.07894736842105263,0.07894736842105263,581730.22,1821251.33,0.3194123798704862,3.1598227539691286,0.029914529914529916,0.0,0.025,0.06575523026208216,0.11761978407026667,0.017964071856287425,3.3434472793575702,2.839626944516089,4.1753680831817155,0.12611377655928718,32,train,-1,organic,,,0
UPI_01072,2,5,2.5,0.4,266263.93,122561.7,0.46030156348137313,0.2756628586844075,0.0,0.0,0.16666666666666666,0.9329947857084353,0.01820672435610374,0.09090909090909091,2.057967274249107,1.6552091733314191,3.6669899333332427,0.145478374836173,30,train,-1,organic,,,0
UPI_01073,2,7,3.5,0.2857142857142857,126737.24,99557.96,0.7855461784619375,0.27179877265859864,0.0,0.0,0.125,0.8193253504174541,0.025823271190773604,0.027777777777777776,2.015288062145962,1.7465293785047056,4.500396736363525,0.1,3,train,-1,organic,,,0
UPI_01074,22,50,2.272727272727273,0.44,1436426.89,1348543.52,0.9388180713690043,1.479506769929832,0.10098039215686275,0.8666666666666667,0.09090909090909091,0.15515760261613734,0.0784602471026551,0.018018018018018018,2.159300806816712,2.117743238244483,1.6819664570247521,0.145478374836173,30,train,-1,organic,,,0
UPI_01075,2,4,2.0,0.5,253078.12,65898.34,0.26038734301338506,0.2588858152989133,0.13333333333333333,0.0,0.0,0.9995590088097464,0.011338385073813937,0.13333333333333333,1.9620968869936202,1.778178746853478,2.5002204090908475,0.10630407911001236,13,train,-1,organic,,,0
UPI_01076,2,6,3.0,0.3333333333333333,461523.63,47140.64,0.10214132726119844,0.25108240738559856,0.05357142857142857,0.0,0.0,0.7219733071979608,0.021621851042663714,0.03333333333333333,4.063758859206269,2.3135389967796174,3.7503306136362715,0.12321792260692464,7,train,-1,organic,,,0
UPI_01077,3,7,2.3333333333333335,0.42857142857142855,84054.11,132456.86,0.6345772643443877,0.3977150021296639,0.022727272727272728,0.0,0.1111111111111111,0.8233634902455962,0.015699858576670757,0.047619047619047616,1.6027877936632473,1.4574504466137779,2.3335390484847913,0.145478374836173,30,train,-1,organic,,,0
UPI_01078,3,8,2.6666666666666665,0.375,286013.78,118419.58,0.4140345189319979,0.36712603889693485,0.009433962264150943,0.0,0.2222222222222222,0.814208768320094,0.029743345614922034,0.023809523809523808,2.862446209721978,2.035810909635648,4.667078096969583,0.10630407911001236,13,train,-1,organic,,,0
UPI_01079,2,4,2.0,0.5,257393.6,89340.14,0.3470954040610106,0.348494274112238,0.0,0.6666666666666666,0.0,0.9014941843629669,0.012571695221075225,0.0625,1.819311406859498,1.5789468396841435,2.6669017696969037,0.13090257023311416,5,train,-1,organic,,,0
UPI_01080,3,9,3.0,0.3333333333333333,303596.44,433671.59,0.700060714885958,0.3078546280977995,0.05384615384615385,0.0,0.09090909090909091,0.528576141983312,0.01992313779933131,0.03571428571428571,2.6514285268158764,1.7838419928686928,2.545678961983408,0.12661498708010335,14,train,-1,organic,,,0
UPI_01081,1,4,4.0,0.25,75006.61,44371.31,0.5915653333333334,0.24328858614406598,0.0,0.0,0.0,1.0,0.008467882135634089,0.18181818181818182,1.181639378668782,1.1731003356499579,2.200193959999946,0.12611377655928718,32,train,-1,organic,,,0
UPI_01082,14,2,0.14285714285714285,0.14285714285714285,644997.95,58274.43,0.09034823630170623,1.084162733754792,0.004166666666666667,0.0,0.0,0.0883845638876726,0.02500846245951913,0.06060606060606061,0.436425217939908,0.5006702652976975,2.0626818374999494,0.13169845594913715,24,train,-1,organic,,,0
UPI_01083,3,6,2.0,0.5,84169.32,89617.52,0.9392060807757024,0.3992727419928589,0.08823529411764706,0.2857142857142857,0.2857142857142857,0.49800475222705254,0.02038216560509554,0.07142857142857142,1.1052961317414696,1.1271996454126767,4.000352654545356,0.12167606768734891,26,train,-1,organic,,,0
UPI_01084,2,6,3.0,0.3333333333333333,107530.73,100890.69,0.9382498808375089,0.34433022388647694,0.0,0.0,0.14285714285714285,0.6379594795986161,0.01646425883810561,0.09090909090909091,1.2080364342803054,1.063637410908416,3.143134228571351,0.11778115501519756,19,train,-1,organic,,,0
UPI_01085,1,4,4.0,0.25,103009.08,29363.69,0.28505922330097083,0.2435397953398505,0.0,0.0,0.0,1.0,0.008130103333613371,0.1,1.4594259231582971,1.5428070744443112,2.000176327272678,0.12642986152919927,6,train,-1,organic,,,0
UPI_01086,1,7,7.0,0.14285714285714285,130011.46,80766.82,0.6212284615384617,0.2434528213270333,0.0,0.0,0.0,1.0,0.019750690207376152,0.037037037037037035,2.1880592772528513,1.6274913364717825,3.3752975522726443,0.11512415349887133,11,train,-1,organic,,,0
UPI_01087,4,7,1.75,0.5714285714285714,154319.25,96257.47,0.623755384200125,0.40552352609189674,0.0,0.0,0.2222222222222222,0.5876057328465487,0.023720283498568855,0.0625,1.7081294574403194,1.4669262973372024,3.5558690262625383,0.16923076923076924,16,train,-1,organic,,,0
UPI_01088,2,5,2.5,0.4,184979.67,67152.36,0.3630256284271653,0.30174091159715316,0.0,0.0,0.16666666666666666,0.7990151491130335,0.014552046246762282,0.05555555555555555,1.7682730427424793,1.5163181765526719,3.000264490909017,0.13169845594913715,24,train,-1,organic,,,0
UPI_01089,29,3,0.10344827586206896,0.10344827586206896,515504.93,1416294.28,0.3639815117319683,2.393223217780165,0.014112903225806451,0.17857142857142858,0.0,0.06859464274179745,0.11317665047808292,0.0125,2.998768211596537,2.5575104165245754,5.000440818181695,0.1234676007005254,25,train,-1,organic,,,0
UPI_01090,2,5,2.5,0.4,231037.93,80902.4,0.3501693550914484,0.32065113928687766,0.05,0.4,0.16666666666666666,0.7192619065630703,0.014313414389668896,0.05263157894736842,1.6891819590393833,1.6139247484601587,3.1669458515150732,0.12167606768734891,26,train,-1,organic,,,0
UPI_01091,3,7,2.3333333333333335,0.42857142857142855,237349.49,48389.6,0.20387486428625093,0.2903032960986903,0.0,0.0,0.1111111111111111,0.947879110922874,0.016360172547199934,0.05263157894736842,2.30316759829,2.181504111828868,2.1112972343433825,0.11778115501519756,19,train,-1,organic,,,0
UPI_01092,1,5,5.0,0.2,53004.67,100667.6,0.5265315785327312,0.2429492733378004,0.0,0.0,0.0,1.0,0.011533621976462335,0.08333333333333333,1.5389896682918618,1.3760629699361295,2.000176327272678,0.12260967379077616,20,train,-1,organic,,,0
UPI_01093,6,9,1.5,0.6666666666666666,155648.55,260046.09,0.598542160685142,0.32652298787489326,0.08173076923076923,0.0,0.07142857142857142,0.47649791752838405,0.01841764489088431,0.038461538461538464,1.4955211754375966,1.5672180710903585,1.857306589610344,0.13686313686313686,22,train,-1,organic,,,0
UPI_01094,1,5,5.0,0.2,231020.37,111217.14,0.48141705627705633,0.2429492733378004,0.0,0.0,0.0,1.0,0.009442319558256817,0.08333333333333333,1.4381492111939613,1.338853359157865,2.000176327272678,0.12436224489795919,8,train,-1,organic,,,0
UPI_01095,1,3,3.0,0.3333333333333333,198711.36,245846.71,0.808273396396071,1.0229682221895418,0.08333333333333333,1.0,0.0,1.0,0.02299446176791482,0.0625,0.4450651934470634,0.3805498399495472,8.000705309090712,0.1407942238267148,2,train,-1,organic,,,0
UPI_01096,2,5,2.5,0.4,83891.13,42981.45,0.5123479845257239,0.31456064002534556,0.0,0.3333333333333333,0.16666666666666666,0.5413270886575829,0.01664532791406079,0.047619047619047616,1.1971203444079104,1.3429145964016402,3.5003085727271865,0.12611377655928718,32,train,-1,organic,,,0
UPI_01097,4,9,2.25,0.4444444444444444,405495.75,243646.31,0.6008603314753613,0.5843959533738732,0.006578947368421052,0.6,0.18181818181818182,0.47956377722937527,0.027842612711699515,0.02631578947368421,1.6696744359605535,1.5614032647235951,3.454850019834626,0.145478374836173,30,train,11,stealth_cycle,11,stealth_cycle,1
UPI_01098,1,7,7.0,0.14285714285714285,67005.91,72482.75,0.9244393620209403,0.24499596870931775,0.0,0.0,0.0,1.0,0.024778943080905273,0.058823529411764705,1.95926320112669,1.6006435383179825,4.250374695454441,0.3680672268907563,31,train,-1,organic,,,0
UPI_01099,2,8,4.0,0.25,66517.15,62759.79,0.9435128983365079,0.2794883759639862,0.022727272727272728,0.0,0.1111111111111111,0.5429284737750792,0.028049740697836275,0.05405405405405406,1.3350171334234773,1.3795330303755278,4.11147356161606,0.10888252148997135,12,train,-1,organic,,,0
UPI_01100,3,7,2.3333333333333335,0.42857142857142855,60317.06,84162.84,0.716670892973976,0.3802286924363222,0.03488372093023256,0.0,0.25,0.5323460112956527,0.017047927492925757,0.045454545454545456,1.2463401079230239,0.9875164742612309,2.7502424499999325,0.12395709177592372,21,train,-1,organic,,,0
UPI_01101,4,2,0.5,0.5,4998028.38,4045727.49,0.8094646910023154,7.462608969522815,0.06666666666666667,0.6666666666666666,0.0,0.32622947868119395,0.03079830275089724,0.046511627906976744,0.3724710684797063,0.3835501345589407,7.16729850606043,0.3680672268907563,31,train,-1,organic,,,0
UPI_01102,4,6,1.5,0.6666666666666666,303050.21,91595.64,0.3022457763917906,0.6675214132905284,0.0,0.2857142857142857,0.42857142857142855,0.7548176953714492,0.026530112274957128,0.05405405405405406,2.707844723853358,2.0655157319142368,5.286180293506363,0.12436224489795919,8,train,-1,organic,,,0
UPI_01103,4,7,1.75,0.5714285714285714,216218.63,81540.31,0.3771197139753793,0.3805550807587866,0.04716981132075472,0.2857142857142857,0.2222222222222222,0.854853498627075,0.02289941473117708,0.03225806451612903,1.9917313783302142,1.756652778554313,3.4447481191918348,0.12661498708010335,14,train,-1,organic,,,0
UPI_01104,3,4,1.3333333333333333,0.75,189471.48,17838.15,0.09414689880086424,0.2728652721960739,0.023809523809523808,0.0,0.0,0.9241830397430778,0.007837573803819987,0.09090909090909091,1.814130153307824,2.0197399059834464,1.5715671142856755,0.1234676007005254,25,train,-1,organic,,,0
UPI_01105,2,4,2.0,0.5,160889.16,27663.17,0.17193929099478364,0.25208817758087926,0.03571428571428571,0.0,0.2,0.9891813992802738,0.011383468800125472,0.06666666666666667,2.1063732921582656,1.7456801227552883,3.000264490909017,0.12395709177592372,21,train,-1,organic,,,0
UPI_01106,2,7,3.5,0.2857142857142857,234945.45,50367.82,0.21438091194652384,0.27893047083045297,0.027777777777777776,0.42857142857142855,0.0,0.9308492015536804,0.019409934012215076,0.037037037037037035,2.2017775581109573,2.0488027889586555,3.000264490909017,0.1234676007005254,25,train,-1,organic,,,0
UPI_01107,33,5,0.15151515151515152,0.15151515151515152,499341.36,1349705.2,0.3699632765959925,2.2141767257151064,0.017780938833570414,0.28125,0.0,0.05271869302466841,0.12462804130929458,0.011235955056179775,3.3727725684327763,2.9308320006335666,4.684623503349167,0.13169845594913715,24,train,-1,organic,,,0
UPI_01108,7,13,1.8571428571428572,0.5384615384615384,611041.99,774327.84,0.7891256831462129,2.439745898551307,0.11052631578947368,1.0,0.0,0.35523846788036645,0.042471578452280626,0.03333333333333333,2.358024246019588,2.121885502655521,3.000264490909017,0.12260967379077616,20,train,-1,organic,,,0
UPI_01109,4,11,2.75,0.36363636363636365,121922.01,111495.6,0.9144829608028002,0.4145982860814872,0.004901960784313725,0.2,0.25,0.5736176751576496,0.038617267769794274,0.01818181818181818,2.38167248890461,1.7637310438815637,4.583737416666554,0.12611377655928718,32,train,-1,organic,,,0
UPI_01110,4,8,2.0,0.5,456374.05,74885.47,0.16408792580834797,1.3610816493516418,0.023076923076923078,0.375,0.09090909090909091,0.4886206788492439,0.030217959020690306,0.047619047619047616,1.5984998618225936,1.6771902483809424,3.8185184429751127,0.11512415349887133,11,train,26,layered_fanin,26,layered_fanin,1
UPI_01111,148,0,0.0,0.0,817274.22,0.0,0.0,6.857458946372308,0.0004136789851075565,0.0,0.0,0.02255838705983782,0.26081899651114776,0.00804289544235925,1.537873123561711,1.5312434030963986,2.5204924664618544,0.12436224489795919,8,train,-1,organic,,,0
UPI_01112,1,9,9.0,0.1111111111111111,142012.52,325869.76,0.43579533246626434,0.24302917371621402,0.011111111111111112,0.0,0.0,1.0,0.022516997694548714,0.03125,3.362943836762421,2.2237478236068573,3.200282123636285,0.10630407911001236,13,train,-1,organic,,,0
UPI_01113,3,5,1.6666666666666667,0.6,310303.5,71575.32,0.2306623061637933,1.015976922868852,0.0,0.2857142857142857,0.0,0.33546136968123547,0.018558934431641555,0.038461538461538464,0.859567683694653,1.0344302933105802,3.2502865318181016,0.11376146788990826,15,train,-1,organic,,,0
UPI_01114,1,4,4.0,0.25,161014.19,82521.82,0.5125127329192547,0.24499596870931775,0.0,0.0,0.0,1.0,0.01533029951572679,0.14285714285714285,1.5488400287791544,1.4080294223445773,2.8002468581817492,0.12436224489795919,8,train,-1,organic,,,0
UPI_01115,3,8,2.6666666666666665,0.375,245004.91,94178.91,0.3843960227331405,0.3317424804175971,0.04716981132075472,0.0,0.2222222222222222,0.8328405563309123,0.017300379847460308,0.041666666666666664,2.1359053715808067,1.6883782361166604,2.6669017696969037,0.145478374836173,30,train,-1,organic,,,0
UPI_01116,0,84,84.0,0.0,0.0,14197251.57,0.0,0.24082620613995356,0.0005737234652897303,0.0,0.0,1.0,0.12210151050625859,0.046242774566473986,0.43575037059285254,0.43372420031503345,2.0597053846319837,0.13090257023311416,5,train,-1,organic,,,0
UPI_01117,1,3,3.0,0.3333333333333333,122010.76,14890.16,0.12203975409836067,0.2431153232862354,0.0,0.0,0.0,1.0,0.011201488936375544,0.07692307692307693,2.0468041835902047,1.581640973497446,3.2502865318181016,0.12321792260692464,7,train,-1,organic,,,0
UPI_01118,5,9,1.8,0.5555555555555556,176275.67,185862.85,0.9484179602658044,0.3723397648139317,0.028735632183908046,0.5555555555555556,0.4,0.6432642002877932,0.029583506490762197,0.047619047619047616,1.7203972948370165,1.4370031829289804,4.200370287272624,0.11512415349887133,11,train,-1,organic,,,0
UPI_01119,3,9,3.0,0.3333333333333333,297930.74,205017.93,0.6881395674210741,0.5400096252091748,0.007692307692307693,0.36363636363636365,0.09090909090909091,0.8492469239155224,0.03640684650974642,0.038461538461538464,2.756247359822313,2.0883091713723307,4.72768950082633,0.10888252148997135,12,train,-1,organic,,,0
UPI_01120,4,5,1.25,0.8,430649.16,72605.53,0.16859554512283936,1.5778800122808445,0.013888888888888888,0.625,0.0,0.3310978479399242,0.03084074061835685,0.047619047619047616,1.1642383852613563,1.1647420097111247,4.667078096969583,0.12260967379077616,20,train,-1,organic,,,0
UPI_01121,2,8,4.0,0.25,74679.31,61621.26,0.8251450027339299,0.32107588039626817,0.022727272727272728,0.0,0.1111111111111111,0.7181825968009288,0.025951848107998138,0.08333333333333333,1.921216417214034,1.5570767401904193,4.000352654545356,0.12436224489795919,8,train,-1,organic,,,0
UPI_01122,1,8,8.0,0.125,115010.14,49513.58,0.43051495652173916,0.2434528213270333,0.0,0.0,0.0,1.0,0.02344306339500091,0.0967741935483871,2.6675047195197337,1.8218764457719714,3.4447481191918348,0.12321792260692464,7,train,-1,organic,,,0
UPI_01123,2,6,3.0,0.3333333333333333,240255.89,217024.06,0.9033038148400788,0.3575922487130926,0.037037037037037035,0.0,0.14285714285714285,0.6284533713277003,0.022624617854796986,0.03225806451612903,2.028710963450165,1.4757774619552007,4.428961867532359,0.11228070175438597,10,train,-1,organic,,,0
UPI_01124,2,6,3.0,0.3333333333333333,211557.72,117266.03,0.5542980310918451,0.3780012465750314,0.037037037037037035,0.0,0.14285714285714285,0.9855547027892311,0.01933636866577266,0.037037037037037035,2.275679552830083,1.5246424334017288,3.857482916883022,0.12436224489795919,8,train,-1,organic,,,0
UPI_01125,32,8,0.25,0.25,656861.1,1539151.79,0.42676823848691375,2.4948064636146676,0.04300385109114249,0.3333333333333333,0.02564102564102564,0.16752252662228628,0.10334476140483259,0.013605442176870748,3.1273739078859824,2.688286469816085,3.7695630783215854,0.10567514677103718,27,train,-1,organic,,,0
UPI_01126,2,10,5.0,0.2,199304.3,169652.49,0.8512234106104305,0.2781681490890295,0.03076923076923077,0.2,0.09090909090909091,0.9773141869386837,0.028401936875629155,0.05405405405405406,2.2158776165664107,1.8170601684493854,3.3639329140495042,0.12642986152919927,6,train,-1,organic,,,0
UPI_01127,2,3,1.5,0.6666666666666666,277733.74,305897.4,0.9079310477969379,2.521454899500043,0.0,0.8,0.0,0.5158757270208005,0.032238145459977684,0.022727272727272728,0.4316511780564455,0.3018179036298294,8.800775839999783,0.11402027027027027,0,train,-1,organic,,,0
UPI_01128,4,7,1.75,0.5714285714285714,827030.46,334723.68,0.4047295656228061,1.3360130423703722,0.037037037037037035,0.6666666666666666,0.1,0.34790461747859375,0.02516695726551962,0.029411764705882353,1.20052041515046,1.097047999489273,3.4002997563635526,0.13686313686313686,22,train,36,stealth_cycle,36,stealth_cycle,1
UPI_01129,1,8,8.0,0.125,262023.1,159899.81,0.6102508015267175,0.24499596870931775,0.013888888888888888,0.0,0.0,1.0,0.018344416418252695,0.08,2.090104146353816,1.7324664153670257,2.778022676767608,0.11402027027027027,0,train,-1,organic,,,0
UPI_01130,4,3,0.75,0.75,4439190.5,2858650.34,0.6439575720745158,7.118934260864326,0.05,1.0,0.16666666666666666,0.26090585516285236,0.03148416221419526,0.045454545454545456,0.2302405947076973,0.17127929729050392,7.3339798666664855,0.3680672268907563,31,train,-1,organic,,,0
UPI_01131,5,10,2.0,0.5,226953.06,179848.53,0.7924481691847,1.5632229984667325,0.004901960784313725,0.5555555555555556,0.25,0.35614816708664493,0.037182077742766946,0.02,1.4827231321473304,1.5229506823899575,4.167034015151413,0.11764705882352941,18,train,-1,organic,,,0
UPI_01132,1,4,4.0,0.25,235020.72,32205.14,0.13703106382978722,0.2429492733378004,0.0,0.0,0.0,1.0,0.008745919123217191,0.09090909090909091,1.8262258054591844,1.563037552575287,2.200193959999946,0.11512415349887133,11,train,-1,organic,,,0
UPI_01133,4,7,1.75,0.5714285714285714,212657.27,224073.18,0.9490527326450661,0.6510116096745904,0.0,0.5555555555555556,0.2222222222222222,0.42178012770225953,0.02813397007914263,0.05405405405405406,1.4011567392115034,1.1880714226602291,4.11147356161606,0.11778115501519756,19,train,5,stealth_cycle,5,stealth_cycle,1
UPI_01134,1,9,9.0,0.1111111111111111,71006.26,68893.32,0.9702429577464788,0.25696203561111375,0.011111111111111112,0.4444444444444444,0.0,1.0,0.025742276499834925,0.05714285714285714,2.0285530104799627,1.816075516868626,3.5003085727271865,0.11626248216833096,29,train,-1,organic,,,0
UPI_01135,1,3,3.0,0.3333333333333333,77006.79,14267.53,0.18527623376623378,0.2431153232862354,0.0,0.0,0.0,1.0,0.00993262370255103,0.09090909090909091,1.7205064064962978,1.498802120274637,2.7502424499999325,0.11626248216833096,29,train,-1,organic,,,0
UPI_01136,36,4,0.1111111111111111,0.1111111111111111,1187084.86,943395.12,0.7947158192300444,3.1559114962290176,0.008974358974358974,0.27586206896551724,0.0,0.1689041448815816,0.11379776427979499,0.012345679012345678,2.437158269168348,2.0565619730782574,4.050357062727173,0.11626248216833096,29,train,10,stealth_cycle,10,stealth_cycle,1
UPI_01137,5,6,1.2,0.8333333333333334,352124.23,114504.98,0.32518348338404385,1.5659697463274105,0.00909090909090909,0.45454545454545453,0.0,0.3662678073795926,0.035388034715662056,0.04,1.9827264951010153,1.7825397002225214,4.545855289256087,0.12642986152919927,6,train,-1,organic,,,0
UPI_01138,2,4,2.0,0.5,644599.61,740150.51,0.8709034145606414,1.7807282957882806,0.0,0.6666666666666666,0.0,0.7375022507340058,0.045037531276063386,0.09523809523809523,0.5662168856880946,0.5616026524171162,10.50092571818156,0.13686313686313686,22,train,14,fast_cycle,14,fast_cycle,1
UPI_01139,2,5,2.5,0.4,288438.79,118809.08,0.41190397698636433,0.3871245724706047,0.0,0.0,0.16666666666666666,0.8004906445466007,0.016954660412280824,0.045454545454545456,1.9112944857313772,1.6016455550459698,3.6669899333332427,0.12661498708010335,14,train,-1,organic,,,0
UPI_01140,1,6,6.0,0.16666666666666666,108509.57,58597.89,0.5400250691244239,0.2422792273072743,0.023809523809523808,0.0,0.0,1.0,0.016342404157128662,0.043478260869565216,3.0069530109976097,1.9896131075858818,3.286003966233685,0.11402027027027027,0,train,-1,organic,,,0
UPI_01141,3,5,1.6666666666666667,0.6,83211.99,44319.56,0.5326102567584864,0.6251940071691329,0.0,0.0,0.3333333333333333,0.7990259548328216,0.015557891858508047,0.09090909090909091,1.773359325938353,1.5347441915084887,3.6669899333332427,0.12395709177592372,21,train,-1,organic,,,0
UPI_01142,1,4,4.0,0.25,130011.46,83226.79,0.6401496153846153,0.24323651184103853,0.0,0.0,0.0,1.0,0.01024019516885628,0.07142857142857142,1.3951245165355994,1.2929205320870505,2.8002468581817492,0.12611377655928718,32,train,-1,organic,,,0
UPI_01143,1,6,6.0,0.16666666666666666,86007.58,31899.0,0.37088593023255817,0.2431153232862354,0.0,0.0,0.0,1.0,0.01914441571497572,0.08695652173913043,2.3104320644296314,1.926736629919761,3.286003966233685,0.11376146788990826,15,train,-1,organic,,,0
UPI_01144,5,13,2.6,0.38461538461538464,372686.24,151803.86,0.4073234916768101,0.3702646027294956,0.08881578947368421,0.3333333333333333,0.058823529411764705,0.6703204623635113,0.025460928689394653,0.05714285714285714,3.419295253045113,3.076583440566059,2.0590050427806976,0.145478374836173,30,train,-1,organic,,,0
UPI_01145,8,15,1.875,0.5333333333333333,339582.98,622917.04,0.5451495983549363,2.0902348233004617,0.07142857142857142,0.6,0.045454545454545456,0.6642409084117461,0.028889526528845095,0.04878048780487805,1.918476060689132,1.607897101131273,1.8638006685949953,0.145478374836173,30,train,17,stealth_cycle,17,stealth_cycle,1
UPI_01146,39,6,0.15384615384615385,0.15384615384615385,912863.69,1139033.43,0.8014371380680491,3.086872001063986,0.019211324570273004,0.3125,0.022727272727272728,0.16581945091969297,0.1559945776659565,0.018018018018018018,3.4415667810217476,3.3615818169112384,5.045899371074256,0.1281767955801105,9,train,-1,organic,,,0
UPI_01147,29,3,0.10344827586206896,0.10344827586206896,298602.22,1583934.79,0.1885192653322668,2.690276594471852,0.0030241935483870967,0.32,0.0,0.07802046381942775,0.09680472316635622,0.021739130434782608,2.7303630331717934,2.8304908266345508,4.312880205681712,0.12547528517110265,28,train,-1,organic,,,0
UPI_01148,1,6,6.0,0.16666666666666666,277024.42,131613.87,0.47509844765342957,0.24312818349492235,0.0,0.0,0.0,1.0,0.02297504739667185,0.03333333333333333,2.5552083670496955,1.7742227073608088,4.286092129870024,0.11228070175438597,10,train,-1,organic,,,0
UPI_01149,3,6,2.0,0.5,276847.76,186731.99,0.6744934269453788,0.3033258322465755,0.0,0.0,0.2857142857142857,0.8709630162002728,0.02077154315683434,0.07407407407407407,1.937326548616122,1.6270766033361972,3.857482916883022,0.11228070175438597,10,train,-1,organic,,,0
UPI_01150,1,5,5.0,0.2,201017.72,99344.92,0.49420975124378114,0.2448433823084285,0.03333333333333333,0.0,0.0,1.0,0.013339453246040363,0.05555555555555555,1.4185481125109092,1.3845502036234727,3.000264490909017,0.11626248216833096,29,train,-1,organic,,,0
UPI_01151,136,2,0.014705882352941176,0.014705882352941176,1412531.53,204944.14,0.1450899553380155,8.70873888303965,0.0007405056595789696,0.1111111111111111,0.0,0.07405664773832417,0.25782685191744653,0.01084010840108401,2.649999106648482,2.6298917753457745,2.674148785375428,0.13169845594913715,24,train,24,stealth_cycle,24,stealth_cycle,1
UPI_01152,18,1,0.05555555555555555,0.05555555555555555,628014.33,11328.01,0.018037818617353298,1.3366684154172632,0.005847953216374269,0.0,0.0,0.07067859096810739,0.03144527212430699,0.047619047619047616,0.6480896556548199,0.5841519191391825,2.210721203827697,0.12642986152919927,6,train,-1,organic,,,0
UPI_01153,2,10,5.0,0.2,72477.95,83217.05,0.870950758030523,0.2637466807078112,0.0,0.3,0.09090909090909091,0.9602139248254002,0.03225740473985163,0.043478260869565216,2.0985971933842533,1.8281622002554136,4.182186866115599,0.12013536379018612,23,train,-1,organic,,,0
UPI_01154,3,10,3.3333333333333335,0.3,233444.79,165032.53,0.7069445795703883,0.3151086160986307,0.019736842105263157,0.0,0.18181818181818182,0.8144049315167087,0.036961839467544166,0.038461538461538464,2.6327269002901024,1.9695275727479598,4.72768950082633,0.13090257023311416,5,train,-1,organic,,,0
UPI_01155,3,8,2.6666666666666665,0.375,206912.67,80679.9,0.38992248365506993,1.04999181802897,0.009259259259259259,0.625,0.1,0.4846390724252375,0.02535147731384528,0.029411764705882353,1.2368743052247095,1.2616316241466738,3.4002997563635526,0.12436224489795919,8,train,-1,organic,,,0
UPI_01156,1,9,9.0,0.1111111111111111,108009.52,73424.63,0.6797977777777778,0.2429492733378004,0.011111111111111112,0.0,0.0,1.0,0.02801891316551654,0.07692307692307693,2.531365333919157,2.17243988405288,3.900343838181722,0.145478374836173,30,train,-1,organic,,,0
UPI_01157,38,5,0.13157894736842105,0.13157894736842105,489889.37,1951718.01,0.25100417440849904,2.794141059072944,0.028792912513842746,0.3,0.0,0.054944870305763616,0.13006543917408447,0.010869565217391304,2.825148207123824,2.961515488909243,4.279447025792706,0.12642986152919927,6,train,-1,organic,,,0
UPI_01158,2,6,3.0,0.3333333333333333,168450.33,100276.66,0.5952891872899938,0.27996868159246524,0.0,0.0,0.14285714285714285,0.853192675615569,0.013583721300168664,0.05263157894736842,1.605123924873853,1.423877530533347,2.714525015584349,0.1407942238267148,2,train,-1,organic,,,0
UPI_01159,1,4,4.0,0.25,59005.2,55894.97,0.947288813559322,0.2429492733378004,0.0,0.0,0.0,1.0,0.013363055408177001,0.13333333333333333,1.2068653409524086,1.1598315850825147,3.000264490909017,0.13169845594913715,24,train,-1,organic,,,0
UPI_01160,39,7,0.1794871794871795,0.1794871794871795,725588.2,2090618.05,0.3470687554676153,2.6728684687657354,0.00966183574879227,0.3783783783783784,0.0,0.04859065388537007,0.14781643829325333,0.014218009478672985,2.551964936174787,2.2530143454986247,4.587360924505816,0.12395709177592372,21,train,-1,organic,,,0
UPI_01161,7,8,1.1428571428571428,0.875,575952.35,205496.5,0.3567942633531237,1.5742175688428572,0.0,0.5,0.07142857142857142,0.18437927662742556,0.034541023161874865,0.0625,1.4172784301252916,1.0607743635044045,3.428873703896019,0.12321792260692464,7,train,4,stealth_cycle,4,stealth_cycle,1
UPI_01162,1,6,6.0,0.16666666666666666,76006.7,192819.77,0.3941852080237229,0.243732248474595,0.0,0.0,0.0,1.0,0.0197032631806621,0.037037037037037035,1.9196267345233857,1.4635334416210026,3.857482916883022,0.12395709177592372,21,train,-1,organic,,,0
UPI_01163,3,8,2.6666666666666665,0.375,218202.99,71086.8,0.3257828779641014,0.37198120183189265,0.037037037037037035,0.0,0.1,0.9448387944090798,0.023001146463394035,0.0625,2.8075892644618903,2.2438677775423175,3.200282123636285,0.11764705882352941,18,train,-1,organic,,,0
UPI_01164,3,7,2.3333333333333335,0.42857142857142855,111100.84,179323.46,0.619555551589684,0.33566633482815195,0.023255813953488372,0.0,0.25,0.5180213529060274,0.021757015467756338,0.06451612903225806,1.4086397614973964,1.138481958433571,3.875341634090814,0.11764705882352941,18,train,-1,organic,,,0
UPI_01165,1,7,7.0,0.14285714285714285,116010.23,74526.58,0.6424138793103449,0.24318110251457678,0.0,0.0,0.0,1.0,0.019654764894574024,0.07692307692307693,2.09819173191731,1.6756958183939634,3.2502865318181016,0.13686313686313686,22,train,-1,organic,,,0
UPI_01166,4,1,0.25,0.25,2174180.79,957474.13,0.44038385987874673,4.359974351744874,0.0,0.75,0.0,0.49414682516128355,0.021121647488504102,0.03571428571428571,0.4714192312275126,0.7979241738973033,5.6004937163634985,0.3680672268907563,31,train,-1,organic,,,0
UPI_01167,4,9,2.25,0.4444444444444444,246466.65,135856.11,0.551214973309249,0.37202422737686586,0.0,0.0,0.3,0.5797250237783524,0.035827408921563886,0.041666666666666664,1.8087604224434992,1.7817650830943854,4.800423185454427,0.12167606768734891,26,train,-1,organic,,,0
UPI_01168,4,7,1.75,0.5714285714285714,1310787.76,1118364.41,0.8532002215870588,1.5046278845164043,0.02830188679245283,0.25,0.2222222222222222,0.7456675520109782,0.04079781585978665,0.14285714285714285,0.9146906968780281,1.2983599266140329,6.222770795959443,0.11778115501519756,19,train,32,fast_cycle,32,fast_cycle,1
UPI_01169,5,7,1.4,0.7142857142857143,249609.77,52819.29,0.21160744374614188,0.9324900878199914,0.015625,0.5,0.2,0.4010486777424074,0.026067733512797467,0.029411764705882353,2.43867595743582,2.0988391407788995,3.4002997563635526,0.12167606768734891,26,train,-1,organic,,,0
UPI_01170,1,3,3.0,0.3333333333333333,265023.36,16787.21,0.06334237735849056,0.2435397953398505,0.0,0.0,0.0,1.0,0.009706366243846567,0.1,1.8516756026967964,1.6379759107072198,2.5002204090908475,0.12611377655928718,32,train,-1,organic,,,0
UPI_01171,3,6,2.0,0.5,101339.19,66945.45,0.6606077000098488,0.35041548640395004,0.0,0.0,0.2857142857142857,0.48507455493504437,0.0260314013075201,0.05714285714285714,1.4124120972474097,1.4146703829851595,5.000440818181695,0.10888252148997135,12,train,-1,organic,,,0
UPI_01172,2,4,2.0,0.5,162376.79,465083.44,0.34913475853945714,0.6637157265639204,0.13333333333333333,0.0,0.0,0.997129452961186,0.01997827149531813,0.07692307692307693,1.7866111564545235,1.6731786828074775,4.3337153757574685,0.12395709177592372,21,train,-1,organic,,,0
UPI_01173,3,8,2.6666666666666665,0.375,111951.29,106669.4,0.9528197873494905,0.27407343767603,0.1574074074074074,0.0,0.1,0.9485195203062783,0.01636580720004596,0.09090909090909091,1.4707040924434907,1.6785269699637326,2.200193959999946,0.12611377655928718,32,train,-1,organic,,,0
UPI_01174,1,5,5.0,0.2,228020.1,85784.93,0.3762165350877193,0.24348693321257983,0.0,0.0,0.0,1.0,0.0192484928944941,0.07407407407407407,2.525226994178446,1.8055162884827471,4.500396736363525,0.10567514677103718,27,train,-1,organic,,,0
UPI_01175,2,4,2.0,0.5,83045.57,34847.35,0.41961722459228123,0.37873959736938956,0.0,0.0,0.2,0.5990646430022852,0.01852374829630002,0.038461538461538464,1.6535240013656465,1.5211408716748007,5.200458450908963,0.12321792260692464,7,train,-1,organic,,,0
UPI_01176,4,10,2.5,0.4,171127.02,97377.23,0.569034841696894,0.2917222051969572,0.011363636363636364,0.18181818181818182,0.2727272727272727,0.6732171026505053,0.029349979482190272,0.05128205128205128,2.1712731378575527,1.9020635473733096,3.545767125619747,0.12661498708010335,14,train,-1,organic,,,0
UPI_01177,2,4,2.0,0.5,54256.86,39832.78,0.7341519440360628,0.2710554566482126,0.0,0.4,0.2,0.6934778439962808,0.015868110943150406,0.05263157894736842,1.2349381930518963,1.1489857028385124,3.8003350218180882,0.110055423594616,17,train,-1,organic,,,0
UPI_01178,2,4,2.0,0.5,219857.03,74744.34,0.33996792633109024,0.2626991572893308,0.1,0.0,0.0,0.6396036062637582,0.009954261444848287,0.07692307692307693,1.2997851937248628,1.1141972998909986,2.1668576878787342,0.12642986152919927,6,train,-1,organic,,,0
UPI_01179,3,6,2.0,0.5,285374.21,237401.78,0.8318964089770055,0.30494050019317204,0.014285714285714285,0.0,0.125,0.6000766533642781,0.021484076526792115,0.07142857142857142,1.4605601696314376,1.1776235268092567,3.5003085727271865,0.12395709177592372,21,train,-1,organic,,,0
UPI_01180,2,5,2.5,0.4,61225.22,24291.1,0.39674994144053344,0.2648912476785805,0.0,0.3333333333333333,0.16666666666666666,0.9003435330823679,0.012613857583941719,0.13333333333333333,1.6411011625201761,1.5484867908851492,2.5002204090908475,0.11512415349887133,11,train,-1,organic,,,0
UPI_01181,3,7,2.3333333333333335,0.42857142857142855,173970.39,200266.82,0.8686929888398539,0.2919880241077459,0.1111111111111111,0.0,0.0,0.9664710819112821,0.016338753185205893,0.1,1.5305990866954478,1.5440433313798625,2.000176327272678,0.1234676007005254,25,train,-1,organic,,,0
UPI_01182,2,5,2.5,0.4,295234.27,102253.05,0.3463454814133915,0.3110215189982993,0.0,0.0,0.16666666666666666,0.8724635778151597,0.014312632510570475,0.05555555555555555,1.8709456998512657,1.6239058629893883,3.000264490909017,0.13686313686313686,22,train,-1,organic,,,0
UPI_01183,1,7,7.0,0.14285714285714285,38003.35,51186.07,0.7424548997724961,0.24579742636011256,0.017857142857142856,0.0,0.0,1.0,0.022514737772099985,0.06666666666666667,1.565916914857192,1.3475374376240188,3.7503306136362715,0.1330166270783848,1,train,-1,organic,,,0
UPI_01184,2,1,0.5,0.5,884985.33,445276.26,0.5031453633262448,2.069222174333223,0.0,0.6666666666666666,0.0,0.5000445517328783,0.010193715443740274,0.07692307692307693,0.2700595727871873,0.2480306791689015,4.3337153757574685,0.3680672268907563,31,train,-1,organic,,,0
UPI_01185,1,5,5.0,0.2,96008.46,38547.49,0.4015009375,0.2431153232862354,0.0,0.0,0.0,1.0,0.009730759787635178,0.08333333333333333,1.4861036120391053,1.4841420288436094,2.000176327272678,0.12814645308924486,4,train,-1,organic,,,0
UPI_01186,1,6,6.0,0.16666666666666666,272023.98,66423.45,0.24418231617647057,0.24337124942681343,0.047619047619047616,0.0,0.0,1.0,0.019202628626496427,0.037037037037037035,2.8049342023244503,2.0283824228712826,3.857482916883022,0.13169845594913715,24,train,-1,organic,,,0
UPI_01187,20,0,0.0,0.0,1015139.49,0.0,0.0,1.7456278391414979,0.0,0.0,0.0,0.06906243052793841,0.03305506662711769,0.043478260869565216,0.4355578517648529,0.44217531110276354,2.3002027763635797,0.110055423594616,17,train,-1,organic,,,0
UPI_01188,6,10,1.6666666666666667,0.6,338791.72,216053.7,0.6377183558302094,0.678441041792208,0.03418803418803419,0.5833333333333334,0.23076923076923078,0.6233146699845946,0.04582880512749907,0.03076923076923077,2.6595644551530566,2.263792151956276,5.000440818181695,0.1,3,train,17,stealth_cycle,17,stealth_cycle,1
UPI_01189,1,4,4.0,0.25,331529.23,82230.8,0.24803484162895928,0.24708084999399985,0.0,0.0,0.0,1.0,0.009596989990216402,0.15384615384615385,1.3837075967063874,1.4272907882830381,2.6002292254544814,0.11764705882352941,18,train,-1,organic,,,0
UPI_01190,6,7,1.1666666666666667,0.8571428571428571,262877.54,129869.45,0.49403021148174175,1.3017946349516065,0.0,0.5,0.18181818181818182,0.3164299110921398,0.03403495905244421,0.0425531914893617,1.203266222697042,1.1926655411592202,4.273103971900721,0.11764705882352941,18,train,-1,organic,,,0
UPI_01191,2,7,3.5,0.2857142857142857,158613.72,63313.82,0.3991698851460917,0.28095070522733984,0.0,0.0,0.125,0.8537353107529964,0.020365960963221054,0.03571428571428571,2.3505303700463593,1.8675057595235895,3.5003085727271865,0.13090257023311416,5,train,-1,organic,,,0
UPI_01192,1,6,6.0,0.16666666666666666,115010.14,98496.53,0.8564160869565218,0.24318110251457678,0.0,0.0,0.0,1.0,0.020111956558173834,0.04,1.8031374983590873,1.6171757336841572,3.571743441558354,0.12611377655928718,32,train,-1,organic,,,0
UPI_01193,1,7,7.0,0.14285714285714285,48004.23,155853.66,0.3080083716675419,0.24323651184103853,0.0,0.0,0.0,1.0,0.014692248410550396,0.1111111111111111,1.1939908329291085,1.1257862224164865,2.2501983681817626,0.11778115501519756,19,train,-1,organic,,,0
UPI_01194,4,8,2.0,0.5,219056.72,235361.22,0.9307256418753647,0.320416967643786,0.05384615384615385,0.0,0.09090909090909091,0.7861695069817413,0.017738593443855283,0.08,1.856674631282955,1.7806437385386202,2.2729276446280435,0.11626248216833096,29,train,-1,organic,,,0
UPI_01195,2,6,3.0,0.3333333333333333,112761.26,134273.38,0.8397886691900004,0.35885909609588995,0.0,0.0,0.14285714285714285,0.7858262164958145,0.023346106221246016,0.06060606060606061,1.5492438144206044,1.2879105870126728,4.714701342857027,0.11402027027027027,0,train,-1,organic,,,0
UPI_01196,2,4,2.0,0.5,151618.14,59722.29,0.3938994135870527,0.26457980271241316,0.0,0.0,0.0,0.7192655640840598,0.009318432337030972,0.07692307692307693,1.2868521618425193,1.1551229307313697,2.1668576878787342,0.1234676007005254,25,train,-1,organic,,,0
UPI_01197,4,7,1.75,0.5714285714285714,81421.74,55166.03,0.6775344606664951,0.3377252536969476,0.037037037037037035,0.0,0.1,0.5396290156781308,0.019445447417723527,0.038461538461538464,1.2908644821418336,1.6636906019993478,2.6002292254544814,0.13169845594913715,24,train,-1,organic,,,0
UPI_01198,5,7,1.4,0.7142857142857143,171655.82,52137.2,0.303731009237961,0.8894810400632923,0.0,0.375,0.5,0.6387983627405487,0.02942482246924099,0.04878048780487805,2.6086613690395324,2.1004296185188087,5.125451838636238,0.12611377655928718,32,train,-1,organic,,,0
UPI_01199,3,8,2.6666666666666665,0.375,116330.06,80423.32,0.691337416329808,0.31474877709307764,0.018867924528301886,0.0,0.2222222222222222,0.5897538929350923,0.0256310914632446,0.027777777777777776,1.7229411116531586,1.6867624028425552,4.000352654545356,0.11402027027027027,0,train,-1,organic,,,0
UPI_01200,2,6,3.0,0.3333333333333333,42293.03,31615.66,0.7475382661808069,0.26566470076282656,0.0,0.0,0.0,0.9864116499334836,0.018221969094325618,0.08,1.8703478748127003,1.6662094656686923,3.1252755113635593,0.12436224489795919,8,train,-1,organic,,,0
UPI_01201,1,4,4.0,0.25,91008.02,51336.49,0.5640874725274725,0.2446823537116759,0.0,0.0,0.0,1.0,0.009627668437910795,0.07692307692307693,1.4007929375225359,1.3409491842490402,2.6002292254544814,0.1234676007005254,25,train,-1,organic,,,0
UPI_01202,1,5,5.0,0.2,261023.01,181822.1,0.6965749808429119,0.24306528793877566,0.0,0.0,0.0,1.0,0.01379591666414735,0.05555555555555555,1.5892584899655922,1.438540481100839,3.000264490909017,0.1,3,train,-1,organic,,,0
UPI_01203,1,5,5.0,0.2,86007.58,184146.82,0.4670598187949107,0.24348693321257983,0.0,0.0,0.0,1.0,0.011694427057330915,0.125,1.0995100158441962,1.032919282943827,2.6669017696969037,0.12167606768734891,26,train,-1,organic,,,0
UPI_01204,2,5,2.5,0.4,250644.27,90119.07,0.3595497158132499,0.2964020740833282,0.05,0.0,0.16666666666666666,0.8831038398712359,0.01147403288245342,0.06666666666666667,1.719318245534509,1.539945889303469,2.5002204090908475,0.12642986152919927,6,train,-1,organic,,,0
UPI_01205,2,8,4.0,0.25,112406.09,162762.08,0.6906159612794599,0.25282318599387665,0.022222222222222223,0.0,0.0,0.9754647049664482,0.02212774968518517,0.03225806451612903,1.6015970546825433,1.5883743132133497,3.100273307272651,0.10567514677103718,27,train,-1,organic,,,0
UPI_01206,6,7,1.1666666666666667,0.8571428571428571,334817.48,85454.15,0.25522608399656904,0.3569782312437029,0.03896103896103896,0.0,0.08333333333333333,0.3519448534800868,0.019156111874149256,0.038461538461538464,1.9423573497001818,1.6240247714862537,2.1668576878787342,0.12611377655928718,32,train,-1,organic,,,0
UPI_01207,1,2,2.0,0.5,237020.89,49188.03,0.20752611814345992,0.24579742636011256,0.0,0.0,0.0,1.0,0.010786554145390304,0.15384615384615385,1.877422634002672,1.2571089919013194,4.3337153757574685,0.12436224489795919,8,train,-1,organic,,,0
UPI_01208,0,88,88.0,0.0,0.0,13849720.93,0.0,0.24082620613995356,0.0006530825496342738,0.0,0.0,1.0,0.12641237978170913,0.03910614525139665,0.4464980926798103,0.44761777964557,2.0342702419420986,0.11376146788990826,15,train,-1,organic,,,0
UPI_01209,2,5,2.5,0.4,70706.52,27198.37,0.3846656074536611,0.3401291067478919,0.0,0.0,0.16666666666666666,0.6246435727384116,0.01559387352274266,0.05263157894736842,1.440824871104005,1.4936139530457357,3.1669458515150732,0.11764705882352941,18,train,-1,organic,,,0
UPI_01210,30,4,0.13333333333333333,0.13333333333333333,413019.36,1645778.83,0.2509567833727084,2.437115530834887,0.0392156862745098,0.3448275862068966,0.0,0.06959620316787214,0.11363577028091636,0.01875,3.3720388970495803,3.0669060349741875,4.706297240641596,0.11764705882352941,18,train,-1,organic,,,0
UPI_01211,4,10,2.5,0.4,60782.13,53945.06,0.88751508183143,0.5554988926653911,0.011363636363636364,0.2727272727272727,0.2727272727272727,0.5956007124541417,0.034006413786505645,0.06382978723404255,1.8685032938643122,1.7406287300694248,4.273103971900721,0.12611377655928718,32,train,-1,organic,,,0
UPI_01212,10,10,1.0,1.0,2236441.15,767701.3,0.3432691707312314,3.4067274630008924,0.08465608465608465,0.8571428571428571,0.05263157894736842,0.19975424506533826,0.029393223315014136,0.05263157894736842,0.6928382771888774,0.9502944203451491,2.000176327272678,0.145478374836173,30,train,-1,organic,,,0
UPI_01213,4,8,2.0,0.5,408238.01,103556.84,0.2536678039956784,0.39463258340229573,0.03125,0.0,0.2,0.4884015131266279,0.025765135607460785,0.030303030303030304,2.9297578838259724,2.09026619091179,3.3002909399999187,0.145478374836173,30,train,-1,organic,,,0
UPI_01214,2,5,2.5,0.4,154493.75,143650.22,0.9298125266984174,0.30171690557307257,0.0,0.0,0.16666666666666666,0.7033632210690224,0.017919838588713155,0.09523809523809523,1.8460786636584545,1.5559807733182003,3.5003085727271865,0.12395709177592372,21,train,-1,organic,,,0
UPI_01215,4,11,2.75,0.36363636363636365,205452.98,169612.46,0.8255536657433084,0.36239420772019976,0.014705882352941176,0.3,0.25,0.5378236660718606,0.03277845346805143,0.022222222222222223,1.9742977639774513,1.6900307018560623,3.7503306136362715,0.12436224489795919,8,train,-1,organic,,,0
UPI_01216,2,5,2.5,0.4,59379.55,64101.93,0.9263302020023627,0.2918594787991043,0.05,0.0,0.16666666666666666,0.5603377703650235,0.014880927776243757,0.05,0.8488020166270418,0.948301455794561,3.3336272121211303,0.13090257023311416,5,train,-1,organic,,,0
UPI_01217,2,7,3.5,0.2857142857142857,148535.78,230626.7,0.6440528507516944,0.3431916710340895,0.02857142857142857,0.0,0.125,0.6656098195954866,0.018894309663739603,0.07407407407407407,1.1771722979827899,0.9414949959732614,3.3752975522726443,0.13090257023311416,5,train,-1,organic,,,0
UPI_01218,1,8,8.0,0.125,199017.54,287083.39,0.693239500521985,0.2431153232862354,0.013888888888888888,0.0,0.0,1.0,0.02082705761953115,0.06896551724137931,1.748973184139765,1.3995627413951033,3.222506305050426,0.1234676007005254,25,train,-1,organic,,,0
UPI_01219,0,76,76.0,0.0,0.0,11767849.87,0.0,0.24082620613995356,0.0015789473684210526,0.0,0.0,1.0,0.10802751524358851,0.05228758169934641,0.4444973943335716,0.47528539225363436,2.0133353820573667,0.11626248216833096,29,train,-1,organic,,,0
UPI_01220,2,4,2.0,0.5,204384.7,37608.63,0.1840090077306144,0.3036654916020655,0.0,0.0,0.2,0.8949488626057611,0.01562914149399969,0.05263157894736842,2.2595227493256322,1.7922516796014052,3.8003350218180882,0.11228070175438597,10,train,-1,organic,,,0
UPI_01221,2,7,3.5,0.2857142857142857,138795.31,110447.14,0.7957555629804124,0.2713456252588767,0.014285714285714285,0.0,0.125,0.7453470433674596,0.022971343249296502,0.03125,1.8276049894168833,1.5209494321572863,4.000352654545356,0.13686313686313686,22,train,-1,organic,,,0
UPI_01222,1,5,5.0,0.2,168014.81,112776.49,0.6712294642857142,0.24318110251457678,0.0,0.0,0.0,1.0,0.012363518348233947,0.0625,1.51522754926263,1.33036062104027,2.6669017696969037,0.10567514677103718,27,train,-1,organic,,,0
UPI_01223,2,6,3.0,0.3333333333333333,221926.27,19616.41,0.08839155877710954,0.2679200682474615,0.0,0.0,0.14285714285714285,0.9741455712792131,0.01865496815916488,0.08333333333333333,2.98100716233697,2.278875992993994,3.428873703896019,0.12642986152919927,6,train,-1,organic,,,0
UPI_01224,1,4,4.0,0.25,35003.09,40608.96,0.8619547458982035,0.2420573961420098,0.0,0.0,0.0,1.0,0.009520670599012165,0.125,1.1574075364764853,1.1268230738663805,1.6001410618181424,0.12013536379018612,23,train,-1,organic,,,0
UPI_01225,4,7,1.75,0.5714285714285714,350936.26,96304.5,0.2744216303132708,0.9663773063737742,0.0,0.0,0.2222222222222222,0.6322656264421866,0.02772508208247837,0.02702702702702703,2.47852893116137,2.047045973636349,4.11147356161606,0.12547528517110265,28,train,-1,organic,,,0
UPI_01226,2,5,2.5,0.4,104595.4,87467.4,0.8362451903301182,0.2833435034473347,0.05,0.0,0.16666666666666666,0.8029825861165347,0.014516304632717332,0.05555555555555555,1.2500877626666735,1.2781545069013367,3.000264490909017,0.12661498708010335,14,train,-1,organic,,,0
UPI_01227,2,5,2.5,0.4,87224.94,102286.68,0.852749759820473,0.2604485156276026,0.0,0.0,0.16666666666666666,0.8875185988286878,0.017700329400448273,0.09090909090909091,1.2642686992311303,1.2540950840588798,3.6669899333332427,0.1234676007005254,25,train,-1,organic,,,0
UPI_01228,1,6,6.0,0.16666666666666666,99008.73,147882.09,0.6695113007082956,0.24328858614406598,0.0,0.0,0.0,1.0,0.011094957218666815,0.06666666666666667,1.1034720114279415,1.0458513710622126,2.143046064935012,0.145478374836173,30,train,-1,organic,,,0
UPI_01229,1,7,7.0,0.14285714285714285,218019.22,88453.11,0.40571243119266054,0.24318110251457678,0.0,0.0,0.0,1.0,0.021781698573157565,0.03333333333333333,2.647825622554661,2.0856935629229625,3.7503306136362715,0.12260967379077616,20,train,-1,organic,,,0
UPI_01230,3,5,1.6666666666666667,0.6,268539.42,44024.87,0.1639419289185085,0.273187392949125,0.03571428571428571,0.0,0.0,0.9740707543460316,0.019203722961758186,0.1,2.497043922758077,2.206388510753452,2.5002204090908475,0.13169845594913715,24,train,-1,organic,,,0
UPI_01231,2,8,4.0,0.25,121072.95,84739.79,0.6999068578586162,0.29763776422377985,0.011363636363636364,0.0,0.1111111111111111,0.8339458897470913,0.035075839323426034,0.020833333333333332,2.5039153474839786,1.9678416933214828,5.3338035393938075,0.11778115501519756,19,train,-1,organic,,,0
UPI_01232,1,6,6.0,0.16666666666666666,132011.64,39369.06,0.2982241666666667,0.24328858614406598,0.0,0.0,0.0,1.0,0.01653652474946566,0.043478260869565216,2.4449435373829718,1.9710012166407742,3.286003966233685,0.11626248216833096,29,train,-1,organic,,,0
UPI_01233,7,19,2.7142857142857144,0.3684210526315789,240853.92,294380.26,0.8181727999838019,0.3355217272810678,0.1095679012345679,0.0,0.04,0.5488659980335822,0.02763589466360571,0.05263157894736842,2.687673402965515,2.7274433808264007,1.5201340087272353,0.145478374836173,30,train,-1,organic,,,0
UPI_01234,3,6,2.0,0.5,384000.3,441791.05,0.8691898691596487,0.5560522579751389,0.04285714285714286,0.375,0.125,0.5003547811141303,0.024373059464397506,0.06666666666666667,1.1827922946552174,1.0926565690409034,3.7503306136362715,0.13090257023311416,5,train,23,stealth_cycle,23,stealth_cycle,1
UPI_01235,1,3,3.0,0.3333333333333333,135511.95,16159.55,0.11924819188191883,0.24206787877384583,0.0,0.0,0.0,1.0,0.006945238243375618,0.125,2.3249997582138633,1.6153962503877926,2.000176327272678,0.12611377655928718,32,train,-1,organic,,,0
UPI_01236,5,5,1.0,1.0,424546.31,34846.62,0.0820796728680917,1.9105083209270062,0.0,0.6666666666666666,0.1111111111111111,0.2942245364044412,0.027897960229907807,0.05128205128205128,0.6924883482931217,0.863023623016705,4.3337153757574685,0.11778115501519756,19,train,-1,organic,,,0
UPI_01237,3,4,1.3333333333333333,0.75,787572.1,422300.73,0.5362058010546173,2.9820167746030832,0.0,0.6666666666666666,0.0,0.44201029664207475,0.037852838194484324,0.038461538461538464,0.8965662754443483,0.7979226845024292,7.429226358441376,0.12547528517110265,28,train,27,layered_fanin,27,layered_fanin,1
UPI_01238,1,6,6.0,0.16666666666666666,160014.11,26770.79,0.1673026875,0.24330955140773808,0.0,0.0,0.0,1.0,0.01801539565687177,0.041666666666666664,2.806062243311432,2.115561587643737,3.428873703896019,0.1234676007005254,25,train,-1,organic,,,0
UPI_01239,1,7,7.0,0.14285714285714285,176015.52,64315.69,0.36539784090909083,0.24499596870931775,0.0,0.0,0.0,1.0,0.018220056877864425,0.045454545454545456,2.2572453221534325,1.8211989653050316,2.7502424499999325,0.13169845594913715,24,train,-1,organic,,,0
UPI_01240,47,5,0.10638297872340426,0.10638297872340426,851914.95,2161717.62,0.3940916908719695,2.9757789751701442,0.016214177978883863,0.23076923076923078,0.0,0.16821500838539297,0.15052907923253617,0.009345794392523364,3.195164045184905,2.830972555565606,4.1157474426572405,0.13169845594913715,24,train,23,stealth_cycle,23,stealth_cycle,1
UPI_01241,2,6,3.0,0.3333333333333333,88983.4,115302.24,0.771740435249325,0.2617265672643178,0.0,0.0,0.14285714285714285,0.9783117159422807,0.01806975648794607,0.12,2.1852382481996546,1.449892209434522,3.571743441558354,0.12661498708010335,14,train,-1,organic,,,0
UPI_01242,3,7,2.3333333333333335,0.42857142857142855,284008.77,88738.37,0.3124494139153676,1.0073557776556332,0.0,0.25,0.0,0.4792806890951213,0.027586705565755387,0.05128205128205128,1.69595557015819,1.575015813718899,3.900343838181722,0.10630407911001236,13,train,-1,organic,,,0
UPI_01243,3,5,1.6666666666666667,0.6,79452.74,48465.87,0.609996206215714,0.4717367134088397,0.0,0.0,0.3333333333333333,0.35950107018244765,0.022687805629747208,0.03225806451612903,1.3407266870327887,1.4647556278911182,5.167122178787752,0.12642986152919927,6,train,-1,organic,,,0
UPI_01244,1,6,6.0,0.16666666666666666,130011.46,49609.02,0.3815742307692308,0.24302917371621402,0.0,0.0,0.0,1.0,0.01937594481131855,0.08695652173913043,2.311088658368474,1.8194865966944072,3.286003966233685,0.11512415349887133,11,train,-1,organic,,,0
UPI_01245,1,3,3.0,0.3333333333333333,188016.57,32305.92,0.17182484042553192,0.243732248474595,0.0,0.0,0.0,1.0,0.012262558406821162,0.08333333333333333,1.845994175523765,1.5342987413965314,3.000264490909017,0.12436224489795919,8,train,-1,organic,,,0
UPI_01246,4,7,1.75,0.5714285714285714,132801.3,65384.41,0.4923477058706183,0.3916515670514618,0.009615384615384616,0.0,0.375,0.3864842274388319,0.02743747917313261,0.027777777777777776,1.4529560933764665,1.4512609109293373,4.500396736363525,0.11764705882352941,18,train,-1,organic,,,0
UPI_01247,2,8,4.0,0.25,225256.28,142768.44,0.6338044708755359,0.2765177951306103,0.0,0.0,0.1111111111111111,0.8815770129846778,0.023477173136407677,0.0625,2.219983195577126,1.6357213813698803,3.5558690262625383,0.1330166270783848,1,train,-1,organic,,,0
UPI_01248,1,5,5.0,0.2,207018.25,134251.6,0.6485012560386474,0.24306528793877566,0.0,0.0,0.0,1.0,0.013199916400529463,0.125,1.5020267706038906,1.5118984181239226,2.6669017696969037,0.1234676007005254,25,train,-1,organic,,,0
UPI_01249,2,8,4.0,0.25,233309.54,145338.24,0.6229417104460617,0.250537689051401,0.011111111111111112,0.0,0.0,0.9890106405536034,0.022469049886863428,0.07142857142857142,2.2091452783111865,2.120483493099699,2.8002468581817492,0.1234676007005254,25,train,-1,organic,,,0
UPI_01250,4,9,2.25,0.4444444444444444,90430.78,73467.95,0.8124218877957896,0.7245954490742863,0.02,0.375,0.3,0.5819084809804773,0.020898143768419742,0.034482758620689655,1.4249336805477109,1.2024878907489587,2.900255674545383,0.10630407911001236,13,train,-1,organic,,,0
UPI_01251,4,9,2.25,0.4444444444444444,533274.75,436805.44,0.819100165343986,0.9630949742567543,0.01948051948051948,0.45454545454545453,0.08333333333333333,0.3505887906188585,0.05104040107673192,0.027777777777777776,3.0118990387492754,2.074166223471,6.000528981818034,0.11626248216833096,29,train,-1,organic,,,0
UPI_01252,3,5,1.6666666666666667,0.6,368310.78,104736.49,0.28436988320056095,1.0318554885469384,0.0,0.2857142857142857,0.14285714285714285,0.5640724428463022,0.017142571433333254,0.08333333333333333,1.7743639540846081,1.528646204850016,3.428873703896019,0.12642986152919927,6,train,-1,organic,,,0
UPI_01253,2,3,1.5,0.6666666666666666,160158.68,209946.25,0.762855637849481,0.7146070243532481,0.0,0.75,0.0,0.8488382648070449,0.02209584851740948,0.03333333333333333,0.28566256937374057,0.15459735999626134,6.000528981818034,0.145478374836173,30,train,-1,organic,,,0
UPI_01254,2,6,3.0,0.3333333333333333,278041.26,256939.58,0.9241059396601103,0.2617112256001208,0.0,0.0,0.14285714285714285,0.9576533614477216,0.017755285842947204,0.13043478260869565,1.6301115746760577,1.4546794573520276,3.286003966233685,0.110055423594616,17,train,-1,organic,,,0
UPI_01255,2,9,4.5,0.2222222222222222,152742.42,241643.66,0.6320977495625819,0.30455404294122546,0.009259259259259259,0.0,0.1,0.8807140558088353,0.02870884553584996,0.02702702702702703,1.7821278020424516,1.4551087713316537,3.7003262054544543,0.11402027027027027,0,train,-1,organic,,,0
UPI_01256,3,5,1.6666666666666667,0.6,244204.45,105784.29,0.4331791920581506,0.6200219858234832,0.0,0.0,0.14285714285714285,0.7592752699878688,0.01779014038792785,0.04,1.9772427944510744,1.6231658099536337,3.571743441558354,0.10888252148997135,12,train,-1,organic,,,0
UPI_01257,1,8,8.0,0.125,79006.96,60683.02,0.7680717721518987,0.24323651184103853,0.0,0.0,0.0,1.0,0.027476834034638423,0.02564102564102564,2.446944139021997,1.7139565138466037,4.3337153757574685,0.13090257023311416,5,train,-1,organic,,,0
UPI_01258,2,2,1.0,1.0,2553829.77,1293298.23,0.5064152080582655,3.629743473682003,0.0,1.0,0.0,0.5055528606995385,0.018985936005630873,0.038461538461538464,0.3884142676910101,0.6762282342989877,6.500573063636203,0.3680672268907563,31,train,-1,organic,,,0
UPI_01259,5,11,2.2,0.45454545454545453,308070.6,378209.98,0.8145490953645367,0.398649560623717,0.1059322033898305,0.42857142857142855,0.14285714285714285,0.7772419151281371,0.02256681531529013,0.0625,1.653747627448699,1.4496720746296607,2.285915802597346,0.1281767955801105,9,train,-1,organic,,,0
UPI_01260,1,6,6.0,0.16666666666666666,183016.13,228259.44,0.801789980797349,0.24499596870931775,0.0,0.0,0.0,1.0,0.022138491753753466,0.037037037037037035,1.602613516404386,1.3071805051146483,3.857482916883022,0.13686313686313686,22,train,-1,organic,,,0
UPI_01261,40,8,0.2,0.2,451509.88,1386460.36,0.32565653859887306,3.019773969517057,0.01064773735581189,0.34210526315789475,0.02127659574468085,0.07457559067650324,0.18647595818638255,0.011320754716981131,2.631073170738999,2.20464872760263,5.638794965183614,0.12661498708010335,14,train,-1,organic,,,0
UPI_01262,1,5,5.0,0.2,236020.81,95514.29,0.40468588983050846,0.2431153232862354,0.0,0.0,0.0,1.0,0.00919035523275851,0.07692307692307693,1.6025104373637933,1.4335873070141179,2.1668576878787342,0.1330166270783848,1,train,-1,organic,,,0
UPI_01263,3,8,2.6666666666666665,0.375,156369.79,93009.37,0.5948039349430827,0.28609688258498656,0.0,0.0,0.2222222222222222,0.8403679916362446,0.02494385086185692,0.058823529411764705,2.415520982062988,1.7499813943617328,3.778110840403947,0.12167606768734891,26,train,-1,organic,,,0
UPI_01264,19,0,0.0,0.0,951183.85,0.0,0.0,0.8518857992182794,0.0,0.0,0.0,0.06249498046747547,0.034203564652753655,0.0625,0.426469120284608,0.42214522752478506,2.526538518660225,0.12395709177592372,21,train,-1,organic,,,0
UPI_01265,2,5,2.5,0.4,97369.31,96297.83,0.988995665911708,0.2687506629770567,0.0,0.0,0.16666666666666666,0.9144333560229527,0.013071813679854742,0.05555555555555555,1.4182967678880625,1.218208716020294,3.000264490909017,0.13686313686313686,22,train,-1,organic,,,0
UPI_01266,3,6,2.0,0.5,89969.91,52337.65,0.5817239682808227,0.2875342674373721,0.014705882352941176,0.0,0.2857142857142857,0.6988628714744551,0.017171107703388193,0.041666666666666664,1.6074197726712078,1.6158546809983756,3.428873703896019,0.11228070175438597,10,train,-1,organic,,,0
UPI_01267,2,5,2.5,0.4,231463.94,108871.06,0.47035860236150895,0.2800297145484786,0.0,0.0,0.0,0.8905766500792642,0.014173880540270922,0.0625,1.6256599651977408,1.4491818734102448,2.285915802597346,0.11376146788990826,15,train,-1,organic,,,0
UPI_01268,2,7,3.5,0.2857142857142857,81785.34,76959.8,0.9409975503230508,0.3454692395361588,0.0,0.0,0.125,0.719808577806071,0.024979800851394878,0.029411764705882353,1.7790755224133188,1.381371473779111,4.250374695454441,0.12167606768734891,26,train,-1,organic,,,0
UPI_01269,3,8,2.6666666666666665,0.375,165667.96,79380.43,0.4791537581851645,0.3479375642656308,0.009259259259259259,0.0,0.1,0.6900800993219377,0.028692529262394774,0.025,2.431451833126951,1.8962142338145345,4.000352654545356,0.12642986152919927,6,train,-1,organic,,,0
UPI_01270,4,5,1.25,0.8,452253.03,480596.49,0.9410244157307401,1.3830123701071289,0.027777777777777776,0.0,0.0,0.4629835254531896,0.02405492784837782,0.06060606060606061,2.2469278946564746,1.758570874528669,3.6669899333332427,0.13686313686313686,22,train,-1,organic,,,0
UPI_01271,2,9,4.5,0.2222222222222222,121342.54,75734.77,0.6241402916167761,0.3044165932627053,0.037037037037037035,0.0,0.1,0.7792094039755906,0.015400332818303684,0.045454545454545456,1.59897471586971,1.5492716888421676,2.200193959999946,0.11764705882352941,18,train,-1,organic,,,0
UPI_01272,5,10,2.0,0.5,201397.46,99843.15,0.4957517815474062,0.36155748940089816,0.014705882352941176,0.0,0.25,0.8466556905061209,0.030079082922182906,0.023809523809523808,2.7778210387689275,2.030703968172241,3.5003085727271865,0.10888252148997135,12,train,-1,organic,,,0
UPI_01273,2,7,3.5,0.2857142857142857,283330.06,86505.5,0.3053170454973839,0.2573104352814318,0.0,0.0,0.125,0.9564797238879381,0.025993326255956538,0.058823529411764705,2.9518636243844933,2.1808549731647258,4.250374695454441,0.1,3,train,-1,organic,,,0
UPI_01274,1,4,4.0,0.25,52004.58,57829.39,0.8992760654735233,0.24322241648606138,0.0,0.0,0.0,1.0,0.01200058002803469,0.125,1.1282810487771684,1.0524155511777857,3.200282123636285,0.11626248216833096,29,train,-1,organic,,,0
UPI_01275,2,5,2.5,0.4,104196.63,53941.06,0.5176852411384711,0.3121370953013186,0.0,0.0,0.16666666666666666,0.8083040536741348,0.014437077623576816,0.1111111111111111,1.559121866812136,1.4238782083658823,3.000264490909017,0.1407942238267148,2,train,-1,organic,,,0
UPI_01276,1,4,4.0,0.25,188016.57,116230.58,0.618193244680851,0.24337124942681343,0.0,0.0,0.0,1.0,0.00891841508203084,0.08333333333333333,1.3087839129584506,1.335513569059717,2.4002115927272136,0.11228070175438597,10,train,-1,organic,,,0
UPI_01277,2,7,3.5,0.2857142857142857,185348.85,55080.72,0.297173226650845,0.32045083183103423,0.0,0.0,0.125,0.7049888798213624,0.027217644762272983,0.05555555555555555,2.5588802389361285,2.0081624142463923,4.500396736363525,0.11228070175438597,10,train,-1,organic,,,0
UPI_01278,1,6,6.0,0.16666666666666666,255022.48,84241.42,0.33032937254901956,0.243419573033526,0.0,0.0,0.0,1.0,0.02023198134322292,0.07142857142857142,2.704205287807959,1.8744742678192081,4.000352654545356,0.11764705882352941,18,train,-1,organic,,,0
UPI_01279,1,3,3.0,0.3333333333333333,113009.96,13845.06,0.12251185840707965,0.243419573033526,0.0,0.0,0.0,1.0,0.008750822323170962,0.09090909090909091,1.841987159787822,1.567797950605379,2.7502424499999325,0.13686313686313686,22,train,-1,organic,,,0
UPI_01280,3,1,0.3333333333333333,0.3333333333333333,1306457.94,762564.55,0.5836885597797582,5.391437657505099,0.0,0.5,0.0,0.5319113508305493,0.0157858230552743,0.09090909090909091,0.6313087659248923,0.5824438405034819,5.500484899999865,0.3680672268907563,31,train,-1,organic,,,0
UPI_01281,2,6,3.0,0.3333333333333333,243731.71,127505.59,0.5231391198941103,0.25945096838525855,0.0,0.2857142857142857,0.0,0.986063623866746,0.01422475437312414,0.058823529411764705,1.7369639940052513,1.7038138427051366,2.1251873477272203,0.11626248216833096,29,train,-1,organic,,,0
UPI_01282,148,0,0.0,0.0,2065238.81,0.0,0.0,6.970316128600321,0.0009192866335723479,0.0,0.0,0.23815843269220527,0.2397194635793736,0.011730205278592375,3.4422770167362895,2.9607860585099948,2.304257187837781,0.11764705882352941,18,train,-1,organic,,,0
UPI_01283,3,8,2.6666666666666665,0.375,257548.37,166265.35,0.6455693911989434,0.4717484766595172,0.0,0.0,0.0,0.7451925747789155,0.03442727047848806,0.044444444444444446,2.4583797869446045,2.0000757303431524,4.091269760330477,0.1407942238267148,2,train,-1,organic,,,0
UPI_01284,1,7,7.0,0.14285714285714285,104009.17,55224.58,0.53095875,0.24306528793877566,0.017857142857142856,0.0,0.0,1.0,0.018406862455900227,0.038461538461538464,2.2320701007096644,1.660336575771371,3.2502865318181016,0.13686313686313686,22,train,-1,organic,,,0
UPI_01285,1,3,3.0,0.3333333333333333,90007.93,19431.42,0.21588566666666667,0.244378968878547,0.0,0.0,0.0,1.0,0.00804064995253783,0.09090909090909091,1.2425931455638846,1.3314373726107658,2.7502424499999325,0.1234676007005254,25,train,-1,organic,,,0
UPI_01286,2,5,2.5,0.4,360399.54,109271.98,0.30319678699346503,0.4369141634647796,0.0,0.0,0.0,0.743787061461076,0.013377293983995554,0.05555555555555555,1.4037300503542807,1.2924944242515168,2.571655277922015,0.1,3,train,-1,organic,,,0
UPI_01287,3,5,1.6666666666666667,0.6,287389.65,100058.87,0.34816449544482403,0.9781921389856657,0.0,0.2857142857142857,0.14285714285714285,0.43051193001362603,0.023323271736729736,0.06060606060606061,0.9561666238055457,0.9315877383304566,4.714701342857027,0.12395709177592372,21,train,-1,organic,,,0
UPI_01288,1,10,10.0,0.1,100008.82,113386.51,0.8820169186721306,0.2434528213270333,0.0,0.0,0.0,1.0,0.028272525152730536,0.05,2.006105590985349,1.66234497938343,3.636684231404869,0.12547528517110265,28,train,-1,organic,,,0
UPI_01289,2,2,1.0,1.0,118233.33,83619.69,0.7072429531636465,2.7684278223503154,0.08333333333333333,1.0,0.0,0.8908818817973372,0.018091957803121707,0.04,0.4767290400398716,0.44510934974360894,6.250551022727119,0.12611377655928718,32,train,-1,organic,,,0
UPI_01290,12,4,0.3333333333333333,0.3333333333333333,1470804.01,764374.61,0.51969848389618,3.1727563029045065,0.004166666666666667,0.6153846153846154,0.0,0.2114746610431465,0.06178751274367451,0.09411764705882353,0.5669895293093691,0.6307596169120827,5.312968369318051,0.13686313686313686,22,train,14,fast_cycle,14,fast_cycle,1
UPI_01291,2,9,4.5,0.2222222222222222,147255.4,259435.87,0.5675984626830576,0.25346421991688767,0.0,0.0,0.1,0.9967126201867538,0.02096441110487266,0.034482758620689655,1.7780223698991708,1.5416336853899093,2.900255674545383,0.1234676007005254,25,train,-1,organic,,,0
UPI_01292,2,6,3.0,0.3333333333333333,217044.02,103979.44,0.479070718570575,0.27685149204392245,0.0,0.0,0.14285714285714285,0.8031072961446741,0.022699513160530916,0.06451612903225806,2.2705410653236022,1.6458510241727504,4.428961867532359,0.1407942238267148,2,train,-1,organic,,,0
UPI_01293,2,7,3.5,0.2857142857142857,129725.35,214732.94,0.6041241090881774,0.27652544937622814,0.0,0.0,0.125,0.7755015239463108,0.015329227087595886,0.1,1.2340353797132957,1.1630119720453609,2.5002204090908475,0.12436224489795919,8,train,-1,organic,,,0
UPI_01294,2,1,0.5,0.5,1551576.75,1142348.88,0.736250323626766,3.7374622713961734,0.0,1.0,0.0,0.7788235342941272,0.017768652149019765,0.043478260869565216,0.28769666221193635,0.374211835914503,7.6673425878786,0.3680672268907563,31,train,-1,organic,,,0
UPI_01295,1,7,7.0,0.14285714285714285,245021.6,122030.5,0.49803975510204085,0.24312818349492235,0.017857142857142856,0.0,0.0,1.0,0.01751595021889099,0.04,2.274652828997556,2.076303792590057,3.1252755113635593,0.13686313686313686,22,train,-1,organic,,,0
UPI_01296,2,10,5.0,0.2,136209.25,112349.21,0.824828094901189,0.31157989966296745,0.0,0.2222222222222222,0.09090909090909091,0.8868717673727091,0.02458387177502383,0.029411764705882353,2.0088136326084856,1.8805290315662548,3.0911815966941387,0.1234676007005254,25,train,-1,organic,,,0
UPI_01297,2,4,2.0,0.5,205301.55,56156.34,0.27353101285076803,0.43061446945152526,0.0,0.0,0.0,0.9685222344279261,0.01051906361132394,0.14285714285714285,1.834562878294106,1.6657439664276306,2.3335390484847913,0.12642986152919927,6,train,-1,organic,,,0
UPI_01298,3,6,2.0,0.5,232700.9,143496.4,0.6166559631432627,0.28061076262661855,0.0,0.0,0.2857142857142857,0.9122409461866231,0.018499597034240527,0.08333333333333333,1.982652972781713,1.6666924280637194,3.428873703896019,0.13169845594913715,24,train,-1,organic,,,0
UPI_01299,2,4,2.0,0.5,92493.47,47298.16,0.511367533788065,0.2868754474982667,0.03333333333333333,0.3333333333333333,0.0,0.9683957266238317,0.0166548617623342,0.05,1.8951851284276882,1.6312781878031901,3.3336272121211303,0.11228070175438597,10,train,-1,organic,,,0
UPI_01300,20,1,0.05,0.05,935065.6,46089.48,0.049290106473253416,1.8111652099492963,0.0,0.0,0.0,0.07336250919301349,0.038270508300632014,0.038461538461538464,0.42297456685948576,0.4063915580454235,2.4764087861471253,0.12260967379077616,20,train,-1,organic,,,0
UPI_01301,1,7,7.0,0.14285714285714285,114010.05,93632.11,0.8212619298245614,0.24285468123492607,0.0,0.0,0.0,1.0,0.02004105116550465,0.07407407407407407,1.9548521260156067,1.783101520450077,3.3752975522726443,0.11228070175438597,10,train,-1,organic,,,0
UPI_01302,45,36,0.8,0.8,880636.33,2330501.97,0.37787409990210163,3.395384467598501,0.04480840543881335,0.4864864864864865,0.05194805194805195,0.04730443557420348,0.16753008395585958,0.016736401673640166,3.3308094125721266,2.8166737824297106,3.1041697546634417,0.145478374836173,30,train,-1,organic,,,0
UPI_01303,1,5,5.0,0.2,138012.17,49691.97,0.360055,0.24285468123492607,0.03333333333333333,0.0,0.0,1.0,0.011421865766003196,0.06666666666666667,1.8108246475473873,1.5884734779770298,2.5002204090908475,0.12661498708010335,14,train,-1,organic,,,0
UPI_01304,2,6,3.0,0.3333333333333333,57430.47,52099.41,0.9071736710282086,0.2641870540096734,0.037037037037037035,0.0,0.14285714285714285,0.9515883801081271,0.015137863788993792,0.058823529411764705,1.4863513814294966,1.2477950750104878,2.42878554025968,0.13686313686313686,22,train,-1,organic,,,0
UPI_01305,5,6,1.2,0.8333333333333334,409872.61,166201.68,0.4054959431625023,1.5168128850810467,0.0,0.5555555555555556,0.1,0.27880494170272957,0.026910677794992566,0.05263157894736842,1.015492907677031,1.1129448682855774,3.8003350218180882,0.11626248216833096,29,train,-1,organic,,,0
UPI_01306,1,4,4.0,0.25,94008.29,85444.73,0.9089063829787234,0.2422792273072743,0.0,0.0,0.0,1.0,0.00903798830812967,0.09090909090909091,1.606487221290804,1.3457900315859503,2.200193959999946,0.13169845594913715,24,train,-1,organic,,,0
UPI_01307,1,3,3.0,0.3333333333333333,147012.96,18865.98,0.1283287074829932,0.24489658993979904,0.0,0.0,0.0,1.0,0.00985147428996762,0.15384615384615385,1.5591660726594303,1.4737470019849992,3.2502865318181016,0.12436224489795919,8,train,-1,organic,,,0
UPI_01308,3,7,2.3333333333333335,0.42857142857142855,201375.16,68591.09,0.34061343955506784,0.2965139937802473,0.046511627906976744,0.0,0.25,0.767968229464088,0.027747375560728215,0.05263157894736842,2.151826340176606,1.9270166822385684,4.7504187772726105,0.11512415349887133,11,train,-1,organic,,,0
UPI_01309,2,7,3.5,0.2857142857142857,212280.25,128204.68,0.6039406856277402,0.27536973337718945,0.02857142857142857,0.0,0.125,0.8746515440446834,0.02378956150386374,0.0625,2.2627046121471555,1.743317642754384,4.000352654545356,0.11626248216833096,29,train,-1,organic,,,0
UPI_01310,3,5,1.6666666666666667,0.6,386536.67,116149.12,0.3004866797917189,0.8076488535855749,0.0,0.42857142857142855,0.14285714285714285,0.49461456937582116,0.02043609931239573,0.034482758620689655,1.661178229745282,1.558048853260036,4.143222392207691,0.12661498708010335,14,train,-1,organic,,,0
UPI_01311,1,5,5.0,0.2,151013.31,103627.5,0.6862143046357616,0.2431153232862354,0.0,0.0,0.0,1.0,0.010862262488584568,0.06666666666666667,1.4792497051301956,1.3007976169694833,2.5002204090908475,0.12167606768734891,26,train,-1,organic,,,0
UPI_01312,4,1,0.25,0.25,3405892.89,132643.48,0.0389452891230115,2.3013784428223842,0.0,1.0,0.0,0.2742845867435243,0.015137062951470787,0.1,0.42005012482537213,0.4023322109658953,4.000352654545356,0.11764705882352941,18,train,-1,organic,,,0
UPI_01313,5,2,0.4,0.4,3270988.13,223956.16,0.06846743380545749,4.952460221025609,0.11904761904761904,0.5,0.0,0.29123934299772913,0.019803452768663275,0.07407407407407407,0.703629931389874,0.8271389517462153,3.857482916883022,0.12642986152919927,6,train,-1,organic,,,0
UPI_01314,1,5,5.0,0.2,29502.6,24714.7,0.8377125423728814,0.24237829693231888,0.0,0.0,0.0,1.0,0.017037738178525868,0.043478260869565216,2.522140076999785,1.7324446198391152,3.8336712939393,0.12321792260692464,7,train,-1,organic,,,0
UPI_01315,4,5,1.25,0.8,137775.26,100503.82,0.7294765630653954,0.6201630884896471,0.0,0.2857142857142857,0.2857142857142857,0.5250805279587946,0.02868765912685922,0.05555555555555555,1.6076078424622582,1.4342518824771233,5.14331055584403,0.13090257023311416,5,train,-1,organic,,,0
UPI_01316,1,4,4.0,0.25,265023.36,208039.76,0.7849864905660378,0.24306528793877566,0.0,0.0,0.0,1.0,0.013925346282379738,0.1111111111111111,1.5805256067081552,1.3867548410861457,3.6003173890908204,0.12661498708010335,14,train,-1,organic,,,0
UPI_01317,3,7,2.3333333333333335,0.42857142857142855,124082.53,44257.78,0.3566802037436612,0.2866326886184112,0.023255813953488372,0.0,0.25,0.820944018042172,0.015946307843472916,0.058823529411764705,1.7337360224572174,1.5233733776660767,2.1251873477272203,0.13686313686313686,22,train,-1,organic,,,0
UPI_01318,2,9,4.5,0.2222222222222222,123621.87,261240.49,0.4732109790823324,0.25994626729501236,0.01818181818181818,0.0,0.0,0.9742745340043377,0.02513511621101289,0.05714285714285714,1.7172772627589155,1.3257130493781837,3.1820987024792604,0.1281767955801105,9,train,-1,organic,,,0
UPI_01319,2,6,3.0,0.3333333333333333,213675.83,49621.88,0.2322297529324924,0.2663900574107893,0.018518518518518517,0.0,0.14285714285714285,0.8722109468958406,0.024692343378211874,0.030303030303030304,2.9309605104551655,2.09559468571526,4.714701342857027,0.11778115501519756,19,train,-1,organic,,,0
UPI_01320,2,8,4.0,0.25,278762.23,201851.69,0.724099857909405,0.29970040364643447,0.011111111111111112,0.25,0.0,0.9528244804708828,0.022779804516847663,0.0625,2.1601913066630707,2.0707090855064476,3.200282123636285,0.145478374836173,30,train,-1,organic,,,0
UPI_01321,2,8,4.0,0.25,63723.33,52134.26,0.8181345500332639,0.3136554134157364,0.011363636363636364,0.0,0.1111111111111111,0.5985096619274299,0.02818681831696899,0.05,1.7089349527890623,1.7640742653212036,4.444836282828174,0.12321792260692464,7,train,-1,organic,,,0
UPI_01322,41,7,0.17073170731707318,0.17073170731707318,541152.74,832210.45,0.6502594782789939,2.86720999294275,0.014184397163120567,0.3333333333333333,0.0,0.04264738071531041,0.17423634565505403,0.012048192771084338,1.5449492906435107,1.2971140659240503,5.187957348863509,0.10630407911001236,13,train,-1,organic,,,0
UPI_01323,3,6,2.0,0.5,146225.43,84364.46,0.5769479143170619,0.33002812999797687,0.029411764705882353,0.42857142857142855,0.2857142857142857,0.8089047096409925,0.018999671683914074,0.041666666666666664,1.8547775526453192,1.5421826787973152,3.428873703896019,0.12611377655928718,32,train,-1,organic,,,0
UPI_01324,49,100,2.0408163265306123,0.49,2824757.46,3022574.97,0.934553316001483,4.109066090474853,0.04045586632764257,0.8666666666666667,0.1037037037037037,0.09615531651998158,0.16570028009537288,0.017241379310344827,2.6203107057152595,2.2653744155148905,1.718670029360227,0.145478374836173,30,train,-1,organic,,,0
UPI_01325,1,6,6.0,0.16666666666666666,57005.03,38315.66,0.6721452631578947,0.24312818349492235,0.0,0.0,0.0,1.0,0.011579260338560687,0.0625,1.4624076017165566,1.463756581583237,2.285915802597346,0.12321792260692464,7,train,-1,organic,,,0
UPI_01326,11,20,1.8181818181818181,0.55,551790.58,278987.96,0.5056047941543107,0.40461247913139575,0.1038961038961039,0.625,0.10714285714285714,0.30552281981249846,0.0369476789874565,0.0392156862745098,2.3911452945823157,1.6029272460841524,1.8215891551947603,0.145478374836173,30,train,-1,organic,,,0
UPI_01327,2,7,3.5,0.2857142857142857,271428.24,111853.84,0.41209360308242715,0.2989449714521471,0.0,0.0,0.125,0.7677171309476125,0.026460236912000553,0.05714285714285714,2.4331435730582553,1.9767202059635356,4.375385715908983,0.12167606768734891,26,train,-1,organic,,,0
UPI_01328,2,9,4.5,0.2222222222222222,53227.71,39526.74,0.74259709426485,0.25869347266058423,0.0,0.0,0.1,0.6896307876622101,0.028472666544312616,0.02564102564102564,2.046437754260466,1.4853984359209373,3.900343838181722,0.12167606768734891,26,train,-1,organic,,,0
UPI_01329,2,8,4.0,0.25,177960.2,238163.31,0.7472192152667034,0.2721111912621192,0.022727272727272728,0.0,0.1111111111111111,0.9894405661157326,0.02400548003887756,0.030303030303030304,1.9896622583925705,1.4393406469174985,3.6669899333332427,0.12013536379018612,23,train,-1,organic,,,0
UPI_01330,3,7,2.3333333333333335,0.42857142857142855,212919.71,57938.21,0.27211293665495323,0.8830386953136992,0.0,0.3333333333333333,0.1111111111111111,0.6918812858256331,0.03530391967652195,0.04,3.118767126871629,2.2226946628286313,5.556045353535216,0.11228070175438597,10,train,-1,organic,,,0
UPI_01331,2,6,3.0,0.3333333333333333,170429.69,177017.9,0.9627822894268769,0.3079640955059889,0.0,0.2857142857142857,0.14285714285714285,0.9221416393363602,0.019731513378656265,0.037037037037037035,1.5496881177783153,1.1529535244909366,3.857482916883022,0.13090257023311416,5,train,-1,organic,,,0
UPI_01332,18,0,0.0,0.0,874327.08,0.0,0.0,1.3357361309905644,0.0,0.0,0.0,0.07414848087854052,0.03165500520788785,0.045454545454545456,0.5430189448521855,0.5448491290458977,2.4446599555554958,0.1281767955801105,9,train,-1,organic,,,0
UPI_01333,2,5,2.5,0.4,402728.48,119685.42,0.29718638253887614,0.27586100231816707,0.0,0.0,0.16666666666666666,0.8914449049794781,0.014379382840882741,0.05,1.6381267570796156,1.620015206510141,3.3336272121211303,0.11626248216833096,29,train,-1,organic,,,0
UPI_01334,4,7,1.75,0.5714285714285714,224018.1,117460.44,0.5243346212148438,0.39143215633077993,0.0,0.0,0.375,0.7003398158445291,0.024475609075731812,0.058823529411764705,2.099639979770882,1.777599235083632,4.250374695454441,0.12321792260692464,7,train,-1,organic,,,0
UPI_01335,1,7,7.0,0.14285714285714285,210018.51,67882.82,0.3232230476190476,0.2431153232862354,0.0,0.0,0.0,1.0,0.01762554183853202,0.04,2.5375061625680106,1.8868008803665635,3.1252755113635593,0.13090257023311416,5,train,-1,organic,,,0
UPI_01336,1,7,7.0,0.14285714285714285,48004.23,43904.18,0.9145897916666667,0.24499596870931775,0.017857142857142856,0.0,0.0,1.0,0.01910504274851592,0.037037037037037035,1.8476280648928665,1.6932818035380315,3.3752975522726443,0.12167606768734891,26,train,-1,organic,,,0
UPI_01337,2,2,1.0,1.0,311318.91,204975.16,0.6584089502998589,1.6611186177425525,0.0,0.75,0.0,0.5965203969336152,0.028851846768643254,0.025,0.5531538650556912,0.47639259145926316,10.00088163636339,0.13169845594913715,24,train,-1,organic,,,0
UPI_01338,2,8,4.0,0.25,191277.67,143500.46,0.750220654194657,0.3859848351176053,0.0,0.3333333333333333,0.1111111111111111,0.9173483101352649,0.034497772917211934,0.041666666666666664,2.608805651011072,1.9516649157460144,5.3338035393938075,0.12661498708010335,14,train,-1,organic,,,0
UPI_01339,2,3,1.5,0.6666666666666666,322321.9,392968.6,0.8202230471502132,1.625898198338772,0.0,0.8,0.0,0.5001586567938779,0.03051274734597621,0.047619047619047616,0.7927543519966512,0.7879642912603392,8.400740574545248,0.12611377655928718,32,train,-1,organic,,,0
UPI_01340,1,7,7.0,0.14285714285714285,211518.65,249719.11,0.847026257012997,0.26502995034669385,0.017857142857142856,0.5,0.0,1.0,0.024296903249240418,0.06060606060606061,1.6992272357856844,1.4129397588426746,4.125363674999899,0.12167606768734891,26,train,-1,organic,,,0
UPI_01341,2,8,4.0,0.25,85082.06,463801.51,0.1834449850442239,0.2830489321061676,0.022727272727272728,0.0,0.1111111111111111,0.6935082723588992,0.030039514478002943,0.05,4.34855845576153,2.4418319416923557,4.444836282828174,0.10888252148997135,12,train,-1,organic,,,0
UPI_01342,1,6,6.0,0.16666666666666666,253022.31,139446.99,0.5511252964426878,0.24312818349492235,0.0,0.0,0.0,1.0,0.023197824387743902,0.06666666666666667,2.4004672896104413,1.7251338375421974,4.286092129870024,0.11626248216833096,29,train,-1,organic,,,0
UPI_01343,3,6,2.0,0.5,361337.43,93661.82,0.25920872852281995,0.6781605181662982,0.0,0.42857142857142855,0.125,0.5386926312883819,0.01787212864292004,0.041666666666666664,1.6721037657017945,1.6033985174208663,3.000264490909017,0.3680672268907563,31,train,-1,organic,,,0
UPI_01344,4,10,2.5,0.4,416476.1,207311.53,0.49777531851633916,0.5297371219562546,0.0,0.3333333333333333,0.16666666666666666,0.754519348442039,0.05083661591442814,0.014084507042253521,2.713902771114846,2.160572259247784,5.917188301515006,0.12013536379018612,23,train,-1,organic,,,0
UPI_01345,1,4,4.0,0.25,118010.4,57930.04,0.4908892372881356,0.24348693321257983,0.0,0.0,0.0,1.0,0.012824991633696863,0.0625,1.6663974645543866,1.4745812316337865,3.200282123636285,0.1234676007005254,25,train,-1,organic,,,0
UPI_01346,2,5,2.5,0.4,270826.74,52634.26,0.1943466108760221,0.25964061255894894,0.0,0.0,0.16666666666666666,0.9302222083183684,0.024554672694273864,0.06060606060606061,3.1339265936188765,2.018573247482454,5.500484899999865,0.10630407911001236,13,train,-1,organic,,,0
UPI_01347,2,6,3.0,0.3333333333333333,133976.94,116319.79,0.8682075701341088,0.26832426062802117,0.037037037037037035,0.0,0.14285714285714285,0.8751141999369256,0.018937357535837373,0.08,1.6020438041103051,1.5141273779414046,3.571743441558354,0.12436224489795919,8,train,-1,organic,,,0
UPI_01348,2,5,2.5,0.4,56352.78,57663.08,0.9772765271081203,0.33146806219351205,0.0,0.0,0.0,0.6577696453638495,0.016381570460206094,0.05,1.109560869746393,1.0926950555886095,2.857394753246683,0.12013536379018612,23,train,-1,organic,,,0
UPI_01349,3,8,2.6666666666666665,0.375,262719.04,102455.61,0.3899816776722954,0.2980335647965235,0.0,0.4444444444444444,0.2222222222222222,0.9648027148691523,0.02817016141863649,0.05128205128205128,2.988962800534197,2.364962333159901,4.3337153757574685,0.11626248216833096,29,train,-1,organic,,,0
UPI_01350,2,5,2.5,0.4,146920.15,116005.12,0.7895793398825924,0.2575871900063427,0.023809523809523808,0.0,0.0,0.8625337713558157,0.0123489398778141,0.0625,1.3733968227495001,1.112595429368927,2.285915802597346,0.145478374836173,30,train,-1,organic,,,0
UPI_01351,148,1,0.006756756756756757,0.006756756756756757,1827290.52,878.03,0.00048050783134722964,7.418686612138604,0.0008616780045351474,0.0,0.006756756756756757,0.1302629809175748,0.2500765481053907,0.0111731843575419,3.8552475930862355,3.6550477622327495,2.41913217960682,0.13090257023311416,5,train,-1,organic,,,0
UPI_01352,1,5,5.0,0.2,171015.08,99106.83,0.5795209941520467,0.2435043235856035,0.0,0.0,0.0,1.0,0.01145161748416598,0.07142857142857142,1.4779193151324326,1.4623463426021086,2.3335390484847913,0.10567514677103718,27,train,-1,organic,,,0
UPI_01353,2,6,3.0,0.3333333333333333,225105.71,141214.62,0.627325784599451,0.3095490242814229,0.0,0.0,0.14285714285714285,0.844792496892409,0.015776345600770014,0.045454545454545456,1.719156908929996,1.6269152034596113,3.143134228571351,0.12167606768734891,26,train,-1,organic,,,0
UPI_01354,2,8,4.0,0.25,262128.4,113574.1,0.43327660422267705,0.27443741390262294,0.0,0.0,0.1111111111111111,0.8913813392074068,0.021219037785740563,0.06896551724137931,2.446950685225605,1.8677463807074157,3.222506305050426,0.13090257023311416,5,train,-1,organic,,,0
UPI_01355,3,9,3.0,0.3333333333333333,469004.27,360104.78,0.7678070368548541,0.8092129129305893,0.0,0.5454545454545454,0.0,0.5007823248242197,0.03789221851509559,0.0392156862745098,1.8969137811818189,1.367683492050554,4.250374695454441,0.13686313686313686,22,train,35,stealth_cycle,35,stealth_cycle,1
UPI_01356,2,7,3.5,0.2857142857142857,100328.32,80407.12,0.8014398599354782,0.2561030662394002,0.0,0.0,0.0,0.9936510321671734,0.02112531832236023,0.03333333333333333,2.0385833713009336,1.6591910876579754,3.3336272121211303,0.12611377655928718,32,train,-1,organic,,,0
UPI_01357,4,8,2.0,0.5,348519.79,119321.29,0.3423658882615745,0.3985101382109283,0.047619047619047616,0.375,0.3333333333333333,0.8901961314936004,0.022958106182988113,0.06451612903225806,2.098566194265041,1.9018151945202346,3.4447481191918348,0.11512415349887133,11,train,-1,organic,,,0
UPI_01358,3,7,2.3333333333333335,0.42857142857142855,186017.34,42958.48,0.23093802644223196,0.3563667325340889,0.022727272727272728,0.4444444444444444,0.1111111111111111,0.6907451070488619,0.028999699770375503,0.05405405405405406,2.722619688238032,2.2238154717014074,4.11147356161606,0.110055423594616,17,train,-1,organic,,,0
UPI_01359,1,7,7.0,0.14285714285714285,234020.63,124289.1,0.5311031623931625,0.2431153232862354,0.0,0.0,0.0,1.0,0.018423705167315278,0.043478260869565216,2.0679034584233937,1.7215787742746447,2.8752534704544748,0.11626248216833096,29,train,-1,organic,,,0
UPI_01360,3,8,2.6666666666666665,0.375,243186.82,30775.63,0.12655140299988427,0.3117253536918063,0.018518518518518517,0.0,0.1,0.6261943443058102,0.017162981809282492,0.047619047619047616,2.1686542095001338,1.8625633199612046,2.100185143636312,0.11228070175438597,10,train,-1,organic,,,0
UPI_01361,3,8,2.6666666666666665,0.375,256140.79,337542.75,0.758839563478727,0.347549162665852,0.046296296296296294,0.0,0.1,0.7608230277784808,0.017056680296217683,0.08333333333333333,2.3803108314887313,2.061659282444636,2.4002115927272136,0.11626248216833096,29,train,-1,organic,,,0
UPI_01362,1,5,5.0,0.2,163014.37,109710.6,0.6730118404907975,0.243419573033526,0.0,0.0,0.0,1.0,0.010699618320837568,0.06666666666666667,1.4388608755895438,1.4087584985576258,2.5002204090908475,0.145478374836173,30,train,-1,organic,,,0
UPI_01363,2,5,2.5,0.4,304040.96,111687.67,0.3673441394966603,0.9216409890066686,0.0,0.2857142857142857,0.0,0.5078059515134329,0.017493280509823492,0.043478260869565216,1.3504594167896968,1.3481869282705126,3.286003966233685,0.16923076923076924,16,train,-1,organic,,,0
UPI_01364,1,1,1.0,1.0,1241107.57,11699.51,0.009426669899333292,1.0418323662361182,0.0,0.0,0.0,1.0,0.005952835120404358,0.14285714285714285,0.4254542379719217,0.8929355297234639,3.5003085727271865,0.13090257023311416,5,train,-1,organic,,,0
UPI_01365,1,3,3.0,0.3333333333333333,158013.93,14673.36,0.09286120253164556,0.24499596870931775,0.0,0.0,0.0,1.0,0.00820287299930361,0.125,1.5396910390078762,1.5382413150283472,2.000176327272678,0.12260967379077616,20,train,-1,organic,,,0
UPI_01366,2,6,3.0,0.3333333333333333,219761.98,235347.57,0.9337763115993323,0.2666645117263436,0.0,0.0,0.14285714285714285,0.9842653120626565,0.018041619761587514,0.041666666666666664,1.7103991045020044,1.4093551606967876,3.428873703896019,0.12260967379077616,20,train,-1,organic,,,0
UPI_01367,2,3,1.5,0.6666666666666666,270177.86,417155.58,0.6476668841666479,1.3787125642321192,0.0,1.0,0.0,0.5172368114881469,0.03195144057253939,0.023809523809523808,0.36833378291018937,0.28106401958069177,8.400740574545248,0.3680672268907563,31,train,-1,organic,,,0
UPI_01368,1,5,5.0,0.2,75006.61,83695.22,0.8961875464822607,0.24300263629185762,0.0,0.0,0.0,1.0,0.009436744323208493,0.08333333333333333,1.2767562294002406,1.1032724247258792,2.000176327272678,0.11626248216833096,29,train,-1,organic,,,0
UPI_01369,5,6,1.2,0.8333333333333334,291923.11,657648.61,0.44388920201007115,2.8339518480623704,0.06363636363636363,0.75,0.0,0.5419313793577681,0.03233253493260962,0.044444444444444446,2.5560872340804885,1.9362872425565663,4.091269760330477,0.11402027027027027,0,train,-1,organic,,,0
UPI_01370,29,3,0.10344827586206896,0.10344827586206896,562401.99,1179448.71,0.4768346317195991,2.005835079183965,0.020202020202020204,0.12,0.03225806451612903,0.08336471651654664,0.09341691840940397,0.015151515151515152,3.1555417584330514,2.4486775736275703,4.25843992258054,0.11626248216833096,29,train,-1,organic,,,0
UPI_01371,27,5,0.18518518518518517,0.18518518518518517,353024.75,3149477.91,0.11208992751674059,2.1308042892608463,0.012096774193548387,0.19230769230769232,0.0,0.0627562310383696,0.11822395803761682,0.012048192771084338,2.269094689875731,2.2798720286422416,5.187957348863509,0.12395709177592372,21,train,-1,organic,,,0
UPI_01372,1,4,4.0,0.25,95008.38,43883.37,0.4618894736842105,0.24330955140773808,0.05,0.0,0.0,1.0,0.008580166598234781,0.09090909090909091,1.3315982868194227,1.324828922684516,2.200193959999946,0.10888252148997135,12,train,-1,organic,,,0
UPI_01373,4,8,2.0,0.5,95400.58,66931.01,0.7015786515811517,0.3044647391994296,0.015625,0.2857142857142857,0.2,0.6402701384790518,0.017744122045271513,0.043478260869565216,1.3881087425208374,1.3361655117487936,2.3002027763635797,0.1330166270783848,1,train,-1,organic,,,0
UPI_01374,2,6,3.0,0.3333333333333333,212833.76,39528.36,0.18572412658882126,0.36436587453543207,0.018518518518518517,0.0,0.14285714285714285,0.9830884034445295,0.01371749081690198,0.05555555555555555,2.3192591826982487,1.9311498129957503,2.571655277922015,0.1330166270783848,1,train,-1,organic,,,0
UPI_01375,2,6,3.0,0.3333333333333333,611950.26,211674.41,0.3459013341655876,0.28783828108712284,0.0,0.0,0.0,0.5122805587862793,0.01578549396083119,0.047619047619047616,2.022511387350824,1.6663128915134826,2.62523142954539,0.13090257023311416,5,train,-1,organic,,,0
UPI_01376,2,5,2.5,0.4,137365.48,84886.83,0.617963359763215,0.2960938899095853,0.0,0.0,0.16666666666666666,0.6989732609972275,0.013363703003492251,0.058823529411764705,1.2522233326736807,1.2625945253776458,2.833583130302961,0.11778115501519756,19,train,-1,organic,,,0
UPI_01377,2,6,3.0,0.3333333333333333,182690.04,74850.14,0.4097111175086669,0.27448242447577886,0.0,0.0,0.14285714285714285,0.8252191182003601,0.02080589500358435,0.038461538461538464,2.170694313357144,1.7216557796831604,3.714613179220688,0.12436224489795919,8,train,-1,organic,,,0
UPI_01378,3,9,3.0,0.3333333333333333,64236.46,56356.6,0.8773303461890556,0.3070831568241631,0.015625,0.0,0.2,0.749765091384605,0.028372870443289726,0.02564102564102564,1.942345931695183,1.8642948357107414,3.900343838181722,0.10567514677103718,27,train,-1,organic,,,0
UPI_01379,1,4,4.0,0.25,50004.41,57121.86,0.8753988754976205,0.24300263629185762,0.0,0.0,0.0,1.0,0.014676449267515233,0.0625,1.1360217773502836,1.0887600251822143,3.200282123636285,0.13090257023311416,5,train,-1,organic,,,0
UPI_01380,1,7,7.0,0.14285714285714285,123010.84,88470.44,0.7192084552845528,0.2431947146323492,0.0,0.0,0.0,1.0,0.020874930175291427,0.037037037037037035,2.008531620415015,1.7003598352642546,3.3752975522726443,0.1407942238267148,2,train,-1,organic,,,0
UPI_01381,3,5,1.6666666666666667,0.6,121608.4,68336.47,0.5619387639632598,0.2952677822758028,0.0,0.0,0.14285714285714285,0.8817599366262266,0.01354451864175036,0.11764705882352941,1.5648965068865652,1.5025371348038317,2.42878554025968,0.12167606768734891,26,train,-1,organic,,,0
UPI_01382,2,5,2.5,0.4,103715.34,47309.44,0.45614698060482406,0.2942912439831033,0.0,0.0,0.16666666666666666,0.9310793435874549,0.015541060159320535,0.047619047619047616,1.9858806314250164,1.5251957540506558,3.5003085727271865,0.12547528517110265,28,train,-1,organic,,,0
UPI_01383,3,4,1.3333333333333333,0.75,225217.06,75702.64,0.3361319174424941,0.8569586960984029,0.0,0.3333333333333333,0.0,0.4196573743130819,0.018448977838775457,0.09523809523809523,1.0484019093736485,1.0120669244602718,3.000264490909017,0.10630407911001236,13,train,-1,organic,,,0
UPI_01384,1,3,3.0,0.3333333333333333,80007.05,11123.68,0.13903375,0.243732248474595,0.0,0.0,0.0,1.0,0.01014818918889829,0.09090909090909091,1.808707901231832,1.538323493249743,2.7502424499999325,0.12642986152919927,6,train,-1,organic,,,0
UPI_01385,2,5,2.5,0.4,54056.64,55755.59,0.9695286173242403,0.26313949394860997,0.05,0.0,0.16666666666666666,0.9269598369636678,0.01469161883955256,0.1111111111111111,1.2239495194797338,1.1936631916489273,3.000264490909017,0.11764705882352941,18,train,-1,organic,,,0
UPI_01386,1,3,3.0,0.3333333333333333,258022.75,17328.45,0.06715860465116279,0.24285468123492607,0.0,0.0,0.0,1.0,0.00879793525493545,0.08333333333333333,2.0683235326517915,1.6389768562037326,3.000264490909017,0.11228070175438597,10,train,-1,organic,,,0
UPI_01387,3,6,2.0,0.5,49808.83,120334.59,0.413919486373373,0.30024171031364255,0.0,0.0,0.2857142857142857,0.5893335376209148,0.01633867599786607,0.09090909090909091,1.7520444035508203,1.5940846352295739,3.143134228571351,0.10567514677103718,27,train,-1,organic,,,0
UPI_01388,6,8,1.3333333333333333,0.75,166526.28,49344.87,0.29631881502549967,0.7296771567589814,0.011627906976744186,0.0,0.5555555555555556,0.503633693818365,0.03065128637389936,0.023255813953488372,2.361184237670306,1.997721500128053,4.778199004040286,0.12547528517110265,28,train,-1,organic,,,0
UPI_01389,4,6,1.5,0.6666666666666666,313553.67,38801.86,0.12374870437392389,0.44423791031246934,0.0,0.2857142857142857,0.42857142857142855,0.768296094199192,0.024258807566574232,0.06451612903225806,2.8994974532095923,2.172272789336061,4.428961867532359,0.13169845594913715,24,train,-1,organic,,,0
UPI_01390,24,4,0.16666666666666666,0.16666666666666666,1259521.17,17471.48,0.013871525601659836,1.9138689419406407,0.0013227513227513227,0.0,0.0,0.057556839721561434,0.04998306733045146,0.028985507246376812,0.6165987732714492,0.6440987933983021,2.464502974675264,0.1234676007005254,25,train,-1,organic,,,0
UPI_01391,2,7,3.5,0.2857142857142857,107830.61,112979.06,0.9544300167036827,0.2549209555472593,0.013888888888888888,0.0,0.0,0.9667905151473823,0.011138493240326916,0.07142857142857142,1.401149165675176,1.343721711076967,1.5556926989898607,0.10888252148997135,12,train,-1,organic,,,0
UPI_01392,1,8,8.0,0.125,191016.84,127532.09,0.6676484293193717,0.24318110251457678,0.0,0.0,0.0,1.0,0.025218619747580297,0.027777777777777776,2.4891202695027705,1.7950591478681945,4.000352654545356,0.12436224489795919,8,train,-1,organic,,,0
UPI_01393,1,5,5.0,0.2,224019.75,89678.7,0.4003160267857143,0.2435397953398505,0.0,0.0,0.0,1.0,0.013266158593024168,0.058823529411764705,1.9405965740500661,1.5876957686841384,2.833583130302961,0.1234676007005254,25,train,-1,organic,,,0
UPI_01394,1,3,3.0,0.3333333333333333,280024.69,175807.32,0.6278279285714286,0.2446823537116759,0.08333333333333333,0.0,0.0,1.0,0.010710701818736673,0.07142857142857142,1.4172080647273761,1.1537064124400724,3.5003085727271865,0.10630407911001236,13,train,-1,organic,,,0
UPI_01395,1,4,4.0,0.25,273024.07,82735.31,0.30303304029304023,0.24328858614406598,0.0,0.0,0.0,1.0,0.009437886472712273,0.16666666666666666,1.6293572942402743,1.5267594778261293,2.4002115927272136,0.12642986152919927,6,train,-1,organic,,,0
UPI_01396,1,7,7.0,0.14285714285714285,54004.76,98688.62,0.5472237918312054,0.2435397953398505,0.0,0.0,0.0,1.0,0.02093300565980294,0.03571428571428571,1.3333171511911397,1.2278281625314085,3.5003085727271865,0.12642986152919927,6,train,-1,organic,,,0
UPI_01397,1,4,4.0,0.25,266023.45,141519.41,0.531980939849624,0.25696203561111375,0.0,0.4,0.0,1.0,0.01471817799656011,0.0625,1.6788857484129556,1.4278215570162656,3.200282123636285,0.10567514677103718,27,train,-1,organic,,,0
UPI_01398,2,4,2.0,0.5,273659.05,108305.82,0.3957691731826781,0.6051122110888546,0.0,0.0,0.0,0.5521420600963246,0.015551158993321641,0.09090909090909091,1.4624547530950662,1.327984092713517,3.6669899333332427,0.13169845594913715,24,train,-1,organic,,,0
UPI_01399,4,9,2.25,0.4444444444444444,214622.58,163667.08,0.7625808898133425,0.3306242129786511,0.02666666666666667,0.0,0.3,0.7661429725618668,0.03345094466504973,0.046511627906976744,2.2429972900174278,1.7677175047910885,4.300379103636257,0.12436224489795919,8,train,-1,organic,,,0
UPI_01400,3,8,2.6666666666666665,0.375,249002.05,56154.64,0.22551878644116535,0.3989256875883372,0.0,0.0,0.2222222222222222,0.7613979841227437,0.03502259950785951,0.0625,2.6824885885024967,2.342250726829623,5.3338035393938075,0.11402027027027027,0,train,-1,organic,,,0
UPI_01401,6,8,1.3333333333333333,0.75,335254.54,182460.3,0.5442440911102719,0.6896088072984602,0.011111111111111112,0.0,0.07692307692307693,0.6229768093259951,0.026723285792500908,0.02702702702702703,2.1708197113261476,1.7528395244089205,2.8464047734265034,0.12547528517110265,28,train,-1,organic,,,0
UPI_01402,34,6,0.17647058823529413,0.17647058823529413,999511.73,2682965.17,0.3725399585231998,8.639277033293185,0.007702182284980745,0.21212121212121213,0.02564102564102564,0.12238046913380742,0.1396396872917306,0.015151515151515152,2.6771803529445526,2.2644227783860185,5.077370676922952,0.12611377655928718,32,train,-1,organic,,,0
UPI_01403,3,8,2.6666666666666665,0.375,188277.68,133894.99,0.7111570272517294,0.27747127483545014,0.018867924528301886,0.0,0.2222222222222222,0.8388411284823233,0.02026322711375659,0.038461538461538464,1.8012962992561368,1.6971463203258776,2.8891435838383126,0.16923076923076924,16,train,-1,organic,,,0
UPI_01404,2,6,3.0,0.3333333333333333,77780.83,165503.45,0.46996498737135545,0.3085605394760169,0.0,0.0,0.14285714285714285,0.6690746125314483,0.0166609061723819,0.045454545454545456,1.3280011560122706,1.265470451274134,3.143134228571351,0.11764705882352941,18,train,-1,organic,,,0
UPI_01405,1,4,4.0,0.25,278024.51,85847.5,0.30877672661870503,0.24499596870931775,0.0,0.0,0.0,1.0,0.008357006241797313,0.09090909090909091,1.5471833734753493,1.4705646411250128,2.200193959999946,0.1281767955801105,9,train,-1,organic,,,0
UPI_01406,3,4,1.3333333333333333,0.75,127544.05,56203.07,0.44065617310557187,0.29875061978070666,0.0,0.0,0.16666666666666666,0.5814323889024977,0.014853613862535845,0.05,1.4160465587443565,1.3572407642860174,3.3336272121211303,0.12436224489795919,8,train,-1,organic,,,0
UPI_01407,4,9,2.25,0.4444444444444444,298983.55,235230.19,0.786766325974632,0.36803509383655897,0.0,0.0,0.18181818181818182,0.7733961271666135,0.0331842247485784,0.043478260869565216,2.4091186521328587,1.8172913618677882,4.182186866115599,0.10567514677103718,27,train,-1,organic,,,0
UPI_01408,2,6,3.0,0.3333333333333333,54888.22,110497.11,0.49673894853321243,0.25641787416399375,0.0,0.0,0.14285714285714285,0.6932058631148152,0.014294004689018673,0.15789473684210525,1.3595218095386477,1.1178950000058419,2.714525015584349,0.145478374836173,30,train,-1,organic,,,0
UPI_01409,29,1,0.034482758620689655,0.034482758620689655,1439476.9,65169.01,0.045272699482405254,1.53582180688522,0.0,0.0,0.0,0.04878711002962068,0.053670141765740614,0.039473684210526314,0.5625318531144899,0.63854803824377,2.5335566812120587,0.145478374836173,30,train,-1,organic,,,0
UPI_01410,38,3,0.07894736842105263,0.07894736842105263,720550.06,1728113.36,0.41695763484294346,3.626475692076617,0.021341463414634148,0.2903225806451613,0.0,0.050631869963916644,0.1205439897958111,0.023255813953488372,2.896529477000636,2.546633667121016,4.195491808425618,0.1,3,train,-1,organic,,,0
UPI_01411,3,5,1.6666666666666667,0.6,180947.57,40551.02,0.22410372493210418,0.3523101854132917,0.0,0.0,0.3333333333333333,0.6247895339537055,0.019988992728004445,0.04,2.0471236722736004,1.809015501160143,4.167034015151413,0.10888252148997135,12,train,-1,organic,,,0
UPI_01412,2,5,2.5,0.4,231043.88,85037.82,0.36805916419502066,0.27722732007795486,0.0,0.3333333333333333,0.16666666666666666,0.9492133234694318,0.013282311650412664,0.10526315789473684,2.006299807736386,1.7179339489723031,3.1669458515150732,0.13090257023311416,5,train,-1,organic,,,0
UPI_01413,2,8,4.0,0.25,117440.34,81957.73,0.697866873700662,0.2690274810984785,0.0,0.0,0.1111111111111111,0.6511728023610023,0.030074111202606425,0.023809523809523808,2.053961620254095,1.6570787689422832,4.667078096969583,0.11764705882352941,18,train,-1,organic,,,0
UPI_01414,1,2,2.0,0.5,208379.75,138191.2,0.6631700173995775,2.022929739235564,0.0,1.0,0.0,1.0,0.017372779486783525,0.09090909090909091,0.3735808629343006,0.23518782040266092,7.3339798666664855,0.12395709177592372,21,train,-1,organic,,,0
UPI_01415,1,4,4.0,0.25,113009.96,63325.87,0.5603565486725663,0.24318110251457678,0.0,0.0,0.0,1.0,0.010543801440693312,0.08333333333333333,1.3203923525315286,1.2707160795020116,2.4002115927272136,0.1407942238267148,2,train,-1,organic,,,0
UPI_01416,1,3,3.0,0.3333333333333333,70006.17,55855.81,0.7978698571428572,0.25696203561111375,0.0,0.5,0.0,1.0,0.009554401771589647,0.16666666666666666,1.1514774892346291,1.0784267925789126,3.000264490909017,0.11402027027027027,0,train,-1,organic,,,0
UPI_01417,4,7,1.75,0.5714285714285714,117924.33,50110.54,0.4249380883157741,1.6498244551263237,0.0,0.0,0.1,0.37017641074884317,0.031017096412062125,0.045454545454545456,1.504208739622327,1.4830666706486397,4.400387919999892,0.12260967379077616,20,train,-1,organic,,,0
UPI_01418,29,3,0.10344827586206896,0.10344827586206896,349834.45,1166509.29,0.2998985533739243,2.838910882733907,0.012096774193548387,0.2,0.0,0.07469531086580501,0.12564352335323925,0.0111731843575419,3.322461651446466,2.5785645080777426,5.594243165340771,0.11228070175438597,10,train,-1,organic,,,0
UPI_01419,19,1,0.05263157894736842,0.05263157894736842,700711.77,144069.33,0.2056042674659245,1.397401416931156,0.0,0.10526315789473684,0.0,0.06758669398590737,0.034918018865627586,0.061224489795918366,0.7350951523053306,0.6297036469074596,2.450216000909031,0.1407942238267148,2,train,-1,organic,,,0
UPI_01420,1,6,6.0,0.16666666666666666,164014.46,86255.39,0.5259011585365854,0.2431947146323492,0.0,0.0,0.0,1.0,0.018455359071011906,0.041666666666666664,2.1542721125214523,1.6420131335331112,3.428873703896019,0.13090257023311416,5,train,-1,organic,,,0
UPI_01421,1,7,7.0,0.14285714285714285,219019.31,122298.67,0.5583921917808219,0.24306528793877566,0.017857142857142856,0.0,0.0,1.0,0.019401398976596165,0.037037037037037035,2.248423011822569,2.0469475012838916,3.3752975522726443,0.11512415349887133,11,train,-1,organic,,,0
UPI_01422,2,5,2.5,0.4,102383.61,91108.51,0.8898740292756268,0.27620858078953575,0.0,0.0,0.16666666666666666,0.7728483535455861,0.014721454741443206,0.1,1.290026307194062,1.2284258184267833,3.3336272121211303,0.12167606768734891,26,train,-1,organic,,,0
UPI_01423,4,6,1.5,0.6666666666666666,130124.4,108339.76,0.8325860465981358,2.002339471061879,0.044444444444444446,1.0,0.0,0.42965273694190304,0.03841822467443465,0.01818181818181818,0.8594499485553091,1.1588360231626729,5.500484899999865,0.12661498708010335,14,train,-1,organic,,,0
UPI_01424,2,4,2.0,0.5,174512.87,410433.21,0.4251918928360666,1.0753376135649724,0.0,1.0,0.0,0.5090124252342378,0.02936801228164982,0.02702702702702703,0.6174969231280665,0.5380335487046574,6.167210342424091,0.1407942238267148,2,train,-1,organic,,,0
UPI_01425,3,10,3.3333333333333335,0.3,190768.66,213606.35,0.8930851390568137,0.37809219295620106,0.019736842105263157,0.0,0.18181818181818182,0.8298475339528785,0.03862696810283193,0.038461538461538464,2.134507257646597,1.8136557562665307,4.72768950082633,0.12013536379018612,23,train,-1,organic,,,0
UPI_01426,1,5,5.0,0.2,128011.28,112331.25,0.8775105468750001,0.24328858614406598,0.0,0.0,0.0,1.0,0.013468606263342064,0.11764705882352941,1.3501986713026621,1.2487114100256405,2.833583130302961,0.1407942238267148,2,train,-1,organic,,,0
UPI_01427,4,3,0.75,0.75,498343.27,249259.33,0.5001759785593937,2.289302412232066,0.0,0.8333333333333334,0.0,0.5512995140587771,0.0245257503346743,0.029411764705882353,1.5464834768030284,1.0964791960923057,4.85757108051936,0.1,3,train,31,stealth_cycle,31,stealth_cycle,1
UPI_01428,2,3,1.5,0.6666666666666666,234945.68,22818.9,0.0971241584068309,0.5052100728805601,0.0,0.0,0.0,0.8518640092628471,0.014258639844580825,0.1,2.462502749729836,1.813524179684913,4.000352654545356,0.1281767955801105,9,train,-1,organic,,,0
UPI_01429,1,4,4.0,0.25,198017.46,69092.5,0.34892126262626266,0.24337124942681343,0.0,0.0,0.0,1.0,0.008478113808080232,0.08333333333333333,1.5664630067939733,1.428880000003166,2.4002115927272136,0.1,3,train,-1,organic,,,0
UPI_01430,5,7,1.4,0.7142857142857143,222354.43,93193.06,0.41911939753209154,0.39188856819188084,0.0,0.0,0.5,0.554874242258475,0.025416254910916616,0.05555555555555555,2.016660869257208,1.8867963525094187,4.500396736363525,0.12661498708010335,14,train,-1,organic,,,0
UPI_01431,3,9,3.0,0.3333333333333333,147019.93,100682.63,0.684822971318979,0.35802965198475034,0.03125,0.0,0.2,0.7596728452586915,0.03843104849152204,0.037037037037037035,2.562288921847986,2.188982165946753,5.400476083636231,0.12642986152919927,6,train,-1,organic,,,0
UPI_01432,3,5,1.6666666666666667,0.6,295541.19,54071.95,0.18295908629249924,0.398343215369557,0.0,0.0,0.3333333333333333,0.7270931317945094,0.020501234081487765,0.037037037037037035,2.4495726434040863,1.897386861760891,4.500396736363525,0.11228070175438597,10,train,-1,organic,,,0
UPI_01433,4,11,2.75,0.36363636363636365,266486.76,227159.01,0.8524213487284756,0.4478671123339011,0.009615384615384616,0.0,0.07142857142857142,0.5529884452060371,0.0361428773118735,0.041666666666666664,2.1855920074400106,1.5149842161455294,3.428873703896019,0.11778115501519756,19,train,-1,organic,,,0
UPI_01434,2,9,4.5,0.2222222222222222,85764.32,54123.24,0.6310694340597756,0.34539593792146406,0.0,0.2857142857142857,0.1,0.7467458843440472,0.01973641345087183,0.038461538461538464,1.7039438950949535,1.6996966541687348,2.6002292254544814,0.12611377655928718,32,train,-1,organic,,,0
UPI_01435,2,7,3.5,0.2857142857142857,125384.96,49863.48,0.39768305862040987,0.31320003860557694,0.02857142857142857,0.0,0.125,0.9179483554646293,0.022870182491350623,0.06666666666666667,2.5092757170032267,1.920080128827507,3.7503306136362715,0.12611377655928718,32,train,-1,organic,,,0
UPI_01436,4,7,1.75,0.5714285714285714,276841.18,214786.74,0.7758482623722543,0.36320988017539,0.0,0.375,0.375,0.789941597206819,0.025360210594409117,0.02857142857142857,2.0542930840013596,1.6910257728768965,4.375385715908983,0.12013536379018612,23,train,-1,organic,,,0
UPI_01437,2,5,2.5,0.4,225853.48,133260.62,0.5900312783436049,0.30238306571677576,0.0,0.0,0.16666666666666666,0.8582748015670778,0.021474635032630817,0.1,1.6662999249824884,1.448259383682015,5.000440818181695,0.13090257023311416,5,train,-1,organic,,,0
UPI_01438,5,12,2.4,0.4166666666666667,305870.6,190274.17,0.6220740768060437,0.5519846321344334,0.007407407407407408,0.0,0.0625,0.3012646471084118,0.03195408755546792,0.047619047619047616,1.806816729378994,1.3849792795111429,2.62523142954539,0.145478374836173,30,train,-1,organic,,,0
UPI_01439,1,5,5.0,0.2,72006.35,68378.85,0.9496225000000001,0.24346976723146607,0.0,0.0,0.0,1.0,0.010310102939422621,0.07142857142857142,1.4670049825797402,1.2173656520779177,2.3335390484847913,0.1407942238267148,2,train,-1,organic,,,0
UPI_01440,1,4,4.0,0.25,269023.72,117864.26,0.4381184758364312,0.24328858614406598,0.0,0.0,0.0,1.0,0.008369449480438948,0.09090909090909091,1.4012248826476454,1.3404939345882352,2.200193959999946,0.12642986152919927,6,train,-1,organic,,,0
UPI_01441,2,6,3.0,0.3333333333333333,180245.93,44625.51,0.24758125781917376,0.2612717162786968,0.0,0.0,0.0,0.9974505206332851,0.018829682024790087,0.041666666666666664,2.6192129843748577,2.2944766600624917,3.000264490909017,0.1330166270783848,1,train,-1,organic,,,0
UPI_01442,22,0,0.0,0.0,1081061.29,0.0,0.0,2.2296100174683238,0.0,0.0,0.0,0.06272675036744343,0.04382430524706252,0.03278688524590164,0.40970969118109096,0.4270266436309292,2.772971726446213,0.1234676007005254,25,train,-1,organic,,,0
UPI_01443,3,3,1.0,1.0,228522.35,38161.58,0.16699279044140494,0.26910934450744023,0.0,0.0,0.0,0.8793033874086956,0.011329587995336406,0.06666666666666667,1.9738220624646385,1.7561647810155048,2.5002204090908475,0.10888252148997135,12,train,-1,organic,,,0
UPI_01444,2,5,2.5,0.4,148418.03,41976.32,0.2828249327263005,0.28757809895314324,0.0,0.4,0.16666666666666666,0.9812452437045145,0.012675386863369891,0.058823529411764705,1.592205713829789,1.5443375631998062,2.833583130302961,0.13686313686313686,22,train,-1,organic,,,0
UPI_01445,1,7,7.0,0.14285714285714285,218019.22,206940.41,0.9491842660550459,0.24330955140773808,0.0,0.0,0.0,1.0,0.021977860968051516,0.06666666666666667,2.094666985645527,1.312617434266419,3.7503306136362715,0.145478374836173,30,train,-1,organic,,,0
UPI_01446,0,84,84.0,0.0,0.0,12670835.93,0.0,0.24082620613995356,0.001004016064257028,0.0,0.0,1.0,0.11652400649552677,0.04242424242424243,0.4743605189083263,0.49756679012092925,1.9644588928570943,0.1234676007005254,25,train,-1,organic,,,0
UPI_01447,4,5,1.25,0.8,2324901.44,2199269.06,0.9459622748430268,7.538445934641407,0.0,1.0,0.0,0.360276395844654,0.029438983916262443,0.024390243902439025,0.69498169501585,0.7204799314313141,4.555957189898877,0.3680672268907563,31,train,-1,organic,,,0
UPI_01448,2,7,3.5,0.2857142857142857,166375.9,63076.02,0.3791175383831918,0.3195049321772631,0.0,0.0,0.125,0.7673066719659829,0.014292208166011938,0.05555555555555555,1.691834301566236,1.7352221929336797,2.2501983681817626,0.1234676007005254,25,train,-1,organic,,,0
UPI_01449,5,8,1.6,0.625,201081.93,203375.28,0.98872354503046,0.6214207601484667,0.02631578947368421,0.3333333333333333,0.18181818181818182,0.34731309407445227,0.03160066557370825,0.046511627906976744,1.1251578784792842,1.3970462546303304,3.9094355487602344,0.12321792260692464,7,train,-1,organic,,,0
UPI_01450,1,5,5.0,0.2,116010.23,46786.3,0.4032946551724138,0.24318110251457678,0.0,0.0,0.0,1.0,0.009898121831382495,0.09090909090909091,1.400570642379365,1.377459021816637,1.8334949666666214,0.1234676007005254,25,train,-1,organic,,,0
UPI_01451,1,6,6.0,0.16666666666666666,49004.32,71057.5,0.6896431364181682,0.24302917371621402,0.023809523809523808,0.0,0.0,1.0,0.01427190439994049,0.10526315789473684,1.0503914098769682,1.0304290611899374,2.714525015584349,0.11512415349887133,11,train,-1,organic,,,0
UPI_01452,0,76,76.0,0.0,0.0,11325498.41,0.0,0.24082620613995356,0.0003508771929824561,0.0,0.0,1.0,0.1080033459860129,0.0392156862745098,0.47909676864023915,0.4881444453792139,2.0133353820573667,0.12436224489795919,8,train,-1,organic,,,0
UPI_01453,2,7,3.5,0.2857142857142857,289397.76,108193.99,0.37385910362863056,0.31016118307161156,0.0,0.0,0.125,0.9055996313691141,0.025074194148701722,0.03125,2.65668008199512,1.975715876730799,4.000352654545356,0.10888252148997135,12,train,-1,organic,,,0
UPI_01454,29,6,0.20689655172413793,0.20689655172413793,337569.1,1713829.98,0.196967669964309,2.831007595167127,0.030252100840336135,0.46153846153846156,0.0,0.07108720378183539,0.13624078676531381,0.015384615384615385,3.080291638014086,2.9188985662963622,5.571919768831031,0.1407942238267148,2,train,-1,organic,,,0
UPI_01455,0,78,78.0,0.0,0.0,12731754.98,0.0,0.24082620613995356,0.001665001665001665,0.0,0.0,1.0,0.11011391182220681,0.04487179487179487,0.4287393872976895,0.4471569462639199,2.000176327272678,0.11512415349887133,11,train,-1,organic,,,0
UPI_01456,1,1,1.0,1.0,1292819.63,1288870.21,0.9969451127799658,3.0401017730850226,0.0,1.0,0.0,1.0,0.014405220451891765,0.05,0.09174213266694432,0.0015297802631046703,10.00088163636339,0.3680672268907563,31,train,-1,organic,,,0
UPI_01457,2,8,4.0,0.25,179109.32,51667.23,0.28846759567472924,0.27385692311640264,0.0,0.0,0.1111111111111111,0.9660502014049912,0.022365527267305327,0.03333333333333333,2.864386048534673,2.0159754506421073,3.3336272121211303,0.11778115501519756,19,train,-1,organic,,,0
UPI_01458,4,7,1.75,0.5714285714285714,180111.88,108300.14,0.6012936989161336,0.47465549170569105,0.0,0.0,0.375,0.7208186752932145,0.02561552479704779,0.02857142857142857,2.137657785890755,1.668849202196914,4.375385715908983,0.12547528517110265,28,train,-1,organic,,,0
UPI_01459,2,5,2.5,0.4,369415.69,65769.42,0.17803634340410573,0.3160069414755308,0.0,0.0,0.16666666666666666,0.9818500934562773,0.013849311599560989,0.1111111111111111,1.8230414270415876,1.8063437539092693,3.000264490909017,0.12547528517110265,28,train,-1,organic,,,0
UPI_01460,2,4,2.0,0.5,81965.64,44144.88,0.5385779201914727,0.298001555845793,0.0,0.0,0.2,0.844613163661385,0.01637133833417085,0.045454545454545456,1.8205096095191704,1.444994731755211,4.400387919999892,0.145478374836173,30,train,-1,organic,,,0
UPI_01461,140,1,0.007142857142857143,0.007142857142857143,3800517.87,16614.46,0.004371631772253444,8.731894319902196,0.0008611955420466059,0.0,0.0,0.19576580899290846,0.24448436787091352,0.011494252873563218,3.6082235616024536,3.8372200309412805,2.4683027017407517,0.12611377655928718,32,train,-1,organic,,,0
UPI_01462,4,6,1.5,0.6666666666666666,202255.4,119898.85,0.5928091402601406,0.3101122944662222,0.0,0.42857142857142855,0.25,0.9491645543367605,0.019470943673014624,0.038461538461538464,2.0955049415249913,1.8738819298301654,3.2502865318181016,0.11764705882352941,18,train,-1,organic,,,0
UPI_01463,0,78,78.0,0.0,0.0,12107567.35,0.0,0.24082620613995356,0.0004995004995004995,0.0,0.0,1.0,0.11253708608518717,0.045454545454545456,0.4376381254972748,0.43505159493761214,1.9745330410255926,0.1234676007005254,25,train,-1,organic,,,0
UPI_01464,2,2,1.0,1.0,223588.97,127777.99,0.5714861247024747,2.007880783104282,0.0,0.5,0.0,0.6529336373642627,0.021629197872184744,0.03571428571428571,0.5431922962308576,0.4578689167562409,7.000617145454373,0.12642986152919927,6,train,-1,organic,,,0
UPI_01465,3,4,1.3333333333333333,0.75,227339.55,62131.4,0.2732977912894498,0.274050266868026,0.09523809523809523,0.0,0.0,0.988446523618822,0.011912505131580445,0.0625,2.0143053183790665,1.818107361197122,2.285915802597346,0.11778115501519756,19,train,-1,organic,,,0
UPI_01466,4,4,1.0,1.0,296721.99,139294.79,0.4694454586705853,2.334760320345431,0.125,0.8,0.0,0.49195818280939296,0.025645018722248815,0.05555555555555555,0.5157401807128781,0.6150101836447227,4.500396736363525,0.12167606768734891,26,train,-1,organic,,,0
UPI_01467,1,3,3.0,0.3333333333333333,82820.08,314001.44,0.26375700950295977,1.6247835598595135,0.0,0.75,0.0,1.0,0.02206634733735708,0.06451612903225806,0.511221214495606,0.42615280652850357,7.750683268181628,0.11626248216833096,29,train,-1,organic,,,0
UPI_01468,1,4,4.0,0.25,264023.28,85111.78,0.32236469696969694,0.24337124942681343,0.0,0.0,0.0,1.0,0.011804524232959305,0.18181818181818182,1.528382805599326,1.5760386848563561,2.200193959999946,0.3680672268907563,31,train,-1,organic,,,0
UPI_01469,40,2,0.05,0.05,1018499.08,1885052.59,0.5403027389857407,4.228615427865457,0.05168408826945412,0.23333333333333334,0.0,0.06922449833001684,0.14850245294230305,0.014285714285714285,3.1670394436120435,2.132697435632503,5.000440818181695,0.1,3,train,-1,organic,,,0
UPI_01470,3,7,2.3333333333333335,0.42857142857142855,253987.29,61802.75,0.2433300822278984,0.3037166696914427,0.0,0.0,0.25,0.8594484826630254,0.023385522943993247,0.030303030303030304,2.87459704444248,2.247280832574347,4.125363674999899,0.1234676007005254,25,train,-1,organic,,,0
UPI_01471,2,5,2.5,0.4,218163.16,138085.19,0.6329445884650562,0.29791032864497347,0.0,0.0,0.16666666666666666,0.870795285372866,0.012209123127610274,0.058823529411764705,1.519210739936492,1.4406190058106485,2.833583130302961,0.11764705882352941,18,train,-1,organic,,,0
UPI_01472,1,4,4.0,0.25,123010.84,92149.57,0.7491174796747967,0.24330955140773808,0.0,0.0,0.0,1.0,0.010873820695808351,0.07692307692307693,1.2626346588972241,1.2277258728292824,2.6002292254544814,0.11376146788990826,15,train,-1,organic,,,0
UPI_01473,2,5,2.5,0.4,473541.91,62844.45,0.13271148630657276,0.2631236293429459,0.023809523809523808,0.0,0.0,0.5307897852708603,0.010996829717381477,0.07692307692307693,1.925947908011017,1.6334406015559186,1.857306589610344,0.13090257023311416,5,train,-1,organic,,,0
UPI_01474,1,4,4.0,0.25,204017.99,70963.73,0.3478307352941177,0.24393038772468417,0.0,0.0,0.0,1.0,0.010823148550118995,0.1,1.4102584988646762,1.4097153851678141,2.000176327272678,0.11512415349887133,11,train,-1,organic,,,0
UPI_01475,179,0,0.0,0.0,3162301.36,0.0,0.0,9.236726775183838,0.001192643274119641,0.0,0.0,0.2933521270729633,0.31275523610819195,0.013452914798206279,3.980401518821177,4.141638931127404,2.491839782021269,0.12167606768734891,26,train,-1,organic,,,0
UPI_01476,2,5,2.5,0.4,129215.05,112056.63,0.8672103406358612,0.2987523187973244,0.0,0.0,0.16666666666666666,0.8878617567726171,0.01109031562832902,0.06666666666666667,1.9041537559368837,1.4980814939132863,2.5002204090908475,0.12642986152919927,6,train,-1,organic,,,0
UPI_01477,2,8,4.0,0.25,184285.46,117276.12,0.6363829312558512,0.2892607283848119,0.0,0.0,0.1111111111111111,0.7633463338715798,0.02346947604987382,0.09090909090909091,2.032769030747709,1.7834900252719457,3.6669899333332427,0.1234676007005254,25,train,-1,organic,,,0
UPI_01478,4,7,1.75,0.5714285714285714,239053.63,139584.14,0.5839030046785257,0.3371092771906112,0.0,0.0,0.375,0.7980058655018262,0.026005903261944654,0.02702702702702703,2.3431674592323737,1.7871342430920727,4.625407756818068,0.10567514677103718,27,train,-1,organic,,,0
UPI_01479,4,10,2.5,0.4,179772.7,153764.33,0.855326347785912,0.3568797086672418,0.017045454545454544,0.2222222222222222,0.2727272727272727,0.5164350775721069,0.03170930785627463,0.047619047619047616,1.6131808115362873,1.7532140388555641,3.8185184429751127,0.13090257023311416,5,train,-1,organic,,,0
UPI_01480,4,7,1.75,0.5714285714285714,128994.4,170908.92,0.7547552471899954,0.32726581703245483,0.046296296296296294,0.0,0.1,0.8425164913807339,0.024223689145155117,0.058823529411764705,1.4949002855015108,1.5574832263190765,3.4002997563635526,0.12642986152919927,6,train,-1,organic,,,0
UPI_01481,3,5,1.6666666666666667,0.6,92523.82,49266.3,0.5324715837297167,0.2907130711699317,0.018518518518518517,0.0,0.14285714285714285,0.5634554632358943,0.022155951916113737,0.07407407407407407,1.6407497056030607,1.3663334489984378,3.857482916883022,0.13686313686313686,22,train,-1,organic,,,0
UPI_01482,3,4,1.3333333333333333,0.75,190542.71,87245.23,0.4578775663635461,0.4159469442237155,0.0,0.0,0.0,0.6236051083232158,0.01870097487489394,0.08333333333333333,1.659913084883634,1.5212126588320807,3.428873703896019,0.1234676007005254,25,train,-1,organic,,,0
UPI_01483,1,7,7.0,0.14285714285714285,218019.22,115996.82,0.5320485779816514,0.24499596870931775,0.0,0.2857142857142857,0.0,1.0,0.01687338845957876,0.041666666666666664,2.1851129270996004,1.559280150029417,3.000264490909017,0.12611377655928718,32,train,-1,organic,,,0
UPI_01484,4,7,1.75,0.5714285714285714,205817.06,80724.5,0.3922147890766385,1.0106632413852814,0.0,0.25,0.2222222222222222,0.39536282242609566,0.020886654488119917,0.034482758620689655,1.2976191381078175,1.328587901159579,3.222506305050426,0.12436224489795919,8,train,-1,organic,,,0
UPI_01485,2,2,1.0,1.0,137277.47,278964.36,0.49209680641810233,1.6330715549378274,0.0,0.75,0.0,0.5917343368958123,0.02592381894887144,0.02857142857142857,0.7330358876394943,0.5698254605230563,8.750771431817967,0.11402027027027027,0,train,-1,organic,,,0
UPI_01486,1,7,7.0,0.14285714285714285,261023.01,107886.07,0.41332015325670496,0.24518526964191573,0.0,0.0,0.0,1.0,0.02196007557294973,0.034482758620689655,2.038265681540437,1.81007854402927,3.625319593181729,0.1234676007005254,25,train,-1,organic,,,0
UPI_01487,9,11,1.2222222222222223,0.8181818181818182,358332.17,153185.32,0.42749531692078196,1.0241928361143475,0.0106951871657754,0.2222222222222222,0.17647058823529413,0.5381387098662845,0.03651705164140421,0.02040816326530612,2.426687602571428,2.0796148184919696,2.882607059892977,0.12642986152919927,6,train,-1,organic,,,0
UPI_01488,4,6,1.5,0.6666666666666666,119783.95,41794.38,0.34891472972418996,0.3415664627507396,0.0,0.0,0.42857142857142855,0.6367772393113991,0.01980470361710906,0.04,1.8727270062725574,1.708528413322139,3.571743441558354,0.12547528517110265,28,train,-1,organic,,,0
UPI_01489,2,6,3.0,0.3333333333333333,95207.9,81379.35,0.8547541893860587,0.8383686461035343,0.0,0.5,0.14285714285714285,0.5788307098601606,0.02056194909326496,0.07142857142857142,1.9336535934684609,1.7507410530787666,4.000352654545356,0.11626248216833096,29,train,-1,organic,,,0
UPI_01490,148,0,0.0,0.0,4919152.54,0.0,0.0,10.134940988326118,0.0006894649751792609,0.0,0.0,0.18987074309214944,0.2551145532114213,0.01098901098901099,3.198266892684336,3.6368204451205264,2.459676294348834,0.110055423594616,17,train,-1,organic,,,0
UPI_01491,3,6,2.0,0.5,201285.8,100129.32,0.4974484774186227,0.2920753550712781,0.0,0.0,0.2857142857142857,0.8396815349891101,0.014120903172966943,0.05,1.742257625175923,1.651205787026649,2.857394753246683,0.12395709177592372,21,train,-1,organic,,,0
UPI_01492,2,8,4.0,0.25,240322.54,67523.23,0.28096920803815706,0.2842841836516553,0.0,0.4444444444444444,0.1111111111111111,0.9103638113791195,0.023914478738292673,0.06451612903225806,2.779456170980545,2.2052451140670657,3.4447481191918348,0.12642986152919927,6,train,-1,organic,,,0
UPI_01493,3,6,2.0,0.5,97633.08,80561.74,0.8251480392159876,0.3145175706508162,0.058823529411764705,0.2857142857142857,0.2857142857142857,0.8005950616416281,0.02397491125432698,0.0625,1.8315340514130989,1.4734894382889654,4.571831605194692,0.13169845594913715,24,train,-1,organic,,,0
UPI_01494,4,12,3.0,0.3333333333333333,80524.05,142106.22,0.5666469074031367,0.363563952241008,0.004273504273504274,0.0,0.23076923076923078,0.5402832614977052,0.04835209669796447,0.028985507246376812,1.558176928680321,1.4920513324061064,5.308160253146722,0.11512415349887133,11,train,-1,organic,,,0
UPI_01495,1,7,7.0,0.14285714285714285,256022.57,153039.99,0.597759765625,0.2434528213270333,0.0,0.0,0.0,1.0,0.025385049317082343,0.030303030303030304,2.4269033425932607,1.8971976894291889,4.125363674999899,0.11626248216833096,29,train,-1,organic,,,0
UPI_01496,15,0,0.0,0.0,653457.61,0.0,0.0,0.9754967537435875,0.0,0.0,0.0,0.09146402763009603,0.024237532571659632,0.058823529411764705,0.5467967667227261,0.49129456556527823,2.2668665042423686,0.1281767955801105,9,train,-1,organic,,,0
UPI_01497,1,3,3.0,0.3333333333333333,262023.1,178465.48,0.6811059160305344,0.24312818349492235,0.0,0.0,0.0,1.0,0.009628973829148674,0.07692307692307693,1.3173739157119875,1.0984226030739601,3.2502865318181016,0.12395709177592372,21,train,-1,organic,,,0
UPI_01498,2,5,2.5,0.4,140561.62,96814.11,0.6887663489867571,0.29107238109500955,0.0,0.0,0.16666666666666666,0.8733478100068846,0.015616519964563995,0.1111111111111111,1.4877614570362847,1.4077313210192326,3.000264490909017,0.110055423594616,17,train,-1,organic,,,0
UPI_01499,3,9,3.0,0.3333333333333333,211150.92,164226.06,0.7777662263061491,0.29712657884814025,0.03125,0.0,0.2,0.9252744566305166,0.02417465014992182,0.06451612903225806,2.137417868372331,1.7865436330040632,3.100273307272651,0.10888252148997135,12,train,-1,organic,,,0
UPI_01500,26,0,0.0,0.0,1155833.24,0.0,0.0,1.4306694163256415,0.0,0.0,0.0,0.06023819453368381,0.0464088936893226,0.046153846153846156,0.5857241065969873,0.5033410372501531,2.5002204090908475,0.10630407911001236,13,train,-1,organic,,,0
UPI_01501,4,8,2.0,0.5,316750.24,98571.52,0.3111963501656593,0.4321048713027587,0.0,0.2222222222222222,0.3333333333333333,0.9249045001873949,0.030788997209747128,0.045454545454545456,2.669601562331458,2.1988618843780805,4.8893199111109915,0.12167606768734891,26,train,-1,organic,,,0
UPI_01502,138,0,0.0,0.0,1404810.91,0.0,0.0,6.149096345840796,0.0004760393525864805,0.0,0.0,0.29213061671684526,0.23926166664516438,0.011764705882352941,5.720835843014557,5.607898091770448,2.4639853306982262,0.11228070175438597,10,train,-1,organic,,,0
UPI_01503,6,3,0.5,0.5,3240422.56,1215886.58,0.3752246980675416,5.2958993285699485,0.0,0.5714285714285714,0.0,0.2720669879531084,0.03182444223244926,0.05,0.5135568605065274,0.6789921979408263,4.444836282828174,0.10630407911001236,13,train,-1,organic,,,0
UPI_01504,4,7,1.75,0.5714285714285714,4576404.14,3920389.98,0.8566529218406806,6.0029255780442625,0.03636363636363636,0.8571428571428571,0.0,0.26933072051531937,0.027989588032736656,0.02564102564102564,0.4061393638398393,0.6756211794331257,3.545767125619747,0.3680672268907563,31,train,-1,organic,,,0
UPI_01505,1,7,7.0,0.14285714285714285,250022.04,229800.11,0.9191193999999999,0.24312818349492235,0.0,0.0,0.0,1.0,0.022101552673683845,0.06451612903225806,2.0994632863333185,1.5571714634416702,3.875341634090814,0.1,3,train,-1,organic,,,0
UPI_01506,2,4,2.0,0.5,269512.08,66081.15,0.24518806603566345,0.26205625159746115,0.07142857142857142,0.0,0.2,0.9744466374793042,0.011938498163461032,0.06666666666666667,1.9586491624965672,1.6478466005514634,3.000264490909017,0.11402027027027027,0,train,-1,organic,,,0
UPI_01507,2,2,1.0,1.0,97630.96,76345.97,0.7819852728396725,2.6377894783687137,0.0,0.0,0.0,0.5970480347084944,0.023413837187547217,0.03333333333333333,0.3342041205063201,0.25129516780066447,7.500661227272543,0.11376146788990826,15,train,-1,organic,,,0
UPI_01508,21,1,0.047619047619047616,0.047619047619047616,1043159.95,7480.4,0.007170903595651516,1.8071998503515185,0.0,0.0,0.0,0.05883826305466548,0.040147253552210216,0.05263157894736842,0.4330414405599898,0.4018222456655584,2.591137514875969,0.12547528517110265,28,train,-1,organic,,,0
UPI_01509,3,8,2.6666666666666665,0.375,243163.53,170369.58,0.7006378862664213,0.2801438251186349,0.009259259259259259,0.0,0.1,0.8267082473478795,0.026503484819699615,0.027777777777777776,2.17300817567179,1.87908123116582,3.6003173890908204,0.11512415349887133,11,train,-1,organic,,,0
UPI_01510,4,7,1.75,0.5714285714285714,174716.15,157149.19,0.8994542954165909,0.4175455443403715,0.019230769230769232,0.375,0.375,0.668837071546253,0.027478585991573646,0.05405405405405406,1.7365807143910736,1.4468368102535574,4.625407756818068,0.12436224489795919,8,train,-1,organic,,,0
UPI_01511,2,7,3.5,0.2857142857142857,286720.92,104870.07,0.365756626086117,0.2861639817362661,0.0,0.0,0.125,0.7564036319119145,0.023529729264742345,0.03225806451612903,2.3452154744688345,1.9803421966587833,3.875341634090814,0.13169845594913715,24,train,-1,organic,,,0
UPI_01512,3,6,2.0,0.5,126455.46,120861.85,0.9557662183454518,0.35812401227224855,0.029411764705882353,0.0,0.2857142857142857,0.4241494426083362,0.019764417095082098,0.037037037037037035,1.5054450741492134,1.4021084576279366,3.857482916883022,0.13169845594913715,24,train,-1,organic,,,0
UPI_01513,10,20,2.0,0.5,266997.44,166203.08,0.6224894268690684,0.4725077213018599,0.06365740740740741,0.0,0.1111111111111111,0.45250487116929927,0.03632634401294898,0.02040816326530612,1.9438981536779651,2.0472230249639503,1.8149748154881709,0.11626248216833096,29,train,-1,organic,,,0
UPI_01514,1,3,3.0,0.3333333333333333,186016.4,13449.56,0.07230306451612903,0.2429492733378004,0.0,0.0,0.0,1.0,0.008131264898335575,0.09090909090909091,1.9475616977305292,1.6405022311387838,2.7502424499999325,0.11402027027027027,0,train,-1,organic,,,0
UPI_01515,2,4,2.0,0.5,230137.86,30702.36,0.13340854416288161,0.37530470091410645,0.0,0.4,0.2,0.9817651137017618,0.010809155354585332,0.06666666666666667,2.1815051685705855,1.8136132132388834,3.000264490909017,0.1281767955801105,9,train,-1,organic,,,0
UPI_01516,26,0,0.0,0.0,1407387.39,0.0,0.0,1.7568866191497519,0.0,0.0,0.0,0.050611096670295154,0.04922014601976653,0.028985507246376812,0.521857406113956,0.4801031179829465,2.654080126573361,0.12611377655928718,32,train,-1,organic,,,0
UPI_01517,3,6,2.0,0.5,68582.97,51813.84,0.7554913519009019,0.3048246190161509,0.029411764705882353,0.0,0.2857142857142857,0.8733929249065538,0.01637178843184313,0.09090909090909091,1.6134369088123044,1.5049404530931707,3.143134228571351,0.110055423594616,17,train,-1,organic,,,0
UPI_01518,0,89,89.0,0.0,0.0,13757212.78,0.0,0.24082620613995356,0.0006384065372829418,0.0,0.0,1.0,0.12648227550328425,0.03910614525139665,0.48312628347578024,0.4911532975552195,2.011413272931513,0.11778115501519756,19,train,-1,organic,,,0
UPI_01519,2,6,3.0,0.3333333333333333,111198.6,63906.49,0.5747059056307828,0.3323642690111527,0.0,0.3333333333333333,0.14285714285714285,0.8047891039518615,0.015342506414020043,0.058823529411764705,1.4561465065208345,1.3996662936653148,2.42878554025968,0.3680672268907563,31,train,-1,organic,,,0
UPI_01520,2,5,2.5,0.4,251707.32,95853.22,0.380812207697769,0.38793750921721154,0.0,0.0,0.16666666666666666,0.8762023679269975,0.014515891978376966,0.05,1.9609856021755419,1.6874573792008203,3.3336272121211303,0.12321792260692464,7,train,-1,organic,,,0
UPI_01521,2,7,3.5,0.2857142857142857,168931.33,100611.14,0.5955741785701852,0.2957928480728733,0.0,0.0,0.125,0.704713011052321,0.015915461569485558,0.13636363636363635,2.3170075001426467,1.9372445927058164,2.7502424499999325,0.11764705882352941,18,train,-1,organic,,,0
UPI_01522,3,6,2.0,0.5,124422.74,108263.96,0.8701300528077046,0.3279238612884836,0.0,0.0,0.2857142857142857,0.5711374555182516,0.01974020123616683,0.11538461538461539,1.25640140961239,1.2213789504995927,3.714613179220688,0.13090257023311416,5,train,-1,organic,,,0
UPI_01523,17,1,0.058823529411764705,0.058823529411764705,1138671.08,421413.61,0.3700924852536606,1.4516021555454846,0.0032679738562091504,0.1875,0.0,0.1830072916954266,0.03278656736026406,0.044444444444444446,0.8116536096132593,0.751368312973345,2.5002204090908475,0.1,3,train,3,layered_fanin,3,layered_fanin,1
UPI_01524,1,3,3.0,0.3333333333333333,78006.88,14403.97,0.18465,0.2435043235856035,0.0,0.0,0.0,1.0,0.006599537757376244,0.125,1.3776778978150643,1.3776266125211565,2.000176327272678,0.13090257023311416,5,train,-1,organic,,,0
UPI_01525,2,6,3.0,0.3333333333333333,317342.11,89120.67,0.2808346731990788,0.25080776341784805,0.0,0.0,0.14285714285714285,0.9855206362487137,0.023707928202844376,0.03125,2.3669135844997466,2.0326586800389705,4.571831605194692,0.11778115501519756,19,train,-1,organic,,,0
UPI_01526,1,3,3.0,0.3333333333333333,41003.61,37052.82,0.9036475609756098,0.24285468123492607,0.0,0.0,0.0,1.0,0.008807805673116531,0.09090909090909091,0.9590682391792658,1.0023239321857718,2.7502424499999325,0.1281767955801105,9,train,-1,organic,,,0
UPI_01527,2,6,3.0,0.3333333333333333,151774.23,180659.7,0.8401111757133944,0.29942366963391265,0.0,0.0,0.14285714285714285,0.8682422453258085,0.018527877765414424,0.08,1.7075660237802393,1.2490583729422136,3.571743441558354,0.13090257023311416,5,train,-1,organic,,,0
UPI_01528,2,9,4.5,0.2222222222222222,81207.93,97450.59,0.8333241312780938,0.2910551357668055,0.0,0.0,0.1,0.7621760324735642,0.030880232849432546,0.022727272727272728,1.8002194351378278,1.679272502561141,4.400387919999892,0.12436224489795919,8,train,-1,organic,,,0
UPI_01529,4,8,2.0,0.5,116497.84,95806.2,0.8223860279684776,0.3466008735790707,0.015625,0.0,0.2,0.6115710368717535,0.024786657696257215,0.02857142857142857,1.6335605456241364,1.5924790236722606,3.5003085727271865,0.12642986152919927,6,train,-1,organic,,,0
UPI_01530,1,7,7.0,0.14285714285714285,115010.14,75330.59,0.6549908695652173,0.2429492733378004,0.0,0.0,0.0,1.0,0.019640705193644553,0.07692307692307693,2.0487310741543774,1.7209313414978935,3.2502865318181016,0.13090257023311416,5,train,-1,organic,,,0
UPI_01531,2,5,2.5,0.4,198238.66,113888.48,0.57450187714552,0.25885034354466624,0.047619047619047616,0.0,0.0,0.9977708416225568,0.012677008601585094,0.05555555555555555,1.717746349978514,1.6449689551797402,2.571655277922015,0.12547528517110265,28,train,-1,organic,,,0
UPI_01532,4,7,1.75,0.5714285714285714,166000.57,79310.29,0.47777118953569203,1.3707044616842536,0.0,0.375,0.2222222222222222,0.43693799583471626,0.025256179846450445,0.05714285714285714,1.5593874643344399,1.4166627488152654,3.8892317474746516,0.1,3,train,-1,organic,,,0
UPI_01533,2,8,4.0,0.25,74308.25,86356.07,0.8604866838389474,0.30620803336188673,0.0,0.0,0.1111111111111111,0.7611521329516845,0.021888460250771933,0.03225806451612903,1.4786277642974979,1.432280241323381,3.4447481191918348,0.12642986152919927,6,train,-1,organic,,,0
UPI_01534,4,10,2.5,0.4,102318.14,93247.96,0.9113531618686583,0.4859455197769495,0.0,0.36363636363636365,0.2727272727272727,0.5027601763187931,0.034139409305241286,0.020833333333333332,1.6791919193947642,1.538412235888078,4.364021077685843,0.13090257023311416,5,train,-1,organic,,,0
UPI_01535,40,4,0.1,0.1,680635.14,1972363.4,0.34508607468921143,2.824523366890108,0.01638477801268499,0.125,0.0,0.059417673373203014,0.13314985111639221,0.015873015873015872,3.135702701817406,2.4596027755192966,4.295833248347002,0.13090257023311416,5,train,-1,organic,,,0
UPI_01536,2,7,3.5,0.2857142857142857,147364.85,87240.19,0.592001349694534,0.27144547249809253,0.0,0.0,0.125,0.9751806790269357,0.024181603844875013,0.029411764705882353,1.9693455033946035,1.460679779925848,4.250374695454441,0.10630407911001236,13,train,-1,organic,,,0
UPI_01537,2,5,2.5,0.4,167478.58,58990.71,0.35222837983750754,0.2670686812188801,0.05,0.0,0.16666666666666666,0.925783043898468,0.012652753048858647,0.058823529411764705,1.8679101199022243,1.6175228564536714,2.833583130302961,0.13090257023311416,5,train,-1,organic,,,0
UPI_01538,1,4,4.0,0.25,267023.54,100846.1,0.3776674531835206,0.24300263629185762,0.0,0.0,0.0,1.0,0.00854692369021632,0.18181818181818182,1.4885847260099325,1.3969169870055695,2.200193959999946,0.12642986152919927,6,train,-1,organic,,,0
UPI_01539,4,2,0.5,0.5,2784696.77,1297363.48,0.4658903961860664,2.92234756531875,0.0,0.8333333333333334,0.0,0.3296884982324323,0.03630108547363426,0.19607843137254902,0.5075728867496192,0.5325654654243424,8.500749390908881,0.12814645308924486,4,train,39,fast_cycle,39,fast_cycle,1
UPI_01540,1,4,4.0,0.25,226019.92,221751.1,0.9811130530973451,0.2434528213270333,0.0,0.0,0.0,1.0,0.014140704140910875,0.10526315789473684,1.4295730031252525,1.256600708848105,3.8003350218180882,0.10630407911001236,13,train,-1,organic,,,0
UPI_01541,3,7,2.3333333333333335,0.42857142857142855,282254.36,90763.7,0.3215670453703135,0.30754894442237846,0.011363636363636364,0.3333333333333333,0.1111111111111111,0.90959149246362,0.017135450325908907,0.09090909090909091,2.2437887166868533,2.100113119726493,2.4446599555554958,0.1281767955801105,9,train,-1,organic,,,0
UPI_01542,4,3,0.75,0.75,1776508.0,608127.23,0.3423160661922864,4.252092523742165,0.023809523809523808,0.6666666666666666,0.0,0.32445713547690036,0.019366415368167113,0.07407407407407407,0.5193178868997971,0.609371572937193,3.857482916883022,0.3680672268907563,31,train,-1,organic,,,0
UPI_01543,35,5,0.14285714285714285,0.14285714285714285,537547.26,1187092.97,0.4528265872068566,2.9523426112669218,0.0057692307692307696,0.2571428571428571,0.0,0.05387594640521588,0.14218020598142272,0.01485148514851485,3.4781025042158715,2.66844281139946,5.050445226363512,0.12611377655928718,32,train,-1,organic,,,0
UPI_01544,2,6,3.0,0.3333333333333333,230418.49,52661.97,0.2285492446164288,0.29827486820604804,0.0,0.0,0.14285714285714285,0.9460021609943001,0.016320477409443524,0.043478260869565216,2.5226926807796928,2.0925554626034293,3.286003966233685,0.12642986152919927,6,train,-1,organic,,,0
UPI_01545,2,8,4.0,0.25,56750.61,91140.35,0.6226727246711156,0.3372953768407146,0.022727272727272728,0.0,0.1111111111111111,0.5315502453099388,0.025299467713707956,0.03225806451612903,1.3655182310667673,1.3432864615528892,3.4447481191918348,0.12661498708010335,14,train,-1,organic,,,0
UPI_01546,1,7,7.0,0.14285714285714285,66005.82,76536.11,0.8624141113946334,0.2435397953398505,0.0,0.0,0.0,1.0,0.020632259896851437,0.1111111111111111,1.6148793921937576,1.4352257705086737,3.3752975522726443,0.145478374836173,30,train,-1,organic,,,0
UPI_01547,1,5,5.0,0.2,103009.08,53567.1,0.5200231067961165,0.24200365432726517,0.0,0.0,0.0,1.0,0.01868424955689783,0.11538461538461539,3.2536035311417826,1.9792398592237954,4.3337153757574685,0.13169845594913715,24,train,-1,organic,,,0
UPI_01548,3,6,2.0,0.5,125551.07,81305.6,0.6475898518400509,0.32870123489097325,0.058823529411764705,0.0,0.2857142857142857,0.7498542431395622,0.016157215692845346,0.047619047619047616,1.5126078165946577,1.3973230002232144,3.000264490909017,0.11402027027027027,0,train,-1,organic,,,0
UPI_01549,1,3,3.0,0.3333333333333333,128059.75,190749.97,0.6713487403736582,0.8048700640165561,0.08333333333333333,0.75,0.0,1.0,0.01744505463997062,0.041666666666666664,0.31859372423938714,0.2511971643976476,6.000528981818034,0.11376146788990826,15,train,-1,organic,,,0
UPI_01550,40,4,0.1,0.1,707534.01,1994011.95,0.354829373970079,2.6766331086176307,0.006342494714587738,0.0,0.0,0.05432697371175297,0.13772842099375757,0.015228426395939087,2.5026390862540766,2.368004475631066,4.477667459917245,0.110055423594616,17,train,-1,organic,,,0
UPI_01551,3,9,3.0,0.3333333333333333,199226.1,131085.32,0.6579725949499956,0.5321188441303648,0.0,0.0,0.2,0.7736282665266798,0.03569194136689808,0.041666666666666664,2.6116223971159838,1.8102313063623012,4.800423185454427,0.12321792260692464,7,train,-1,organic,,,0
UPI_01552,1,3,3.0,0.3333333333333333,170014.99,40255.79,0.23677788235294117,0.2446823537116759,0.0,0.0,0.0,1.0,0.007668701854931167,0.1,1.5356099107274324,1.4226032916975317,2.5002204090908475,0.11778115501519756,19,train,-1,organic,,,0
UPI_01553,6,4,0.6666666666666666,0.6666666666666666,5144849.24,3749629.97,0.7288124098401147,9.699679177817186,0.03333333333333333,0.9,0.0,0.22986403573742276,0.03789777961532928,0.0196078431372549,0.5210648756655974,0.5010654858100446,5.1004496345453285,0.3680672268907563,31,train,-1,organic,,,0
UPI_01554,1,5,5.0,0.2,183016.13,66502.63,0.3633703278688524,0.2435397953398505,0.0,0.0,0.0,1.0,0.010396402844615764,0.07692307692307693,1.6385015214730039,1.6242440789377295,2.1668576878787342,0.11402027027027027,0,train,-1,organic,,,0
UPI_01555,2,8,4.0,0.25,267815.61,79234.19,0.295853535579853,1.4365670241329023,0.022222222222222223,0.42857142857142855,0.0,0.542645888446472,0.02566985796876229,0.06060606060606061,1.9557414122675723,1.9986505021611942,3.3002909399999187,0.1330166270783848,1,train,-1,organic,,,0
UPI_01556,4,7,1.75,0.5714285714285714,128988.86,109328.97,0.8475845668883771,0.47995346300598885,0.02830188679245283,0.0,0.2222222222222222,0.45370058473872277,0.02921117955949791,0.05128205128205128,1.4127750387262812,1.3348130712562178,4.3337153757574685,0.12260967379077616,20,train,-1,organic,,,0
UPI_01557,3,8,2.6666666666666665,0.375,157821.02,108071.66,0.6847735187597062,0.3449942041597364,0.009433962264150943,0.0,0.2222222222222222,0.7487109839091939,0.029412600031046635,0.047619047619047616,2.346860598207269,1.8253328134861069,4.667078096969583,0.145478374836173,30,train,-1,organic,,,0
UPI_01558,1,8,8.0,0.125,98008.64,49044.38,0.500408775510204,0.24499596870931775,0.013888888888888888,0.0,0.0,1.0,0.02966003363432121,0.047619047619047616,2.939861673130469,2.0574925785854368,4.667078096969583,0.10888252148997135,12,train,-1,organic,,,0
UPI_01559,4,6,1.5,0.6666666666666666,268476.98,52769.2,0.19655019340234622,0.39825573895218336,0.0,0.0,0.42857142857142855,0.7431475487508844,0.020478718487305328,0.03571428571428571,2.508716533470762,2.074833374346446,4.000352654545356,0.12013536379018612,23,train,-1,organic,,,0
UPI_01560,2,12,6.0,0.16666666666666666,119243.02,355119.63,0.33578268640320247,0.3337501366209668,0.022222222222222223,0.0,0.07692307692307693,0.9009209006479904,0.026391913810851843,0.05555555555555555,1.750070713672221,1.5189176962191377,2.7694749146852464,0.11764705882352941,18,train,-1,organic,,,0
UPI_01561,2,6,3.0,0.3333333333333333,240397.9,135764.02,0.5647471004990459,0.33497965215300246,0.018518518518518517,0.2857142857142857,0.14285714285714285,0.668694516290113,0.019772803972787578,0.07407407407407407,1.6944518035038851,1.5371066646406446,3.857482916883022,0.110055423594616,17,train,-1,organic,,,0
UPI_01562,1,6,6.0,0.16666666666666666,84007.41,57055.68,0.6791744047619048,0.24337124942681343,0.0,0.0,0.0,1.0,0.01191114024683853,0.06666666666666667,1.396527169940492,1.5152175593954056,2.143046064935012,0.145478374836173,30,train,-1,organic,,,0
UPI_01563,2,7,3.5,0.2857142857142857,127793.38,122130.25,0.9556852676794898,0.46555767561015554,0.04285714285714286,0.2857142857142857,0.125,0.7954004102294505,0.01849411290497859,0.07692307692307693,1.491408820768614,1.3470038228509025,3.2502865318181016,0.12167606768734891,26,train,-1,organic,,,0
UPI_01564,1,7,7.0,0.14285714285714285,217019.13,94166.26,0.43390764976958524,0.2431153232862354,0.0,0.0,0.0,1.0,0.016184689986954513,0.08695652173913043,2.220153281460136,1.8412096579892632,2.8752534704544748,0.12167606768734891,26,train,-1,organic,,,0
UPI_01565,18,0,0.0,0.0,652557.53,0.0,0.0,0.7552175290210423,0.0,0.0,0.0,0.06680693471910278,0.029002935663000034,0.04878048780487805,0.45546292830407276,0.4696940804839371,2.2779785949494387,0.13090257023311416,5,train,-1,organic,,,0
UPI_01566,3,8,2.6666666666666665,0.375,242626.72,150668.05,0.6209870574566521,0.31617439464646113,0.009433962264150943,0.0,0.2222222222222222,0.8276602133877087,0.020373715140667718,0.07407407407407407,1.9836348369437815,1.8718589754399613,3.000264490909017,0.10630407911001236,13,train,-1,organic,,,0
UPI_01567,1,6,6.0,0.16666666666666666,61005.38,45786.54,0.7505327868852459,0.24346976723146607,0.0,0.0,0.0,1.0,0.01287079764980824,0.05555555555555555,1.5371954877612468,1.408919464858115,2.571655277922015,0.13090257023311416,5,train,-1,organic,,,0
UPI_01568,1,4,4.0,0.25,204017.99,95673.17,0.46894480392156856,0.2429492733378004,0.0,0.0,0.0,1.0,0.012303769122962275,0.06666666666666667,1.653098273037902,1.4552579470643305,3.000264490909017,0.11512415349887133,11,train,-1,organic,,,0
UPI_01569,2,5,2.5,0.4,409584.75,152011.89,0.371136600526863,0.28049132232955737,0.0,0.0,0.16666666666666666,0.9360250568379909,0.016690344917669027,0.08695652173913043,1.7427437710454767,1.6232455745613565,3.8336712939393,0.1330166270783848,1,train,-1,organic,,,0
UPI_01570,3,8,2.6666666666666665,0.375,386011.6,88699.47,0.22978446649114867,0.3075317447685992,0.0,0.0,0.2222222222222222,0.8722939127927012,0.02270068379898308,0.03125,2.2914398980844446,2.1522074016860473,3.5558690262625383,0.10888252148997135,12,train,-1,organic,,,0
UPI_01571,2,6,3.0,0.3333333333333333,280241.21,87087.7,0.31075977643144576,0.29771039977408675,0.0,0.2857142857142857,0.14285714285714285,0.9166079778685121,0.023546200499464858,0.030303030303030304,2.8284816943520323,1.9542574260963417,4.714701342857027,0.11228070175438597,10,train,-1,organic,,,0
UPI_01572,2,5,2.5,0.4,208678.74,49704.53,0.23818685429152467,0.34076737215090563,0.0,0.0,0.16666666666666666,0.9655312556344953,0.015016211251396822,0.05,2.34912605419144,1.765686058229016,3.3336272121211303,0.11778115501519756,19,train,-1,organic,,,0
UPI_01573,4,7,1.75,0.5714285714285714,195415.74,88222.85,0.45146234738432756,0.3510650643125576,0.038461538461538464,0.25,0.375,0.5070954001014639,0.022768944383997024,0.03225806451612903,1.6878620343650326,1.620511541489541,3.875341634090814,0.11228070175438597,10,train,-1,organic,,,0
UPI_01574,2,4,2.0,0.5,97209.79,71044.34,0.7308352714091448,0.25962570629033543,0.0,0.0,0.0,0.9958682936961962,0.012461223635912467,0.0625,1.4382554977177933,1.4167397330707392,2.6669017696969037,0.12436224489795919,8,train,-1,organic,,,0
UPI_01575,15,0,0.0,0.0,676090.07,0.0,0.0,1.0816907357571617,0.0,0.0,0.0,0.09213933072110234,0.03133779131879871,0.045454545454545456,0.7501562143358168,0.6563879879609789,2.9335919466665943,0.13090257023311416,5,train,-1,organic,,,0
UPI_01576,4,9,2.25,0.4444444444444444,107395.28,57730.75,0.5375538909656686,0.5611050233606992,0.019736842105263157,0.25,0.18181818181818182,0.32733939442507665,0.02393620297900126,0.029411764705882353,1.8311814952908159,1.6284855202057724,3.0911815966941387,0.11778115501519756,19,train,-1,organic,,,0
UPI_01577,1,4,4.0,0.25,184016.22,55945.55,0.3040251086956522,0.243732248474595,0.0,0.0,0.0,1.0,0.011274689220499306,0.06666666666666667,1.890200960212631,1.5994279441384336,3.000264490909017,0.11402027027027027,0,train,-1,organic,,,0
UPI_01578,24,0,0.0,0.0,1125799.25,0.0,0.0,1.2386855078834227,0.0,0.0,0.0,0.05399422628064167,0.03789651716581617,0.037037037037037035,0.42583445556123445,0.41830971223519314,2.2501983681817626,0.3680672268907563,31,train,-1,organic,,,0
UPI_01579,137,0,0.0,0.0,924408.45,0.0,0.0,6.08553955268415,0.00032202662086732505,0.0,0.0,0.022883976674121502,0.23711254277555735,0.011799410029498525,1.4802132077031724,1.430085207086347,2.4746707114797,0.12661498708010335,14,train,-1,organic,,,0
UPI_01580,1,4,4.0,0.25,177015.6,44145.66,0.24938853107344636,0.243732248474595,0.0,0.0,0.0,1.0,0.011573962442491873,0.06666666666666667,1.9877254941407112,1.591177529682131,3.000264490909017,0.12321792260692464,7,train,-1,organic,,,0
UPI_01581,2,8,4.0,0.25,121034.48,86852.96,0.7175885472453727,0.3022107260601505,0.011363636363636364,0.0,0.1111111111111111,0.6187358286951123,0.023644661341973853,0.030303030303030304,1.7041476836058465,1.5495917069319554,3.6669899333332427,0.13090257023311416,5,train,-1,organic,,,0
UPI_01582,4,9,2.25,0.4444444444444444,78445.93,210639.53,0.3724178733208699,0.45663481978260906,0.006578947368421052,0.0,0.18181818181818182,0.3998649457237963,0.027210445215588644,0.02702702702702703,2.2182051798815356,1.712987312740218,3.3639329140495042,0.11402027027027027,0,train,-1,organic,,,0
UPI_01583,3,8,2.6666666666666665,0.375,145460.31,73266.93,0.5036901633709869,0.6166029760143339,0.0,0.2,0.1,0.5318392331444675,0.02984861645771544,0.05263157894736842,1.159917689549755,1.2814262680618378,3.8003350218180882,0.1330166270783848,1,train,-1,organic,,,0
UPI_01584,0,75,75.0,0.0,0.0,12515603.32,0.0,0.24082620613995356,0.0,0.0,0.0,1.0,0.11154682181767978,0.056962025316455694,0.4340835480281453,0.43042446427950726,2.106852398060554,0.13686313686313686,22,train,-1,organic,,,0
UPI_01585,4,9,2.25,0.4444444444444444,569514.97,456758.42,0.8020130165736683,1.1103257107198239,0.0,0.45454545454545453,0.08333333333333333,0.49866373495463406,0.03523850989653973,0.04,1.7391289535945664,1.4327125525298794,4.167034015151413,0.12661498708010335,14,train,31,stealth_cycle,31,stealth_cycle,1
UPI_01586,37,3,0.08108108108108109,0.08108108108108109,505490.08,1227831.88,0.41169323741294084,3.3171470900612103,0.016025641025641024,0.06666666666666667,0.0,0.06063608104556019,0.1277408808708031,0.011299435028248588,2.7881499281875066,2.3552291760765995,4.4253901240908,0.145478374836173,30,train,-1,organic,,,0
UPI_01587,6,5,0.8333333333333334,0.8333333333333334,3467609.05,1992502.27,0.5746040692557113,6.943906819634482,0.03636363636363636,0.875,0.0,0.21518387969159955,0.03039624887773109,0.023809523809523808,0.4908806513724748,0.7247140865618849,3.8185184429751127,0.3680672268907563,31,train,-1,organic,,,0
UPI_01588,2,8,4.0,0.25,126168.99,187061.14,0.6744799704241741,0.3049220312513301,0.022727272727272728,0.0,0.1111111111111111,0.9215745422901811,0.02066150364534264,0.038461538461538464,1.3725065288345544,1.2141366774001539,2.8891435838383126,0.1281767955801105,9,train,-1,organic,,,0
UPI_01589,2,5,2.5,0.4,136177.02,71179.07,0.522695182654106,0.2897892281128366,0.0,0.0,0.16666666666666666,0.8618414807635848,0.012017723280476017,0.14285714285714285,1.3752979548181195,1.3680040289832291,2.3335390484847913,0.11228070175438597,10,train,-1,organic,,,0
UPI_01590,3,8,2.6666666666666665,0.375,285373.26,122189.51,0.4281743596680686,0.6659372430077142,0.018518518518518517,0.4,0.1,0.48328591453919056,0.028781714485392306,0.04878048780487805,1.819037727485652,1.721551486645644,4.1003614709089895,0.11626248216833096,29,train,-1,organic,,,0
UPI_01591,1,4,4.0,0.25,193017.02,55068.35,0.28530310880829013,0.24306528793877566,0.0,0.0,0.0,1.0,0.012985912088982355,0.08333333333333333,1.6765495908214567,1.4951772604290707,2.4002115927272136,0.10630407911001236,13,train,-1,organic,,,0
UPI_01592,2,9,4.5,0.2222222222222222,253521.79,281885.7,0.8993779732091208,1.6170141477493767,0.00909090909090909,0.0,0.0,0.6881367573635526,0.03319610185160479,0.0425531914893617,1.7824387001203739,1.4419880327652197,4.273103971900721,0.12611377655928718,32,train,37,stealth_cycle,37,stealth_cycle,1
UPI_01593,3,9,3.0,0.3333333333333333,241130.45,168301.0,0.6979665934757611,0.37810713086351044,0.0,0.0,0.2,0.7234830753480729,0.027715113600755046,0.02702702702702703,2.0889813444312786,1.6712416748795824,3.7003262054544543,0.11512415349887133,11,train,-1,organic,,,0
UPI_01594,4,8,2.0,0.5,236889.05,255517.27,0.9270960725062284,1.1594898976131105,0.0390625,0.4444444444444444,0.2,0.3229471520115973,0.030046321412177106,0.02631578947368421,0.9687538546357277,1.055815417256437,3.8003350218180882,0.10567514677103718,27,train,15,layered_fanin,15,layered_fanin,1
UPI_01595,1,6,6.0,0.16666666666666666,45003.97,69269.48,0.6496940590675852,0.2431153232862354,0.0,0.0,0.0,1.0,0.022128230902820845,0.07142857142857142,1.4811138291881072,1.2763725092871854,4.000352654545356,0.12611377655928718,32,train,-1,organic,,,0
UPI_01596,6,6,1.0,1.0,2393206.4,1979178.98,0.8269988665502752,8.527189435065504,0.07575757575757576,0.8571428571428571,0.0,0.4125921349186854,0.02704987045711438,0.02702702702702703,0.873561202786237,1.1617004163818059,3.0836051712120454,0.13686313686313686,22,train,-1,organic,,,0
UPI_01597,2,4,2.0,0.5,303058.7,50955.38,0.16813700652980587,0.29655201656122815,0.0,0.0,0.2,0.719911015884654,0.015534333374970193,0.05263157894736842,1.983220576734635,1.6745661948763486,3.8003350218180882,0.145478374836173,30,train,-1,organic,,,0
UPI_01598,3,9,3.0,0.3333333333333333,136550.52,80210.13,0.5874026135342945,0.2817936958586839,0.10606060606060606,0.0,0.0,0.9776648982722788,0.022644500217009794,0.06451612903225806,2.3553746602569343,2.0984875709913138,2.583561089393876,0.12642986152919927,6,train,-1,organic,,,0
UPI_01599,4,7,1.75,0.5714285714285714,345079.79,133918.87,0.38808087086204507,0.7322938324583916,0.019230769230769232,0.5,0.375,0.6657663289842215,0.03075447938382017,0.047619047619047616,2.5066241107449803,2.0550485014171818,5.25046285909078,0.10567514677103718,27,train,-1,organic,,,0
UPI_01600,54,2,0.037037037037037035,0.037037037037037035,777329.0,1456252.45,0.533787254818197,4.306538509628436,0.012012987012987014,0.06818181818181818,0.0,0.03771314970973392,0.18311775450106235,0.015267175572519083,3.5894677087247175,2.990095709495381,4.6789839084414435,0.12642986152919927,6,train,-1,organic,,,0
UPI_01601,3,5,1.6666666666666667,0.6,240982.15,71250.36,0.295666546080026,0.28223777910001924,0.0,0.0,0.14285714285714285,0.8897731265419109,0.013076993980496209,0.0625,1.8552677201433836,1.7020927391282585,2.285915802597346,0.12167606768734891,26,train,-1,organic,,,0
UPI_01602,30,6,0.2,0.2,491081.34,2648044.87,0.18545053640772294,1.9277755439987707,0.024603174603174603,0.13793103448275862,0.0,0.07702057257241632,0.12449752587543918,0.01694915254237288,2.7008452700352885,2.501220402971549,4.917100137878667,0.1407942238267148,2,train,-1,organic,,,0
UPI_01603,2,5,2.5,0.4,195202.65,100104.8,0.5128250344902776,0.26136198936517474,0.023809523809523808,0.0,0.0,0.8829348933977064,0.010660378885658751,0.06666666666666667,1.476141017366137,1.3650334830182942,2.143046064935012,0.10630407911001236,13,train,-1,organic,,,0
UPI_01604,2,4,2.0,0.5,214474.45,44970.09,0.2096757677605344,0.303272166401353,0.0,0.0,0.2,0.8905868840685578,0.013972931326923899,0.05263157894736842,2.199462452158715,1.733380400629749,3.8003350218180882,0.11402027027027027,0,train,-1,organic,,,0
UPI_01605,1,3,3.0,0.3333333333333333,204017.99,39553.44,0.19387230392156862,0.24306528793877566,0.0,0.0,0.0,1.0,0.006897801198131037,0.1111111111111111,1.4869844649970405,1.445794670145772,2.2501983681817626,0.11764705882352941,18,train,-1,organic,,,0
UPI_01606,10,33,3.3,0.30303030303030304,679950.87,390348.7,0.5740836842756529,0.5103175237279907,0.10845383759733036,0.3333333333333333,0.10256410256410256,0.4479778387567908,0.056193783987458744,0.02531645569620253,3.493219928430053,3.301458705235876,2.0258196135197637,0.145478374836173,30,train,-1,organic,,,0
UPI_01607,1,4,4.0,0.25,168014.81,79456.5,0.47291369047619036,0.24337124942681343,0.0,0.0,0.0,1.0,0.009559645549586679,0.09090909090909091,1.3577596648905095,1.308481186816551,2.200193959999946,0.12013536379018612,23,train,-1,organic,,,0
UPI_01608,1,5,5.0,0.2,195017.19,53362.99,0.2736322564102564,0.24442052165911535,0.03333333333333333,0.0,0.0,1.0,0.018877173302549816,0.07407407407407407,2.1605609095722733,1.7849150501652722,4.500396736363525,0.12611377655928718,32,train,-1,organic,,,0
UPI_01609,31,3,0.0967741935483871,0.0967741935483871,884395.94,1084403.23,0.8155600454457745,3.0794929571157525,0.016042780748663103,0.28,0.0,0.13968023492607778,0.09909707592333165,0.014388489208633094,2.7816813557492,2.447983042088265,4.088595727807386,0.12436224489795919,8,train,-1,organic,,,0
UPI_01610,2,6,3.0,0.3333333333333333,73055.34,45885.83,0.6280967954342913,0.28407573503606975,0.0,0.0,0.14285714285714285,0.9454767486727473,0.022143964341074195,0.06451612903225806,2.2106302868376386,1.811247752120529,4.428961867532359,0.12661498708010335,14,train,-1,organic,,,0
UPI_01611,1,4,4.0,0.25,54004.76,139822.2,0.38623882562797607,0.24302917371621402,0.0,0.0,0.0,1.0,0.01234933525129182,0.13333333333333333,1.6018000252895375,1.0807175991744038,3.000264490909017,0.13169845594913715,24,train,-1,organic,,,0
UPI_01612,4,9,2.25,0.4444444444444444,275403.99,215705.61,0.7832334125124903,0.30966022692036727,0.07142857142857142,0.0,0.08333333333333333,0.893868462149122,0.02411539337524973,0.030303030303030304,2.141045845456593,1.8097023038393913,2.7502424499999325,0.11626248216833096,29,train,-1,organic,,,0
UPI_01613,2,6,3.0,0.3333333333333333,72406.73,67185.28,0.92788722706451,0.2636560339438774,0.037037037037037035,0.0,0.14285714285714285,0.7161206135042586,0.01776102921303196,0.08695652173913043,1.2744364182400008,1.267051100749882,3.286003966233685,0.145478374836173,30,train,-1,organic,,,0
UPI_01614,2,4,2.0,0.5,70413.49,31439.08,0.44649232295296737,0.2659519392660647,0.03333333333333333,0.0,0.0,0.7684798646463022,0.010583234937946336,0.07142857142857142,1.3620058611885328,1.1801521439174598,2.3335390484847913,0.11402027027027027,0,train,-1,organic,,,0
UPI_01615,1,8,8.0,0.125,223019.66,201187.41,0.9021061434977578,0.24323651184103853,0.0,0.0,0.0,1.0,0.02379950072230205,0.06451612903225806,2.045458264313168,1.5985053757485999,3.4447481191918348,0.11512415349887133,11,train,-1,organic,,,0
UPI_01616,1,5,5.0,0.2,255022.48,118898.89,0.4662290588235294,0.24393038772468417,0.0,0.0,0.0,1.0,0.0110676744740741,0.08333333333333333,1.4252107571540498,1.4229658009750756,2.000176327272678,0.11764705882352941,18,train,-1,organic,,,0
UPI_01617,2,5,2.5,0.4,54146.23,66081.48,0.8193859613942505,0.26530203661684565,0.0,0.0,0.0,0.9947880830912317,0.01213598954185917,0.07142857142857142,0.9534280701519542,1.0693299397691642,2.000176327272678,0.1281767955801105,9,train,-1,organic,,,0
UPI_01618,1,5,5.0,0.2,210018.51,158478.49,0.7545929523809525,0.2431153232862354,0.0,0.0,0.0,1.0,0.012099071228240577,0.07142857142857142,1.3018635685768476,1.3167117637439967,2.3335390484847913,0.10567514677103718,27,train,-1,organic,,,0
UPI_01619,2,5,2.5,0.4,247994.75,232714.5,0.9383847564949538,0.2635677403607619,0.0,0.0,0.16666666666666666,0.8384833831267429,0.01862716500369633,0.08333333333333333,1.495069790800627,1.2327655930167831,4.000352654545356,0.12814645308924486,4,train,-1,organic,,,0
UPI_01620,1,5,5.0,0.2,163014.37,382539.64,0.42613719547137985,0.243419573033526,0.0,0.0,0.0,1.0,0.013163061281159943,0.05555555555555555,2.2015778678437523,1.5880676231213635,3.000264490909017,0.13686313686313686,22,train,-1,organic,,,0
UPI_01621,1,3,3.0,0.3333333333333333,137012.08,13422.22,0.09796379562043796,0.2435397953398505,0.0,0.0,0.0,1.0,0.010660420449943775,0.08333333333333333,1.9978015585616917,1.605839331297348,3.000264490909017,0.10888252148997135,12,train,-1,organic,,,0
UPI_01622,3,7,2.3333333333333335,0.42857142857142855,206000.95,98607.47,0.4786748446314374,0.30970253783501916,0.0,0.0,0.25,0.8290029679600098,0.01706977210076144,0.08333333333333333,1.9636197602985448,1.7609243515748327,3.000264490909017,0.12611377655928718,32,train,-1,organic,,,0
UPI_01623,2,5,2.5,0.4,264956.58,116591.68,0.4400407015775523,0.3053075848330912,0.0,0.3333333333333333,0.16666666666666666,0.7492817644328431,0.015119005471820064,0.05,1.720512354168445,1.4455207423911423,3.3336272121211303,0.13090257023311416,5,train,-1,organic,,,0
UPI_01624,1,7,7.0,0.14285714285714285,77006.79,70819.11,0.9196476623376623,0.25696203561111375,0.0,0.25,0.0,1.0,0.01938533722608987,0.07407407407407407,1.7831045546099957,1.503403806775906,3.3752975522726443,0.12167606768734891,26,train,-1,organic,,,0
UPI_01625,2,3,1.5,0.6666666666666666,492279.85,238979.91,0.48545539445524605,1.5784452821258164,0.0,0.0,0.0,0.5243280432820281,0.027407518171145503,0.02564102564102564,0.45670770732599575,0.3652309506476647,7.800687676363444,0.11402027027027027,0,train,-1,organic,,,0
UPI_01626,1,4,4.0,0.25,145012.78,61241.07,0.42231496551724135,0.24330955140773808,0.0,0.0,0.0,1.0,0.011363454624883945,0.06666666666666667,1.714134748249901,1.5013935319854665,3.000264490909017,0.12321792260692464,7,train,-1,organic,,,0
UPI_01627,2,4,2.0,0.5,77387.85,58688.35,0.7583664885308453,0.32382992111840236,0.0,0.0,0.0,0.9164316692690004,0.012262820342230621,0.125,1.3819940106036914,1.2834139963980775,2.6669017696969037,0.1281767955801105,9,train,-1,organic,,,0
UPI_01628,2,10,5.0,0.2,99041.85,123073.06,0.8047403016734381,0.2994013514950378,0.038461538461538464,0.0,0.09090909090909091,0.548888192817542,0.02783996659204009,0.05263157894736842,1.3854758198107398,1.201048024285624,3.454850019834626,0.13169845594913715,24,train,-1,organic,,,0
UPI_01629,4,7,1.75,0.5714285714285714,309555.08,35958.8,0.11616284922268208,0.8677504236576156,0.0,0.2222222222222222,0.2222222222222222,0.4498209135905374,0.027117882166694352,0.02702702702702703,2.03713338279753,1.991052424124608,4.11147356161606,0.12321792260692464,7,train,-1,organic,,,0
UPI_01630,3,8,2.6666666666666665,0.375,209760.01,145338.69,0.6928808373277738,0.2694114038534277,0.0,0.0,0.1,0.7694133842733616,0.03016407840683822,0.05128205128205128,2.2119297463946395,1.8262932450725657,3.900343838181722,0.1234676007005254,25,train,-1,organic,,,0
UPI_01631,3,5,1.6666666666666667,0.6,185039.31,73044.85,0.3947531387989601,0.43234865508768877,0.0,0.2857142857142857,0.14285714285714285,0.3885159418299516,0.019020312989817087,0.041666666666666664,1.1174468780098286,1.266860923293679,3.428873703896019,0.12436224489795919,8,train,-1,organic,,,0
UPI_01632,3,5,1.6666666666666667,0.6,456435.75,326414.18,0.7151371844127037,0.9904222428934898,0.07407407407407407,0.42857142857142855,0.14285714285714285,0.489314929336672,0.023035406739896066,0.03125,1.4006967216457027,1.0807186948535128,4.571831605194692,0.12661498708010335,14,train,23,stealth_cycle,23,stealth_cycle,1
UPI_01633,4,7,1.75,0.5714285714285714,197299.66,76119.01,0.3858040562894983,0.6275639691717512,0.0,0.375,0.375,0.5582231304330694,0.020710408089551147,0.03571428571428571,1.8385166833672262,1.660256252377676,3.5003085727271865,0.12436224489795919,8,train,-1,organic,,,0
UPI_01634,2,7,3.5,0.2857142857142857,117418.69,74364.92,0.6333311585872009,0.2712480928842783,0.0,0.0,0.125,0.9436258686612187,0.024560662873270907,0.06060606060606061,2.3207685898060157,1.9711786167306995,4.125363674999899,0.11228070175438597,10,train,-1,organic,,,0
UPI_01635,2,7,3.5,0.2857142857142857,198416.04,65518.02,0.33020523587495976,0.3291413305942163,0.02857142857142857,0.0,0.125,0.7199957878086484,0.0236705454581319,0.03125,2.3549532034722302,1.9324858805312495,4.000352654545356,0.1407942238267148,2,train,-1,organic,,,0
UPI_01636,1,4,4.0,0.25,288025.39,93280.78,0.32386305555555556,0.2447661289205732,0.0,0.0,0.0,1.0,0.012208672546246331,0.11764705882352941,1.5524064317196962,1.4768765343845465,3.4002997563635526,0.11512415349887133,11,train,-1,organic,,,0
UPI_01637,3,6,2.0,0.5,112013.62,30711.21,0.2741738557860786,0.27589854237155226,0.013888888888888888,0.0,0.0,0.9647022861484381,0.019691193282105376,0.038461538461538464,2.6353966133659292,2.2020468680693686,2.8891435838383126,0.13686313686313686,22,train,-1,organic,,,0
UPI_01638,5,3,0.6,0.6,3683846.46,3175996.26,0.8621413229026413,6.7139876732238,0.017857142857142856,1.0,0.0,0.36111702300118875,0.028230141780164766,0.02702702702702703,0.5478542636818621,0.6586184662946979,4.625407756818068,0.3680672268907563,31,train,20,stealth_cycle,20,stealth_cycle,1
UPI_01639,2,3,1.5,0.6666666666666666,264725.59,204256.65,0.7715787833310824,1.392257004274447,0.0,1.0,0.0,0.6205524927832333,0.026462810314694864,0.02702702702702703,1.0919400277454878,1.1370982835501977,7.400652410908909,0.12611377655928718,32,train,-1,organic,,,0
UPI_01640,20,38,1.9,0.5263157894736842,769461.81,260502.1,0.3385510502694601,0.9924187938172463,0.09520921770770163,0.6,0.07407407407407407,0.26598312497723364,0.05784078696387792,0.024390243902439025,3.341869775410142,2.590462127445213,1.5186523966329593,0.145478374836173,30,train,-1,organic,,,0
UPI_01641,2,6,3.0,0.3333333333333333,215088.55,58601.37,0.27245227928318455,1.1741113212151881,0.05555555555555555,0.3333333333333333,0.14285714285714285,0.6796895071127194,0.018547075672274822,0.04,2.0479056542167844,1.8885357702902996,3.571743441558354,0.11512415349887133,11,train,-1,organic,,,0
UPI_01642,1,3,3.0,0.3333333333333333,154013.58,19923.61,0.12936266233766233,0.2435397953398505,0.0,0.0,0.0,1.0,0.013419780213821831,0.18181818181818182,1.826587333981749,1.5498866671360612,2.7502424499999325,0.12661498708010335,14,train,-1,organic,,,0
UPI_01643,3,7,2.3333333333333335,0.42857142857142855,98531.57,81383.27,0.825961441646854,0.4053594025707181,0.011627906976744186,0.0,0.25,0.5299236262438056,0.024696381509701562,0.02857142857142857,1.4282934115648813,1.2107086145590662,4.375385715908983,0.145478374836173,30,train,-1,organic,,,0
UPI_01644,2,6,3.0,0.3333333333333333,63028.98,82414.21,0.7647829175552449,0.27507015816183916,0.037037037037037035,0.0,0.14285714285714285,0.801955525831795,0.013088171073516598,0.058823529411764705,1.1198087836756858,1.2042583566658787,2.42878554025968,0.1,3,train,-1,organic,,,0
UPI_01645,2,5,2.5,0.4,266171.59,93772.37,0.35230042758519475,0.35375287572507497,0.0,0.0,0.16666666666666666,0.8474156303881342,0.018252181664757686,0.08695652173913043,2.1179512725957834,1.7301318209762437,3.8336712939393,0.11228070175438597,10,train,-1,organic,,,0
UPI_01646,2,5,2.5,0.4,103403.92,78069.38,0.7549944484635591,0.32177827277657306,0.0,0.0,0.16666666666666666,0.8347855635165478,0.016650478701262662,0.045454545454545456,1.5540331322261274,1.3171578061967186,3.6669899333332427,0.11764705882352941,18,train,-1,organic,,,0
UPI_01647,3,7,2.3333333333333335,0.42857142857142855,112712.98,187383.7,0.6015089729161744,0.321447203272137,0.0,0.0,0.1111111111111111,0.9033634188930919,0.021752178238959762,0.03333333333333333,1.688164270124831,1.3656254884629442,3.3336272121211303,0.12321792260692464,7,train,-1,organic,,,0
UPI_01648,1,5,5.0,0.2,37003.26,21083.74,0.5697805405405406,0.24318110251457678,0.0,0.0,0.0,1.0,0.011055404723779945,0.08333333333333333,1.292332415305645,1.384408299508754,2.000176327272678,0.12395709177592372,21,train,-1,organic,,,0
UPI_01649,1,7,7.0,0.14285714285714285,50004.41,105744.57,0.47287919591621524,0.24302917371621402,0.0,0.0,0.0,1.0,0.025320219699795192,0.027777777777777776,1.4896124264404649,1.327272035859531,4.500396736363525,0.11764705882352941,18,train,-1,organic,,,0
UPI_01650,1,6,6.0,0.16666666666666666,62005.47,42540.14,0.6860708064516129,0.2429492733378004,0.0,0.0,0.0,1.0,0.017933870800755994,0.043478260869565216,1.8752230769647027,1.6870671754282254,3.286003966233685,0.13169845594913715,24,train,-1,organic,,,0
UPI_01651,6,11,1.8333333333333333,0.5454545454545454,209265.96,123945.62,0.5922875259065209,0.494660806516317,0.011450381679389313,0.4166666666666667,0.4166666666666667,0.5204332886188333,0.04365569098450342,0.03278688524590164,2.3615364264372705,2.1174350284881283,5.083781498484723,0.11402027027027027,0,train,-1,organic,,,0
UPI_01652,4,5,1.25,0.8,155670.83,60224.04,0.3868678404732043,0.3910969914541411,0.02857142857142857,0.0,0.125,0.8141236808333762,0.016096202488524003,0.047619047619047616,1.9292790835582836,1.8739017071919044,2.62523142954539,0.11778115501519756,19,train,-1,organic,,,0
UPI_01653,5,15,3.0,0.3333333333333333,544696.93,271418.43,0.49829256061487387,0.35103207175799367,0.06613756613756613,0.0,0.05263157894736842,0.3637731129423546,0.028706731828289884,0.025,2.104633181295962,1.838591287981069,2.1054487655501872,0.11764705882352941,18,train,-1,organic,,,0
UPI_01654,2,8,4.0,0.25,221513.4,148425.98,0.6700542096266593,0.353740405156991,0.011363636363636364,0.0,0.1111111111111111,0.6480010718721175,0.026363738630383434,0.027777777777777776,1.871740387391022,1.6505784314707108,4.000352654545356,0.110055423594616,17,train,-1,organic,,,0
UPI_01655,15,25,1.6666666666666667,0.6,426233.66,652673.59,0.6530579350599791,0.661761474574531,0.10810810810810811,0.5555555555555556,0.08108108108108109,0.3715641237533948,0.04584839544766672,0.031746031746031744,3.011419214474176,2.272164495752908,1.702852819164577,0.145478374836173,30,train,-1,organic,,,0
UPI_01656,4,7,1.75,0.5714285714285714,268157.33,112849.55,0.42083335369009395,0.4277953808706053,0.009615384615384616,0.25,0.375,0.8004352760845609,0.025219049283049626,0.058823529411764705,2.455226347965492,1.9113480979645527,4.250374695454441,0.12661498708010335,14,train,-1,organic,,,0
UPI_01657,1,6,6.0,0.16666666666666666,105009.26,245025.68,0.42856429166404086,0.2431947146323492,0.023809523809523808,0.0,0.0,1.0,0.012962292648325586,0.058823529411764705,1.3370002620338592,1.2991363851454578,2.42878554025968,0.1,3,train,-1,organic,,,0
UPI_01658,0,76,76.0,0.0,0.0,12788906.92,0.0,0.24082620613995356,0.0,0.0,0.0,1.0,0.10944929937737471,0.03870967741935484,0.42972905106871473,0.42972978426017555,2.0396534916267437,0.12321792260692464,7,train,-1,organic,,,0
UPI_01659,15,0,0.0,0.0,698611.59,0.0,0.0,1.4388952357082594,0.004761904761904762,0.0,0.0,0.09231065109915787,0.027255616440157483,0.05263157894736842,0.521728283756153,0.5413996908011356,2.5335566812120587,0.11376146788990826,15,train,-1,organic,,,0
UPI_01660,35,6,0.17142857142857143,0.17142857142857143,478603.03,2701513.44,0.17716107712961016,3.553049596475878,0.006097560975609756,0.358974358974359,0.0,0.05803925430032812,0.15217995436167006,0.013888888888888888,2.7286133128301993,2.713195622913113,5.268757154767054,0.13090257023311416,5,train,-1,organic,,,0
UPI_01661,4,3,0.75,0.75,347921.39,24917.65,0.07161861057978207,0.28082625889307145,0.047619047619047616,0.0,0.0,0.4974552935442367,0.015298454431145385,0.1111111111111111,1.8386489644141815,1.2370957585099769,2.571655277922015,0.145478374836173,30,train,-1,organic,,,0
UPI_01662,3,8,2.6666666666666665,0.375,300751.66,104557.2,0.34765293158886107,0.3651838167125251,0.018867924528301886,0.0,0.2222222222222222,0.8693733265555689,0.032077222944124746,0.047619047619047616,3.103631044418014,2.1552370839084856,4.667078096969583,0.145478374836173,30,train,-1,organic,,,0
UPI_01663,3,6,2.0,0.5,145870.37,92452.05,0.6337959560669861,0.28709376672207443,0.0,0.0,0.125,0.8003000548273359,0.014155525579919444,0.1,1.566128524153588,1.2771840058212,2.5002204090908475,0.1281767955801105,9,train,-1,organic,,,0
UPI_01664,16,18,1.125,0.8888888888888888,320737.65,599429.26,0.5350717333858414,1.999427421808403,0.07258064516129033,0.0,0.0967741935483871,0.5362180020083963,0.03887605796772207,0.037037037037037035,2.759828731449128,2.683447147853051,1.7420890592374938,0.145478374836173,30,train,-1,organic,,,0
UPI_01665,2,6,3.0,0.3333333333333333,145139.25,88255.63,0.6080755363287991,0.273440565320238,0.0,0.0,0.14285714285714285,0.8821368469650213,0.015017888955962249,0.058823529411764705,1.5542533622676802,1.6237148062901603,2.42878554025968,0.12661498708010335,14,train,-1,organic,,,0
UPI_01666,2,4,2.0,0.5,210601.92,73743.74,0.35015702808412913,0.31503930228028154,0.0,0.0,0.0,0.8876318057314638,0.0118825459840089,0.0625,1.8034949022740376,1.5508037794229144,2.6669017696969037,0.1281767955801105,9,train,-1,organic,,,0
UPI_01667,2,6,3.0,0.3333333333333333,226138.48,244573.11,0.9246252579466375,0.5181333140461,0.0,0.0,0.14285714285714285,0.8600507232354659,0.01970536825319209,0.07407407407407407,1.6988784259977994,1.2851501000157992,3.857482916883022,0.1,3,train,-1,organic,,,0
UPI_01668,17,0,0.0,0.0,853329.34,0.0,0.0,3.1603240922378526,0.0,0.0,0.0,0.07986735785266973,0.03277171767661763,0.045454545454545456,0.5782717020899291,0.5001718251655498,2.5884634823528776,0.12611377655928718,32,train,-1,organic,,,0
UPI_01669,2,7,3.5,0.2857142857142857,111094.52,50540.68,0.4549339949784277,0.2526966292501083,0.0,0.0,0.0,0.5438991509425919,0.021780099643955872,0.03333333333333333,2.0050210512515054,1.3978046896422145,3.3336272121211303,0.12547528517110265,28,train,-1,organic,,,0
UPI_01670,3,11,3.6666666666666665,0.2727272727272727,94948.54,167293.26,0.5675574824285557,0.32855826875887484,0.05,0.5454545454545454,0.07692307692307693,0.5078573393398897,0.029532651935752538,0.05,1.3022525148367257,1.1341307977367483,3.077194349650274,0.12661498708010335,14,train,-1,organic,,,0
UPI_01671,3,6,2.0,0.5,225671.75,71600.57,0.3172775088137984,0.2781265969593202,0.02857142857142857,0.0,0.125,0.9767265743502385,0.019459327003579958,0.037037037037037035,2.6323051146480507,2.208274181986028,3.3752975522726443,0.12395709177592372,21,train,-1,organic,,,0
UPI_01672,1,6,6.0,0.16666666666666666,77006.79,40947.64,0.5317406493506494,0.24312818349492235,0.0,0.0,0.0,1.0,0.014605041030142228,0.058823529411764705,1.7007221709809557,1.5244163151041563,2.42878554025968,0.11626248216833096,29,train,-1,organic,,,0
UPI_01673,4,6,1.5,0.6666666666666666,105726.86,218952.89,0.4828749211119225,0.3667832451889727,0.011363636363636364,0.0,0.1111111111111111,0.5059891587287689,0.01877749386960465,0.041666666666666664,1.2881288114507112,1.28914338409134,2.6669017696969037,0.12395709177592372,21,train,-1,organic,,,0
UPI_01674,2,5,2.5,0.4,209245.85,103053.93,0.49250169910824304,0.316416465283093,0.0,0.0,0.16666666666666666,0.9883361390639738,0.01819811416547361,0.08695652173913043,2.1973399963599447,1.6477373063341234,3.8336712939393,0.12436224489795919,8,train,-1,organic,,,0
UPI_01675,1,90,90.0,0.011111111111111112,5704.59,12665600.7,0.00045040050052097856,0.2561722260990163,0.003907203907203907,0.0,0.0,1.0,0.12566546511812612,0.03932584269662921,0.4685836911435004,0.49236540015256375,1.9562164079919597,0.145478374836173,30,train,-1,organic,,,0
UPI_01676,2,6,3.0,0.3333333333333333,516853.58,400958.88,0.7757687854766651,0.2771187997004086,0.017857142857142856,0.2857142857142857,0.0,0.500050463519555,0.016505022242482355,0.047619047619047616,1.050523740517782,1.0215642316339484,2.62523142954539,0.12167606768734891,26,train,31,stealth_cycle,31,stealth_cycle,1
UPI_01677,2,4,2.0,0.5,120785.25,34282.62,0.28383120291849445,0.29852896411477736,0.0,0.0,0.2,0.8795421027973229,0.012157495285804563,0.0625,1.8408385478382085,1.6423551778685719,3.200282123636285,0.12661498708010335,14,train,-1,organic,,,0
UPI_01678,3,5,1.6666666666666667,0.6,470780.47,190493.03,0.4046324016896243,0.8117393790055972,0.0,0.42857142857142855,0.14285714285714285,0.4601324823685651,0.02301905266207751,0.03125,1.4448450294449853,1.3470468542967073,4.571831605194692,0.11778115501519756,19,train,-1,organic,,,0
UPI_01679,1,6,6.0,0.16666666666666666,138012.17,78296.42,0.5673153623188406,0.2434528213270333,0.0,0.0,0.0,1.0,0.021995003555640703,0.07142857142857142,2.2994048829838483,1.6508237060622462,4.000352654545356,0.1,3,train,-1,organic,,,0
UPI_01680,2,3,1.5,0.6666666666666666,55478.61,70312.96,0.7890239857447563,0.43984431762011783,0.0,0.5,0.0,0.6614882324104294,0.014222837343764524,0.05263157894736842,1.6177055913962142,1.4145184703209193,3.8003350218180882,0.10567514677103718,27,train,-1,organic,,,0
UPI_01681,138,0,0.0,0.0,1996108.75,0.0,0.0,7.759458616161178,0.0006876123981804718,0.0,0.0,0.17063241941247184,0.22973291705718418,0.0121580547112462,3.6696288567536866,3.608781043039931,2.3842681582344603,0.11778115501519756,19,train,-1,organic,,,0
UPI_01682,1,5,5.0,0.2,231020.37,33792.18,0.14627359307359308,0.24348693321257983,0.0,0.0,0.0,1.0,0.01581442731795889,0.047619047619047616,2.651996065949358,2.0559816181918604,3.5003085727271865,0.10630407911001236,13,train,-1,organic,,,0
UPI_01683,3,7,2.3333333333333335,0.42857142857142855,184577.13,66141.97,0.35834325869526185,0.28954978849946583,0.056818181818181816,0.0,0.1111111111111111,0.8173347023516844,0.029136114213567717,0.05128205128205128,2.791170209828933,2.2586641786706165,4.3337153757574685,0.1281767955801105,9,train,-1,organic,,,0
UPI_01684,1,7,7.0,0.14285714285714285,64005.64,199605.97,0.32065996630966026,0.24337124942681343,0.017857142857142856,0.0,0.0,1.0,0.02546864823095591,0.03225806451612903,1.8120714150366433,1.3817727400544528,3.875341634090814,0.12611377655928718,32,train,-1,organic,,,0
UPI_01685,28,3,0.10714285714285714,0.10714285714285714,565128.37,1553665.42,0.3637387821012304,2.9874733600663643,0.005376344086021506,0.18518518518518517,0.0,0.10397085885064758,0.1064752188268112,0.013157894736842105,2.8892375624019078,2.2460136988805326,4.903658092668501,0.12167606768734891,26,train,-1,organic,,,0
UPI_01686,2,5,2.5,0.4,137445.94,224667.19,0.611775752737468,0.27857558091332363,0.025,0.0,0.16666666666666666,0.7571808452914444,0.014439985078682086,0.05263157894736842,1.3477343905859167,1.2303197658756106,3.1669458515150732,0.145478374836173,30,train,-1,organic,,,0
UPI_01687,1,4,4.0,0.25,136011.99,84100.88,0.6183343382352942,0.2419457470393646,0.0,0.0,0.0,1.0,0.008048263566811563,0.09090909090909091,1.8859011631660165,1.5842073612934926,2.200193959999946,0.110055423594616,17,train,-1,organic,,,0
UPI_01688,2,8,4.0,0.25,240990.64,183162.95,0.7600417314397595,0.27176176676676905,0.03409090909090909,0.0,0.1111111111111111,0.9837879461503019,0.021591238275507796,0.06666666666666667,2.081831397999724,1.9109547856077453,3.3336272121211303,0.11778115501519756,19,train,-1,organic,,,0
UPI_01689,2,4,2.0,0.5,289995.19,97926.92,0.3376846395948431,0.3038540418474052,0.0,0.0,0.2,0.9208500784636742,0.014821124466362325,0.1,2.083524935840624,1.6688660885903224,4.000352654545356,0.12642986152919927,6,train,-1,organic,,,0
UPI_01690,3,76,25.333333333333332,0.039473684210526314,213278.87,11616265.57,0.01836036465097941,1.4662235672989188,0.002596559558584875,0.8571428571428571,0.0,0.5333237589587875,0.11223201518230154,0.03773584905660377,0.46667176783564446,0.48982126486502725,2.012835671116176,0.1281767955801105,9,train,20,stealth_cycle,20,stealth_cycle,1
UPI_01691,6,10,1.6666666666666667,0.6,545390.79,358827.54,0.6579273976175459,2.021969022236731,0.012711864406779662,0.6428571428571429,0.14285714285714285,0.26437952145755345,0.046977259596715386,0.03225806451612903,1.5986566098828214,1.3970346432355023,4.428961867532359,0.11626248216833096,29,train,21,layered_fanin,21,layered_fanin,1
UPI_01692,2,5,2.5,0.4,369009.95,79205.97,0.21464454383143552,0.27556978678218585,0.023809523809523808,0.0,0.0,0.8855857506533233,0.02444209579038393,0.030303030303030304,2.390636730298937,1.917360237541277,4.714701342857027,0.11402027027027027,0,train,-1,organic,,,0
UPI_01693,1,5,5.0,0.2,271023.89,107568.09,0.39689523985239855,0.2446823537116759,0.0,0.0,0.0,1.0,0.010980459140055757,0.07142857142857142,1.6739596491062172,1.6847182843765405,2.3335390484847913,0.12167606768734891,26,train,-1,organic,,,0
UPI_01694,4,8,2.0,0.5,272009.01,84352.74,0.31011008216150715,1.5088403143881794,0.0,0.5,0.0,0.27144062317896545,0.0384713344031689,0.05555555555555555,1.1895598812961778,1.1022013349958892,4.500396736363525,0.1407942238267148,2,train,-1,organic,,,0
UPI_01695,1,7,7.0,0.14285714285714285,78006.88,50707.14,0.6500342307692307,0.2441848288381867,0.0,0.0,0.0,1.0,0.01791917020703013,0.04,1.5870459838240945,1.5250850226286976,3.1252755113635593,0.13090257023311416,5,train,-1,organic,,,0
UPI_01696,3,9,3.0,0.3333333333333333,236349.81,194122.49,0.8213355307222808,0.3074620315558757,0.0,0.0,0.2,0.8256354039247181,0.02334813940460623,0.0625,1.9390421799830753,1.7397055594197086,3.200282123636285,0.12611377655928718,32,train,-1,organic,,,0
UPI_01697,2,5,2.5,0.4,144204.16,70170.47,0.4866049963434031,0.32661299620324014,0.0,0.0,0.16666666666666666,0.5918730420561125,0.015492526441484456,0.05263157894736842,1.2962970070078714,1.2816813792319475,3.1669458515150732,0.13686313686313686,22,train,-1,organic,,,0
UPI_01698,2,7,3.5,0.2857142857142857,53983.81,163198.33,0.33078653450823653,0.25253121348554064,0.02857142857142857,0.0,0.125,0.8634382974722679,0.018232485900572658,0.09523809523809523,1.3848773609024587,1.0299244898296656,2.62523142954539,0.13686313686313686,22,train,-1,organic,,,0
UPI_01699,2,8,4.0,0.25,217630.0,117407.57,0.5394824825108643,0.30211816741421393,0.0,0.0,0.1111111111111111,0.8908142634380174,0.02093375774035038,0.07142857142857142,2.20229726654435,1.7259473437451245,3.1113853979797215,0.12436224489795919,8,train,-1,organic,,,0
UPI_01700,2,6,3.0,0.3333333333333333,688089.88,390695.98,0.5677978909093425,1.8260363451202992,0.0,0.375,0.0,0.7704627313257841,0.029890048212232626,0.05,1.3003057449493258,1.2582597737070174,5.000440818181695,0.1,3,train,6,layered_fanin,6,layered_fanin,1
UPI_01701,2,10,5.0,0.2,180482.58,128320.25,0.7109841390656789,0.3201468802735723,0.0,0.0,0.09090909090909091,0.7419324334274479,0.030796942508196104,0.046511627906976744,2.233370869197498,1.7922898296582004,3.9094355487602344,0.11376146788990826,15,train,-1,organic,,,0
UPI_01702,2,5,2.5,0.4,267272.83,109097.0,0.40818588578371046,0.3645704454198219,0.0,0.3333333333333333,0.16666666666666666,0.905762749272522,0.012073702407131534,0.0625,1.6820112736168842,1.571929684792035,2.6669017696969037,0.11512415349887133,11,train,-1,organic,,,0
UPI_01703,2,8,4.0,0.25,81828.87,71809.1,0.8775521053960527,0.3256312522258395,0.0,0.25,0.1111111111111111,0.5511820456442871,0.021718856065354616,0.034482758620689655,1.2424767104368655,1.2423792558975268,3.222506305050426,0.12661498708010335,14,train,-1,organic,,,0
UPI_01704,2,6,3.0,0.3333333333333333,95795.3,122684.41,0.7808270712547012,0.2987303359666439,0.0,0.5,0.14285714285714285,0.7109222393560859,0.01684313306685381,0.043478260869565216,1.862491323071697,1.4239846923288713,3.286003966233685,0.12642986152919927,6,train,-1,organic,,,0
UPI_01705,3,7,2.3333333333333335,0.42857142857142855,156776.23,66933.29,0.4269351944767881,0.27673544166097835,0.044444444444444446,0.0,0.0,0.9528632461612239,0.028378957832561245,0.05263157894736842,2.8821016923550156,2.206934146631749,3.8003350218180882,0.13686313686313686,22,train,-1,organic,,,0
UPI_01706,3,3,1.0,1.0,78318.54,284464.13,0.2753195807678306,1.9877820691528756,0.0,1.0,0.0,0.48283741421549264,0.025425038511455392,0.029411764705882353,0.690157939029707,0.7841429820180172,5.667166260605922,0.145478374836173,30,train,-1,organic,,,0
UPI_01707,2,5,2.5,0.4,139227.53,80119.56,0.5754577479509071,0.34452318129328396,0.0,0.0,0.16666666666666666,0.6442853691445318,0.021209622992856583,0.034482758620689655,1.6909953811381293,1.4491634675632783,4.833759457575638,0.13169845594913715,24,train,-1,organic,,,0
UPI_01708,4,4,1.0,1.0,3161244.79,2447994.91,0.7743768882102947,7.127773339154105,0.03571428571428571,1.0,0.0,0.2984261108834238,0.026654116019844108,0.02702702702702703,0.46524765696680304,0.576880795034203,4.625407756818068,0.3680672268907563,31,train,-1,organic,,,0
UPI_01709,8,7,0.875,0.875,6728533.48,5071664.65,0.7537548356255336,10.170918348473306,0.047619047619047616,0.9230769230769231,0.0,0.21252786373364044,0.05282077617196097,0.02666666666666667,0.49118829271651154,0.6212171473988252,5.000440818181695,0.3680672268907563,31,train,-1,organic,,,0
UPI_01710,2,6,3.0,0.3333333333333333,173577.14,187993.32,0.9233154632155306,0.2676316024910093,0.037037037037037035,0.0,0.14285714285714285,0.8181069443011952,0.0161501456600556,0.045454545454545456,1.255571441202613,1.0849332084787788,3.143134228571351,0.12436224489795919,8,train,-1,organic,,,0
UPI_01711,2,5,2.5,0.4,238610.84,70760.83,0.2965532769400336,0.3030285835416767,0.0,0.0,0.16666666666666666,0.9228436458110474,0.01459079572976045,0.05555555555555555,2.030579735439728,1.7781517989535425,3.000264490909017,0.12547528517110265,28,train,-1,organic,,,0
UPI_01712,2,3,1.5,0.6666666666666666,528566.37,30926.35,0.058509864257301106,0.269269450673196,0.0,0.6666666666666666,0.0,0.5295656484768091,0.009456210957559563,0.16666666666666666,1.9782949129580851,1.4508680209635214,2.4002115927272136,0.11402027027027027,0,train,-1,organic,,,0
UPI_01713,3,7,2.3333333333333335,0.42857142857142855,211647.03,120011.81,0.5670375384925944,1.038730416397842,0.022222222222222223,0.3333333333333333,0.0,0.35906246363111444,0.0228473628288147,0.06451612903225806,1.3147573939787989,1.0965719013494286,3.100273307272651,0.110055423594616,17,train,17,stealth_cycle,17,stealth_cycle,1
UPI_01714,2,4,2.0,0.5,242901.37,49574.78,0.20409427768351082,0.26329902746848893,0.0,0.0,0.2,0.92195272621694,0.012590726090852348,0.13333333333333333,1.9601033948357622,1.6978622126072718,3.000264490909017,0.11402027027027027,0,train,-1,organic,,,0
UPI_01715,2,2,1.0,1.0,1012406.45,956362.15,0.944642489527986,2.960666573661931,0.0,1.0,0.0,0.6473952146037052,0.012874747925399777,0.0625,0.5675469705598226,0.5579734168132059,4.000352654545356,0.3680672268907563,31,train,-1,organic,,,0
UPI_01716,1,5,5.0,0.2,228020.1,245551.11,0.9286054716203913,0.25696203561111375,0.0,0.5,0.0,1.0,0.016407000856541957,0.11764705882352941,1.3578890721471373,1.149811923996702,2.833583130302961,0.145478374836173,30,train,-1,organic,,,0
UPI_01717,1,5,5.0,0.2,219019.31,87028.06,0.39735337899543377,0.24300263629185762,0.0,0.0,0.0,1.0,0.01261923921323425,0.125,1.823890250098826,1.6486825565400385,2.6669017696969037,0.110055423594616,17,train,-1,organic,,,0
UPI_01718,5,12,2.4,0.4166666666666667,211936.16,231315.97,0.9162193242084434,0.4677576813787581,0.01893939393939394,0.0,0.3076923076923077,0.6306253226049826,0.03119252938921128,0.045454545454545456,1.9564820580233415,1.4837629967866928,3.3849137846153012,0.12661498708010335,14,train,-1,organic,,,0
UPI_01719,3,8,2.6666666666666665,0.375,230532.65,147091.43,0.6380502943161435,0.5491543379936917,0.0,0.2,0.1,0.5838772618342727,0.03221525392273242,0.043478260869565216,2.115804778260882,1.8674441909341706,4.6004055527271595,0.11626248216833096,29,train,-1,organic,,,0
UPI_01720,5,7,1.4,0.7142857142857143,162654.19,79532.24,0.48896521977854746,0.7716790144908277,0.015873015873015872,0.4444444444444444,0.3333333333333333,0.689233245796422,0.029562400669070402,0.05128205128205128,2.322052572004501,1.9360504616519774,4.3337153757574685,0.1407942238267148,2,train,-1,organic,,,0
UPI_01721,32,4,0.125,0.125,642411.73,3225794.85,0.1991483531003749,1.9964795162550677,0.015873015873015872,0.2903225806451613,0.0,0.07257340448516586,0.12722161924068842,0.016574585635359115,2.8864574162546086,2.9567694507322155,5.028221044949371,0.10630407911001236,13,train,-1,organic,,,0
UPI_01722,2,6,3.0,0.3333333333333333,83434.36,58692.48,0.7034570342934541,0.26922160812017387,0.0,0.0,0.14285714285714285,0.6427251412549408,0.014166078380911683,0.05,1.2360893998032232,1.4208620729455395,2.857394753246683,0.1234676007005254,25,train,-1,organic,,,0
UPI_01723,6,6,1.0,1.0,424182.82,131646.7,0.3103536680803092,1.94375327051492,0.023076923076923078,0.25,0.09090909090909091,0.23945187738677917,0.023839703702087843,0.029411764705882353,1.3169255316221695,1.3238353043134659,3.0911815966941387,0.11764705882352941,18,train,-1,organic,,,0
UPI_01724,2,6,3.0,0.3333333333333333,162380.2,78766.77,0.48507620658501605,0.27932107629300157,0.037037037037037035,0.0,0.14285714285714285,0.9246602579260301,0.011432604899972117,0.06666666666666667,1.6567868219578752,1.2922569005859639,2.143046064935012,0.110055423594616,17,train,-1,organic,,,0
UPI_01725,1,4,4.0,0.25,122010.76,60913.76,0.49924909836065573,0.25696203561111375,0.0,0.6,0.0,1.0,0.011295914089263307,0.07692307692307693,1.4987898948343377,1.2778824154419697,2.6002292254544814,0.12167606768734891,26,train,-1,organic,,,0
UPI_01726,2,10,5.0,0.2,336570.29,115608.91,0.3434911363745631,0.2719362047446621,0.11363636363636363,0.4,0.0,0.5091230916952508,0.01497581537184249,0.05263157894736842,1.5152534872300105,1.5076057167655805,1.5834729257575366,0.1,3,train,-1,organic,,,0
UPI_01727,2,2,1.0,1.0,213461.77,189636.01,0.8883839452181485,1.4335884211440022,0.0,1.0,0.0,0.600502356688859,0.021660410885960945,0.03333333333333333,0.870521586393285,0.7340370901646861,7.500661227272543,0.12013536379018612,23,train,-1,organic,,,0
UPI_01728,2,4,2.0,0.5,266917.58,34398.28,0.12887229970094874,0.26745536156092836,0.0,0.0,0.2,0.9148426472924887,0.01123269713327751,0.07142857142857142,2.0131839783253915,1.7846363171092428,2.8002468581817492,0.12547528517110265,28,train,-1,organic,,,0
UPI_01729,4,8,2.0,0.5,233165.07,139583.47,0.5986465390651259,0.44073388627092835,0.0,0.375,0.3333333333333333,0.646834699285355,0.02329912467463596,0.06060606060606061,1.9289457099543188,1.685886311227556,3.6669899333332427,0.11512415349887133,11,train,-1,organic,,,0
UPI_01730,2,6,3.0,0.3333333333333333,259155.07,80117.86,0.3091502862901418,0.43029595177291835,0.0,0.0,0.0,0.6562682622818594,0.023062065784542653,0.0625,2.292510961429876,1.793883027389036,4.000352654545356,0.11626248216833096,29,train,-1,organic,,,0
UPI_01731,3,9,3.0,0.3333333333333333,229583.86,127708.88,0.5562624426291937,0.30535905236862954,0.0390625,0.0,0.2,0.9441088250077684,0.029530938540882574,0.047619047619047616,2.8411957939930867,2.0809058694646128,4.200370287272624,0.110055423594616,17,train,-1,organic,,,0
UPI_01732,3,8,2.6666666666666665,0.375,902011.62,694361.35,0.769792027581677,0.9480724641368694,0.00909090909090909,0.2857142857142857,0.0,0.8209152026576102,0.0298743203937878,0.14285714285714285,0.7470120475215155,1.334243986748083,3.8185184429751127,0.1281767955801105,9,train,28,fast_cycle,28,fast_cycle,1
UPI_01733,2,4,2.0,0.5,100278.18,63930.73,0.6375337665531657,0.2779748070025686,0.0,0.0,0.2,0.7703522166371164,0.014161326493937131,0.05263157894736842,1.4527499133789148,1.3577731036679097,3.8003350218180882,0.12642986152919927,6,train,-1,organic,,,0
UPI_01734,1,3,3.0,0.3333333333333333,108009.52,26979.04,0.2497838888888889,0.243419573033526,0.0,0.0,0.0,1.0,0.012381470147268252,0.07142857142857142,1.8820069965922295,1.4817067846606824,3.5003085727271865,0.1407942238267148,2,train,-1,organic,,,0
UPI_01735,1,10,10.0,0.1,125511.06,120570.96,0.960640079681275,0.24197076471309445,0.03636363636363636,0.0,0.0,1.0,0.02947546537899951,0.047619047619047616,3.3568441889583966,2.254509683998299,3.8185184429751127,0.12642986152919927,6,train,-1,organic,,,0
UPI_01736,1,4,4.0,0.25,113009.96,25947.38,0.22960256637168142,0.24328858614406598,0.0,0.0,0.0,1.0,0.009950853838541867,0.08333333333333333,1.751605057400522,1.5794172429786013,2.4002115927272136,0.1281767955801105,9,train,-1,organic,,,0
UPI_01737,3,9,3.0,0.3333333333333333,227963.74,101469.64,0.44511305513941957,0.9809583368100818,0.0,0.4,0.09090909090909091,0.790301195980274,0.028465968934139236,0.05,2.121792807557717,1.957101389668427,3.636684231404869,0.12642986152919927,6,train,-1,organic,,,0
UPI_01738,21,2,0.09523809523809523,0.09523809523809523,1037241.44,2733.23,0.002635096177023574,0.9204112938424521,0.001976284584980237,0.0,0.0,0.07335711690628549,0.03649891205166,0.038461538461538464,0.5869895541937183,0.6605689235119029,2.2610688916995487,0.12436224489795919,8,train,-1,organic,,,0
UPI_01739,2,7,3.5,0.2857142857142857,233552.84,137563.73,0.589004730610012,0.9608205016634204,0.013888888888888888,0.2857142857142857,0.0,0.6466343982229141,0.023991706396396698,0.029411764705882353,1.9358898775890803,1.6285872156810905,3.778110840403947,0.12167606768734891,26,train,-1,organic,,,0
UPI_01740,2,3,1.5,0.6666666666666666,372460.79,28075.5,0.07537838995761759,0.2592476522810525,0.1,0.0,0.0,0.958331830486365,0.008469216856222426,0.09090909090909091,1.4350911276747018,1.674967808678709,2.200193959999946,0.13169845594913715,24,train,-1,organic,,,0
UPI_01741,1,4,4.0,0.25,176015.52,70868.57,0.4026268181818182,0.2435397953398505,0.0,0.0,0.0,1.0,0.011163960749994883,0.06666666666666667,1.7345936375640314,1.5036330411389573,3.000264490909017,0.110055423594616,17,train,-1,organic,,,0
UPI_01742,1,3,3.0,0.3333333333333333,62005.47,3730.94,0.06017112903225807,0.24285468123492607,0.0,0.0,0.0,1.0,0.008851282645690533,0.14285714285714285,1.456235333288816,1.5797967807154822,1.7501542863635933,0.12013536379018612,23,train,-1,organic,,,0
UPI_01743,4,7,1.75,0.5714285714285714,354701.91,99444.83,0.2803616899329474,0.4685156080200289,0.009433962264150943,0.625,0.2222222222222222,0.6600195470500352,0.02546200326471143,0.029411764705882353,1.9241617221862823,1.8289743595020946,3.778110840403947,0.11764705882352941,18,train,-1,organic,,,0
UPI_01744,1,4,4.0,0.25,96008.46,55603.48,0.579151875,0.2434528213270333,0.0,0.0,0.0,1.0,0.013889119972337504,0.125,1.567262727064481,1.3209399837176263,3.200282123636285,0.12436224489795919,8,train,-1,organic,,,0
UPI_01745,38,5,0.13157894736842105,0.13157894736842105,880928.57,2249726.87,0.391571342322245,3.1658057351190227,0.02823920265780731,0.38235294117647056,0.0,0.06094935087539775,0.16210089018447785,0.008695652173913044,2.5609280482389116,2.0909052551044742,5.3493087822408825,0.145478374836173,30,train,-1,organic,,,0
UPI_01746,5,7,1.4,0.7142857142857143,372547.29,108896.46,0.29230237914260776,0.8280156653738382,0.0,0.4444444444444444,0.3333333333333333,0.3979476261791834,0.027710579184657653,0.02564102564102564,1.492612050624162,1.5284411853478712,4.3337153757574685,0.11512415349887133,11,train,-1,organic,,,0
UPI_01747,2,6,3.0,0.3333333333333333,37901.82,51698.92,0.7331260121993967,0.27753112674520247,0.037037037037037035,0.0,0.14285714285714285,0.9537090013598146,0.01636462923738654,0.08695652173913043,1.2973071674832495,1.2334285469983637,3.286003966233685,0.12013536379018612,23,train,-1,organic,,,0
UPI_01748,3,6,2.0,0.5,275280.05,103563.26,0.3762105558691629,0.39368152522357225,0.0,0.2857142857142857,0.125,0.5852229873732364,0.02044944600304848,0.07407407407407407,1.6305413337256986,1.320435081332395,3.3752975522726443,0.12642986152919927,6,train,-1,organic,,,0
UPI_01749,2,7,3.5,0.2857142857142857,411414.21,173313.96,0.4212639112345208,0.25042920054236956,0.0,0.0,0.0,0.990911679876409,0.01285843380307626,0.05555555555555555,1.483200016494044,1.8103756928463164,2.000176327272678,0.12321792260692464,7,train,-1,organic,,,0
UPI_01750,2,5,2.5,0.4,266793.37,137880.87,0.5168076902243638,0.3044940606856441,0.0,0.3333333333333333,0.16666666666666666,0.8691815529619218,0.014629354398462977,0.05263157894736842,1.7177673772544362,1.53617520020434,3.1669458515150732,0.12547528517110265,28,train,-1,organic,,,0
UPI_01751,3,9,3.0,0.3333333333333333,172305.45,141842.03,0.82320109099609,0.2956855673560973,0.0234375,0.0,0.2,0.9072374900480207,0.027889547855603655,0.02564102564102564,2.2463010234660916,1.768826876296136,3.900343838181722,0.12611377655928718,32,train,-1,organic,,,0
UPI_01752,26,1,0.038461538461538464,0.038461538461538464,1292603.33,13446.04,0.010402290500831815,1.1824468917476094,0.0,0.0,0.0,0.04859403599896492,0.04525701314089658,0.047619047619047616,0.43359576803443445,0.44348225782772455,2.3335390484847913,0.145478374836173,30,train,-1,organic,,,0
UPI_01753,2,8,4.0,0.25,182352.67,241552.76,0.7549185619579923,0.2652346114053753,0.011363636363636364,0.3333333333333333,0.1111111111111111,0.9640715721790416,0.021978563321946164,0.034482758620689655,1.724320203388863,1.5005512845172684,3.222506305050426,0.12013536379018612,23,train,-1,organic,,,0
UPI_01754,3,7,2.3333333333333335,0.42857142857142855,265398.77,119541.3,0.45042145395784094,0.3182053726375061,0.0,0.25,0.25,0.828984162213405,0.021087094091743502,0.07142857142857142,2.1869525654995505,1.8611387530438877,3.5003085727271865,0.110055423594616,17,train,-1,organic,,,0
UPI_01755,2,7,3.5,0.2857142857142857,267992.8,73400.11,0.27388837305425845,0.44498859719614803,0.04285714285714286,0.0,0.125,0.9283627276503861,0.023007643238041282,0.03225806451612903,2.847491810268323,2.120639532932259,3.875341634090814,0.11626248216833096,29,train,-1,organic,,,0
UPI_01756,4,6,1.5,0.6666666666666666,169569.66,96639.67,0.5699113283258246,0.3901635084321377,0.011627906976744186,0.0,0.25,0.39792769447653886,0.02057594688139681,0.03571428571428571,1.369180897929289,1.155115368783569,3.5003085727271865,0.1407942238267148,2,train,-1,organic,,,0
UPI_01757,2,3,1.5,0.6666666666666666,336029.09,165845.38,0.49354470707944875,1.2643892133392873,0.0,0.6,0.0,0.705514850881608,0.02718571502980844,0.02564102564102564,0.5572496013501432,0.45357681302043473,7.800687676363444,0.1407942238267148,2,train,-1,organic,,,0
UPI_01758,6,8,1.3333333333333333,0.75,301226.0,127300.96,0.4226094702364164,0.3446273890096761,0.005747126436781609,0.0,0.4,0.4786817049772181,0.02567339705397769,0.029411764705882353,1.9787050342209918,1.4575320624460648,3.4002997563635526,0.12436224489795919,8,train,-1,organic,,,0
UPI_01759,1,8,8.0,0.125,99008.73,57885.65,0.5846520202020202,0.2446823537116759,0.0,0.0,0.0,1.0,0.014070234354083961,0.1111111111111111,1.7259597505085766,1.688737839477826,2.000176327272678,0.12814645308924486,4,train,-1,organic,,,0
UPI_01760,1,7,7.0,0.14285714285714285,70006.17,54728.16,0.781762,0.24300263629185762,0.0,0.0,0.0,1.0,0.02083641742734802,0.038461538461538464,1.9182646202688725,1.673618855291049,3.2502865318181016,0.1407942238267148,2,train,-1,organic,,,0
UPI_01761,2,6,3.0,0.3333333333333333,175751.93,78491.86,0.44660595150328525,0.3031443784965497,0.0,0.0,0.14285714285714285,0.9262735203312686,0.014997312981424163,0.1111111111111111,1.7841578240634084,1.634864723991964,2.571655277922015,0.12395709177592372,21,train,-1,organic,,,0
UPI_01762,2,3,1.5,0.6666666666666666,226406.68,179140.05,0.7912313054405312,1.2556346617202803,0.0,1.0,0.0,0.7221721632123783,0.023269949295211412,0.03333333333333333,0.6418517541738079,0.6954043309048695,6.000528981818034,0.110055423594616,17,train,-1,organic,,,0
UPI_01763,5,10,2.0,0.5,321019.68,117360.59,0.3655868889687941,0.4229422773705917,0.0,0.36363636363636365,0.36363636363636365,0.7356663821912176,0.042768171942548894,0.03389830508474576,3.3512932219902085,2.294129595800899,5.364109241322182,0.110055423594616,17,train,-1,organic,,,0
UPI_01764,30,1,0.03333333333333333,0.03333333333333333,1425087.92,1986.78,0.0013941421565619113,1.9830047018279828,0.002150537634408602,0.0,0.0,0.05189901223963821,0.0540255674243759,0.025974025974025976,0.5680471356101563,0.6153921634398035,2.4840899548386486,0.10567514677103718,27,train,-1,organic,,,0
UPI_01765,3,8,2.6666666666666665,0.375,116835.01,125393.02,0.9317504741710471,0.2889300227927344,0.027777777777777776,0.2222222222222222,0.1,0.7039902174717145,0.024475481826054912,0.058823529411764705,2.4283760158328187,1.8164627581552824,3.4002997563635526,0.10567514677103718,27,train,-1,organic,,,0
UPI_01766,4,10,2.5,0.4,237337.42,143080.33,0.6028561857266562,0.5530895238605301,0.011363636363636364,0.4444444444444444,0.2727272727272727,0.6410376719222706,0.028344791372039317,0.05128205128205128,2.167075227470831,1.690972995779315,3.545767125619747,0.1234676007005254,25,train,-1,organic,,,0
UPI_01767,4,8,2.0,0.5,279925.59,77680.21,0.2775030634948632,1.9832253423639983,0.015384615384615385,0.4444444444444444,0.09090909090909091,0.2689669278872003,0.03547311778159004,0.02,1.1190320907301547,1.2609681705160003,4.545855289256087,0.11778115501519756,19,train,-1,organic,,,0
UPI_01768,7,4,0.5714285714285714,0.5714285714285714,7130677.95,5425110.01,0.760812652384815,10.84168577532201,0.02727272727272727,0.9090909090909091,0.0,0.18541031918847306,0.049479775141910744,0.028985507246376812,0.3461186126517448,0.31594550133305616,6.273280299173399,0.3680672268907563,31,train,-1,organic,,,0
UPI_01769,2,5,2.5,0.4,219134.66,113559.44,0.5182176199986729,0.3091872360926327,0.0,0.0,0.16666666666666666,0.7308470585797191,0.01331439730161548,0.05555555555555555,1.4842714309804015,1.4329552925173963,3.000264490909017,0.13169845594913715,24,train,-1,organic,,,0
UPI_01770,2,2,1.0,1.0,2427789.25,2211955.32,0.9110985697444278,6.596335038795794,0.08333333333333333,1.0,0.0,0.5625198227424985,0.019016662470088375,0.08333333333333333,0.1168483074681001,0.05080839531074397,6.000528981818034,0.3680672268907563,31,train,-1,organic,,,0
UPI_01771,2,8,4.0,0.25,182204.06,71759.66,0.3938422398840758,0.2759452767534944,0.0,0.0,0.1111111111111111,0.7778476687623248,0.024353910066024165,0.08823529411764706,2.485549899192474,1.9409387896961166,3.778110840403947,0.1281767955801105,9,train,-1,organic,,,0
UPI_01772,4,5,1.25,0.8,172382.47,47995.67,0.2784254806611487,0.46434145601322513,0.0,0.2857142857142857,0.125,0.9280967063938228,0.018699489464980335,0.08333333333333333,2.4647440063150072,1.9941278322106368,3.000264490909017,0.13169845594913715,24,train,-1,organic,,,0
UPI_01773,1,6,6.0,0.16666666666666666,261023.01,117407.37,0.4497970114942529,0.24337124942681343,0.0,0.0,0.0,1.0,0.018576319598433953,0.07692307692307693,2.418290777923954,1.742025983350681,3.714613179220688,0.11778115501519756,19,train,-1,organic,,,0
UPI_01774,4,8,2.0,0.5,347023.88,58295.63,0.16798736943875772,0.676893054966532,0.015151515151515152,0.0,0.0,0.4135536482285782,0.03319995141661956,0.0425531914893617,1.0190087481822316,0.9711728545229359,3.9170119742423277,0.12642986152919927,6,train,-1,organic,,,0
UPI_01775,4,9,2.25,0.4444444444444444,67770.44,95913.98,0.7065752836750168,0.311708827408759,0.02666666666666667,0.0,0.3,0.44158533553993035,0.030742283150726555,0.023255813953488372,1.0250176760847944,1.1897907373619678,4.300379103636257,0.12013536379018612,23,train,-1,organic,,,0
UPI_01776,40,3,0.075,0.075,593243.91,986092.76,0.6016106517341789,3.163689541990805,0.017718715393133997,0.11428571428571428,0.0,0.08022724586472389,0.14172294722925013,0.009900990099009901,2.9849298980302637,2.181465993021911,4.698088582663733,0.11778115501519756,19,train,-1,organic,,,0
UPI_01777,1,7,7.0,0.14285714285714285,211018.6,211935.51,0.9956736329058904,0.24499596870931775,0.0,0.25,0.0,1.0,0.024846655709160035,0.08571428571428572,2.095123403086671,1.717795153562015,4.375385715908983,0.13686313686313686,22,train,-1,organic,,,0
UPI_01778,1,4,4.0,0.25,55004.85,20742.15,0.37709672727272725,0.24300263629185762,0.05,0.0,0.0,1.0,0.010473782812397716,0.07142857142857142,1.6874473065485016,1.5339849030445019,2.8002468581817492,0.12395709177592372,21,train,-1,organic,,,0
UPI_01779,1,6,6.0,0.16666666666666666,179015.78,106640.45,0.5957041899441341,0.2431153232862354,0.0,0.0,0.0,1.0,0.010688438355817322,0.06666666666666667,1.50775399127389,1.4666372771846938,2.143046064935012,0.12661498708010335,14,train,-1,organic,,,0
UPI_01780,4,7,1.75,0.5714285714285714,147476.66,55299.24,0.3749694670537812,0.3989591319829153,0.009433962264150943,0.0,0.2222222222222222,0.6892404036095362,0.027840278497965422,0.05128205128205128,2.520000214181615,2.1396425289626695,4.3337153757574685,0.12395709177592372,21,train,-1,organic,,,0
UPI_01781,2,6,3.0,0.3333333333333333,193904.53,113182.97,0.5837045968526894,0.28239507201266917,0.0,0.0,0.14285714285714285,0.8758988305667512,0.013646403161922156,0.05555555555555555,1.5659981096854092,1.4955970309750535,2.571655277922015,0.12814645308924486,4,train,-1,organic,,,0
UPI_01782,1,7,7.0,0.14285714285714285,64005.64,77559.22,0.8252486899821772,0.24285468123492607,0.0,0.0,0.0,1.0,0.024464710890132444,0.030303030303030304,1.796963752207201,1.6695406325550883,4.125363674999899,0.11626248216833096,29,train,-1,organic,,,0
UPI_01783,1,3,3.0,0.3333333333333333,247521.82,51174.11,0.2067458585858586,0.24427917217240672,0.0,0.0,0.0,1.0,0.012559805298390807,0.11764705882352941,1.7167146991734201,1.4925050811962697,4.250374695454441,0.12395709177592372,21,train,-1,organic,,,0
UPI_01784,2,8,4.0,0.25,171000.64,93370.16,0.5460222754469864,0.3493466648215146,0.045454545454545456,0.0,0.1111111111111111,0.943384678081397,0.024265657476763795,0.030303030303030304,2.434197725318604,1.998017036667265,3.6669899333332427,0.1330166270783848,1,train,-1,organic,,,0
UPI_01785,3,7,2.3333333333333335,0.42857142857142855,102953.64,52928.95,0.5141046792564853,0.331817805742414,0.023255813953488372,0.25,0.25,0.6027981376041616,0.022365610637084418,0.03333333333333333,1.7926549014119908,1.7581001875166513,3.7503306136362715,0.12661498708010335,14,train,-1,organic,,,0
UPI_01786,26,44,1.6923076923076923,0.5909090909090909,666134.7,1532396.07,0.434701391403963,1.6897387910460637,0.0664451827242525,0.7333333333333333,0.1111111111111111,0.2193146922444726,0.07551620721647259,0.01904761904761905,2.8755317879969513,2.5421532312293946,1.6668136060605652,0.145478374836173,30,train,-1,organic,,,0
UPI_01787,1,7,7.0,0.14285714285714285,263023.19,83100.35,0.3159430418250951,0.24337124942681343,0.0,0.0,0.0,1.0,0.018218066110877635,0.045454545454545456,2.363025180551643,1.974709944274089,2.7502424499999325,0.1281767955801105,9,train,-1,organic,,,0
UPI_01788,1,5,5.0,0.2,225019.84,243224.13,0.9251542406870582,0.2434528213270333,0.06666666666666667,0.0,0.0,1.0,0.015519992006696926,0.11764705882352941,1.3007619560439965,1.2128744289316038,2.833583130302961,0.1281767955801105,9,train,-1,organic,,,0
UPI_01789,1,8,8.0,0.125,229020.19,262204.32,0.873441693247201,0.24318110251457678,0.0,0.0,0.0,1.0,0.023685990753292262,0.06060606060606061,1.9297786725620325,1.3897618165688599,3.6669899333332427,0.12395709177592372,21,train,-1,organic,,,0
UPI_01790,1,3,3.0,0.3333333333333333,202017.81,30578.31,0.15136440594059405,0.24393038772468417,0.0,0.0,0.0,1.0,0.008105701956040977,0.1,1.6746479353200905,1.5405217231621517,2.5002204090908475,0.10888252148997135,12,train,-1,organic,,,0
UPI_01791,5,6,1.2,0.8333333333333334,294993.07,63244.73,0.21439393944530621,1.597635111389266,0.0,0.5,0.1,0.2372934316335548,0.02684966425489281,0.05555555555555555,0.9697514364291808,1.0644525941315923,3.6003173890908204,0.10567514677103718,27,train,-1,organic,,,0
UPI_01792,3,7,2.3333333333333335,0.42857142857142855,164625.03,114211.63,0.693768296218249,0.4767260338013069,0.022727272727272728,0.2222222222222222,0.1111111111111111,0.878476883201913,0.029578173729392573,0.05263157894736842,2.4215389703834544,1.8724065016104319,4.222594468686765,0.1234676007005254,25,train,-1,organic,,,0
UPI_01793,17,44,2.588235294117647,0.38636363636363635,394098.07,1652888.26,0.23842995389693336,1.0739384654023083,0.06376573617952928,0.5,0.05172413793103448,0.2605506513087052,0.0619058379835205,0.047058823529411764,2.6548942118468584,2.5235521729303683,1.4656464467084278,0.145478374836173,30,train,-1,organic,,,0
UPI_01794,6,13,2.1666666666666665,0.46153846153846156,777142.31,521575.96,0.6711460095553344,0.36695572412736127,0.05847953216374269,0.0,0.0,0.3878431528664964,0.019533069214888177,0.041666666666666664,1.8418857058222993,1.6926363301831375,1.2632692593301125,0.12661498708010335,14,train,-1,organic,,,0
UPI_01795,136,0,0.0,0.0,3770780.27,0.0,0.0,8.400225441179947,0.000980392156862745,0.0,0.0,0.15669314320995043,0.24083723611267233,0.011627906976744186,3.2566361458736477,3.6764530034001197,2.5296347668448576,0.11778115501519756,19,train,-1,organic,,,0
UPI_01796,2,8,4.0,0.25,222410.4,103505.93,0.46538262668161745,0.28331521922404035,0.0,0.0,0.1111111111111111,0.894776027936729,0.032935588584286704,0.046511627906976744,2.884457678726265,2.1146063313780203,4.778199004040286,0.10630407911001236,13,train,-1,organic,,,0
UPI_01797,27,5,0.18518518518518517,0.18518518518518517,498311.06,551580.08,0.9034246913752609,3.290067707331529,0.010080645161290322,0.38461538461538464,0.0,0.07123044834114264,0.10592009834260942,0.026490066225165563,1.9356297242093192,1.616543897515522,4.719166022158975,0.11512415349887133,11,train,-1,organic,,,0
UPI_01798,2,6,3.0,0.3333333333333333,195916.69,82546.38,0.42133407031016223,0.36546606700000894,0.0,0.0,0.14285714285714285,0.876977380972763,0.014287366971219092,0.05,1.9480050849997532,1.5794989453742763,2.857394753246683,0.11626248216833096,29,train,-1,organic,,,0
UPI_01799,2,9,4.5,0.2222222222222222,250640.28,219364.37,0.8752159560012764,0.27107128781247036,0.018518518518518517,0.0,0.1,0.9188541755595219,0.03595372544043313,0.058823529411764705,2.5249389126556405,1.9656193838272367,5.1004496345453285,0.1234676007005254,25,train,-1,organic,,,0
UPI_01800,3,9,3.0,0.3333333333333333,385994.62,152261.67,0.39446579247896785,0.7007994957667517,0.015384615384615385,0.2222222222222222,0.09090909090909091,0.4756863326616081,0.02600047145916612,0.027777777777777776,1.5934797254041253,1.4144752271734147,3.2730158082643825,0.1407942238267148,2,train,-1,organic,,,0
UPI_01801,3,6,2.0,0.5,152547.53,87847.41,0.5758691434727243,0.2973331976006928,0.0,0.42857142857142855,0.2857142857142857,0.6797980825132809,0.01744845803466722,0.043478260869565216,1.5970726064059735,1.4067160458919132,3.286003966233685,0.11512415349887133,11,train,-1,organic,,,0
UPI_01802,1,9,9.0,0.1111111111111111,123010.84,102626.61,0.8342891056910569,0.2446823537116759,0.0,0.0,0.0,1.0,0.03245431017148654,0.043478260869565216,2.539888426087381,1.9423013693628015,4.6004055527271595,0.11778115501519756,19,train,-1,organic,,,0
UPI_01803,3,8,2.6666666666666665,0.375,156574.49,114005.52,0.7281231961867312,0.28733228246586695,0.0,0.0,0.1,0.5376139877763769,0.02735101142274335,0.05405405405405406,2.456534419072073,1.823295779758683,3.7003262054544543,0.12436224489795919,8,train,-1,organic,,,0
UPI_01804,4,4,1.0,1.0,260626.39,117784.17,0.45192727907896524,0.4347569405829585,0.03571428571428571,0.0,0.0,0.6167950378257916,0.016353884430846493,0.125,1.5341957217544335,1.2216769836540877,2.000176327272678,0.12661498708010335,14,train,-1,organic,,,0
UPI_01805,1,4,4.0,0.25,200017.63,101210.46,0.5060077,0.24393038772468417,0.0,0.0,0.0,1.0,0.01185849986212141,0.14285714285714285,1.5871704216153275,1.4410280415539451,2.8002468581817492,0.12661498708010335,14,train,-1,organic,,,0
UPI_01806,139,2,0.014388489208633094,0.014388489208633094,1751688.54,79529.08,0.045401382189460285,6.711091780548316,0.0005065856129685917,0.0,0.0,0.23453890938519184,0.24857887607346965,0.014367816091954023,3.1129391045105126,2.7707795166535107,2.4683027017407517,0.12167606768734891,26,train,-1,organic,,,0
UPI_01807,28,32,1.1428571428571428,0.875,749006.52,1326185.17,0.5647827586190776,4.214976151699494,0.09722222222222222,0.8,0.1111111111111111,0.1459296954890011,0.0778737682886267,0.01834862385321101,2.303802227935156,2.1843425528476796,2.0186964784511288,0.145478374836173,30,train,-1,organic,,,0
UPI_01808,1,5,5.0,0.2,129011.37,90521.08,0.7016519379844962,0.24471625648031217,0.03333333333333333,0.0,0.0,1.0,0.014367775952094642,0.05,1.2832620820237781,1.2536732734521976,3.3336272121211303,0.13686313686313686,22,train,-1,organic,,,0
UPI_01809,3,8,2.6666666666666665,0.375,178455.25,188566.08,0.9463804351388754,0.31892129837817235,0.046296296296296294,0.0,0.1,0.9729922957778427,0.033184605355445866,0.022727272727272728,2.299544485337324,1.8686184322621555,4.400387919999892,0.12321792260692464,7,train,-1,organic,,,0
UPI_01810,1,6,6.0,0.16666666666666666,169014.9,128966.58,0.7630485798816568,0.2435397953398505,0.0,0.0,0.0,1.0,0.012363561432961011,0.058823529411764705,1.4866605297906523,1.2678160747168339,2.42878554025968,0.11764705882352941,18,train,-1,organic,,,0
UPI_01811,1,4,4.0,0.25,153013.49,84024.3,0.54913,0.2431153232862354,0.0,0.0,0.0,1.0,0.012614773081913897,0.0625,1.6885094505649874,1.4047167574667805,3.200282123636285,0.12814645308924486,4,train,-1,organic,,,0
UPI_01812,3,7,2.3333333333333335,0.42857142857142855,258531.97,137298.19,0.5310685291717687,0.28102797817902697,0.03488372093023256,0.0,0.25,0.9807320538876898,0.019688544723404384,0.04,2.1653739115316335,1.817254388135474,3.1252755113635593,0.12013536379018612,23,train,-1,organic,,,0
UPI_01813,1,6,6.0,0.16666666666666666,217019.13,75600.68,0.34835953917050694,0.24318110251457678,0.0,0.0,0.0,1.0,0.01613983619288979,0.045454545454545456,2.3078320630807583,1.8490154793820028,3.143134228571351,0.12321792260692464,7,train,-1,organic,,,0
UPI_01814,1,4,4.0,0.25,28002.47,41809.92,0.6697566367500729,0.24197076471309445,0.0,0.0,0.0,1.0,0.01068539990794117,0.07692307692307693,1.303814200294261,1.259178359334472,2.6002292254544814,0.12436224489795919,8,train,-1,organic,,,0
UPI_01815,2,6,3.0,0.3333333333333333,117478.96,39016.98,0.3321188811307873,0.28895550595055336,0.0,0.0,0.14285714285714285,0.9588533033295981,0.01917753517959016,0.08,2.4470569953197034,1.9566694325479872,3.571743441558354,0.11764705882352941,18,train,-1,organic,,,0
UPI_01816,44,4,0.09090909090909091,0.09090909090909091,1367830.69,1773764.45,0.7711456242350905,2.885910587019441,0.012854609929078014,0.0,0.0,0.10226488340178629,0.13733654359134279,0.015384615384615385,2.7101094399916503,2.461874637127795,4.062858164772627,0.12661498708010335,14,train,-1,organic,,,0
UPI_01817,1,3,3.0,0.3333333333333333,197017.37,45999.38,0.23347878172588832,0.24328858614406598,0.0,0.0,0.0,1.0,0.009580224343075762,0.08333333333333333,1.7401306096692783,1.479830017762391,3.000264490909017,0.12395709177592372,21,train,-1,organic,,,0
UPI_01818,2,3,1.5,0.6666666666666666,174946.26,4970.29,0.028410370635618052,0.7988615444727258,0.0,0.0,0.0,0.5085916617215218,0.012653953854007695,0.058823529411764705,1.196875978479995,1.3129293034296194,3.4002997563635526,0.12642986152919927,6,train,-1,organic,,,0
UPI_01819,8,16,2.0,0.5,628805.24,190288.55,0.3026192087437768,0.5890102384559298,0.072992700729927,0.0,0.09090909090909091,0.5008749326769463,0.027240068670915975,0.02857142857142857,2.8612483264538424,2.6681047666096807,1.5910493512396302,0.12642986152919927,6,train,-1,organic,,,0
UPI_01820,1,2,2.0,0.5,168556.52,336995.99,0.5001736672286615,2.373067458120889,0.0,0.6666666666666666,0.0,1.0,0.020821954933687856,0.03571428571428571,0.23419949229753723,0.07218619164283092,9.334156193939165,0.11512415349887133,11,train,-1,organic,,,0
UPI_01821,2,4,2.0,0.5,245356.07,86187.61,0.35127563011536417,0.4624670495740078,0.0,0.3333333333333333,0.0,0.6130676346847892,0.01277027280808283,0.058823529411764705,1.3910891232005393,1.3410802276488383,2.833583130302961,0.12661498708010335,14,train,-1,organic,,,0
UPI_01822,5,6,1.2,0.8333333333333334,448559.39,62901.8,0.1402306943605729,0.8940969599613445,0.0,0.3333333333333333,0.2222222222222222,0.3229726980317369,0.031706634781087914,0.047619047619047616,1.6323312091591498,1.6596521359185352,4.667078096969583,0.12661498708010335,14,train,-1,organic,,,0
UPI_01823,18,2,0.1111111111111111,0.1111111111111111,1125346.12,2188.96,0.001945146421241894,2.5639298926809304,0.0,0.0,0.0,0.08884512239004065,0.04644742687209927,0.03076923076923077,0.6449133190581747,0.7047793308165142,3.2502865318181016,0.1330166270783848,1,train,-1,organic,,,0
UPI_01824,35,2,0.05714285714285714,0.05714285714285714,479908.49,1058260.98,0.4534878399093816,2.820233492457044,0.03153153153153153,0.0,0.0,0.08086913393203041,0.11835272379580729,0.017964071856287425,3.2500980194739717,2.6442449355135307,4.513911441277529,0.1,3,train,-1,organic,,,0
UPI_01825,2,3,1.5,0.6666666666666666,213599.61,142992.33,0.6694409487595279,3.3390411068008103,0.0,1.0,0.0,0.5330814155839922,0.027888185500467552,0.02631578947368421,0.5267760490586729,0.48381424188560507,7.6006700436361765,0.12642986152919927,6,train,-1,organic,,,0
UPI_01826,2,6,3.0,0.3333333333333333,90422.49,208424.14,0.43383885196652666,0.3088704633434997,0.0,0.2857142857142857,0.14285714285714285,0.7630928496736213,0.017317395183158512,0.08333333333333333,1.488388988872761,1.1799371487090828,3.428873703896019,0.13686313686313686,22,train,-1,organic,,,0
UPI_01827,2,7,3.5,0.2857142857142857,176725.98,86894.54,0.49169081163304484,0.48621174098625297,0.013888888888888888,0.0,0.0,0.5222649248694646,0.021557161608451683,0.03333333333333333,1.5076767319846707,1.4700551368099433,3.3336272121211303,0.11764705882352941,18,train,-1,organic,,,0
UPI_01828,6,10,1.6666666666666667,0.6,384522.1,238676.65,0.6207098423306621,0.3580544243487342,0.03017241379310345,0.0,0.3333333333333333,0.541024408970326,0.02509813170304369,0.02857142857142857,1.8873010589381432,1.400404589321011,2.9169238106059887,0.10567514677103718,27,train,-1,organic,,,0
UPI_01829,1,5,5.0,0.2,127011.2,126207.19,0.9936697637795275,0.24337124942681343,0.03333333333333333,0.0,0.0,1.0,0.013316410395122864,0.125,1.590150278134608,1.3762945394453463,2.6669017696969037,0.11512415349887133,11,train,-1,organic,,,0
UPI_01830,2,3,1.5,0.6666666666666666,320147.88,17778.86,0.055533265279614503,0.27653427253613866,0.0,0.0,0.0,0.54300259044865,0.012506412431373955,0.13333333333333333,1.631479854464947,1.24465951265917,3.000264490909017,0.12260967379077616,20,train,20,stealth_cycle,20,stealth_cycle,1
UPI_01831,136,1,0.007352941176470588,0.007352941176470588,1873721.14,837.93,0.0004472030822073763,6.324352316855827,0.0008050665521683126,0.0,0.0,0.3863278591732029,0.22154750716190502,0.012779552715654952,5.595760233370811,5.396432309061998,2.2848729577968916,0.13090257023311416,5,train,-1,organic,,,0
UPI_01832,2,5,2.5,0.4,168091.29,40228.21,0.23932356504155522,0.2980945061106185,0.0,0.0,0.16666666666666666,0.9814169879921713,0.016291683671454338,0.09090909090909091,1.976305154474579,1.6460699699316745,3.6669899333332427,0.11228070175438597,10,train,-1,organic,,,0
UPI_01833,5,8,1.6,0.625,271703.59,308110.77,0.8818373687584355,0.37829249412407656,0.013157894736842105,0.0,0.18181818181818182,0.46951209972295804,0.02419050257943092,0.029411764705882353,1.938643790891536,1.4312678694987986,3.0911815966941387,0.12661498708010335,14,train,-1,organic,,,0
UPI_01834,1,4,4.0,0.25,214018.87,78349.71,0.36608785046728975,0.24323651184103853,0.0,0.0,0.0,1.0,0.010374608506952498,0.08333333333333333,1.5779757461195316,1.4209025798039372,2.4002115927272136,0.12814645308924486,4,train,-1,organic,,,0
UPI_01835,2,6,3.0,0.3333333333333333,245332.7,66389.31,0.27060931249454007,0.3513254926918482,0.037037037037037035,0.3333333333333333,0.14285714285714285,0.9576367794003069,0.016022007513035806,0.05555555555555555,2.117023187667354,1.757240049896689,2.571655277922015,0.12642986152919927,6,train,-1,organic,,,0
UPI_01836,1,4,4.0,0.25,161014.19,58658.17,0.36430434782608695,0.2435397953398505,0.0,0.0,0.0,1.0,0.010278978217651134,0.09090909090909091,1.446961082320919,1.4132985889112677,2.200193959999946,0.12611377655928718,32,train,-1,organic,,,0
UPI_01837,5,10,2.0,0.5,311975.31,158075.85,0.5066934433679788,0.410444186018932,0.004807692307692308,0.0,0.07142857142857142,0.9623799596509112,0.030312073369316194,0.046511627906976744,2.374321972182628,2.2234884320974992,3.0716993597401845,0.1234676007005254,25,train,-1,organic,,,0
UPI_01838,8,17,2.125,0.47058823529411764,443065.22,301754.9,0.6810620393161433,0.34839726821658096,0.11784511784511785,0.375,0.13636363636363635,0.4233684935106383,0.03773832748610324,0.04081632653061224,2.3953702973532125,1.7570093637840138,2.227469091735482,0.145478374836173,30,train,-1,organic,,,0
UPI_01839,3,8,2.6666666666666665,0.375,141002.73,155248.8,0.9082371893832523,0.37258913291829343,0.009259259259259259,0.3333333333333333,0.1,0.7240085513271535,0.02582376545944783,0.029411764705882353,1.9928633870168524,1.642201057840344,3.4002997563635526,0.12395709177592372,21,train,-1,organic,,,0
UPI_01840,3,8,2.6666666666666665,0.375,158976.93,197036.2,0.8068412547166177,0.3999555360544486,0.018867924528301886,0.0,0.2222222222222222,0.4786533999943052,0.026487090029261078,0.02702702702702703,1.6639688964535113,1.41717836802326,4.11147356161606,0.12814645308924486,4,train,-1,organic,,,0
UPI_01841,34,4,0.11764705882352941,0.11764705882352941,1738586.53,2532896.69,0.6864024631047967,3.774187258157299,0.009246088193456615,0.38235294117647056,0.0,0.20747230510556589,0.1547752261144891,0.07727272727272727,1.7117888963163648,1.4756105447087988,5.789984105263016,0.12436224489795919,8,train,29,fast_cycle,29,fast_cycle,1
UPI_01842,2,5,2.5,0.4,140921.43,75609.68,0.536537798399123,0.2913787660195195,0.05,0.0,0.16666666666666666,0.6002367925967231,0.01621528204989613,0.05263157894736842,1.25583583124948,1.242907621357196,3.1669458515150732,0.12661498708010335,14,train,-1,organic,,,0
UPI_01843,1,4,4.0,0.25,129011.37,14089.48,0.10921116279069767,0.2429492733378004,0.0,0.0,0.0,1.0,0.010475967057112824,0.15384615384615385,2.0730295469160085,1.8057030688520703,2.6002292254544814,0.12260967379077616,20,train,-1,organic,,,0
UPI_01844,3,6,2.0,0.5,186583.32,123780.4,0.663405512457812,0.37421694248735005,0.029411764705882353,0.0,0.2857142857142857,0.6507018848881693,0.02285511023697571,0.06896551724137931,1.8656611711933087,1.4241935101431933,4.143222392207691,0.12013536379018612,23,train,-1,organic,,,0
UPI_01845,2,5,2.5,0.4,268476.62,86008.47,0.3203574034109143,0.32185899265697215,0.0,0.0,0.16666666666666666,0.8719736252958254,0.014872766095311818,0.10526315789473684,1.978323960218502,1.6787196723306586,3.1669458515150732,0.13169845594913715,24,train,-1,organic,,,0
UPI_01846,2,5,2.5,0.4,210038.99,119936.13,0.5710184345364049,0.29804835452691253,0.0,0.0,0.0,0.5355746182626053,0.01241430144768859,0.0625,1.6566705963278114,1.3472640205013295,2.285915802597346,0.12611377655928718,32,train,-1,organic,,,0
UPI_01847,2,8,4.0,0.25,103145.48,73809.89,0.7155901035512297,0.28835994078504035,0.0,0.0,0.1111111111111111,0.9594297154497569,0.028932572090854196,0.05263157894736842,2.4091531949817604,1.7695434191693482,4.222594468686765,0.12661498708010335,14,train,-1,organic,,,0
UPI_01848,1,5,5.0,0.2,91008.02,157191.66,0.5789621689577027,0.24318110251457678,0.0,0.0,0.0,1.0,0.015484695153129117,0.0625,1.4695552463574313,1.209203531364233,2.6669017696969037,0.12547528517110265,28,train,-1,organic,,,0
UPI_01849,2,9,4.5,0.2222222222222222,78851.6,203208.44,0.38803309386515206,0.4328077075191685,0.0,0.3333333333333333,0.1,0.7627479414836914,0.026165109512894896,0.05555555555555555,1.7749833945519573,1.4210946974157967,3.6003173890908204,0.12167606768734891,26,train,-1,organic,,,0
UPI_01850,2,7,3.5,0.2857142857142857,203100.48,73888.91,0.3638047143186777,0.28972801547543214,0.0,0.0,0.125,0.8794598711150123,0.023571063781155765,0.030303030303030304,2.673740690246177,1.958558406654698,4.125363674999899,0.110055423594616,17,train,-1,organic,,,0
UPI_01851,1,3,3.0,0.3333333333333333,119010.49,35394.56,0.2974070588235294,0.2435043235856035,0.0,0.0,0.0,1.0,0.011201588136273543,0.14285714285714285,1.8073525890128792,1.4433304644129399,3.5003085727271865,0.12260967379077616,20,train,-1,organic,,,0
UPI_01852,1,3,3.0,0.3333333333333333,182016.05,15114.9,0.08304159340659341,0.24346976723146607,0.0,0.0,0.0,1.0,0.00801198058162973,0.1,1.8087028545369284,1.6050562360491651,2.5002204090908475,0.12661498708010335,14,train,-1,organic,,,0
UPI_01853,5,8,1.6,0.625,483520.28,229476.37,0.47459513381849194,0.46168892690951757,0.0,0.0,0.08333333333333333,0.6070852196617949,0.02085541548725637,0.07142857142857142,2.6483591489033804,2.122130922033594,2.3335390484847913,0.11626248216833096,29,train,-1,organic,,,0
UPI_01854,2,4,2.0,0.5,218512.47,101534.14,0.4646606180576504,0.2572386227266269,0.03333333333333333,0.0,0.0,0.986425159705554,0.01192926196182926,0.125,1.7313779915789307,1.6313823238713145,2.6669017696969037,0.11626248216833096,29,train,-1,organic,,,0
UPI_01855,2,8,4.0,0.25,187358.2,104875.48,0.5597592057464201,0.26205629367279976,0.0,0.0,0.1111111111111111,0.9649616330068218,0.02734245707953777,0.02631578947368421,2.632651418730423,2.0404185445486998,4.222594468686765,0.12013536379018612,23,train,-1,organic,,,0
UPI_01856,2,3,1.5,0.6666666666666666,590893.78,329114.63,0.5569776567391513,1.539293868935105,0.0,0.8,0.0,0.5003553548126897,0.036190465248536585,0.04081632653061224,0.32331857418659815,0.25219911036618,9.800864003636123,0.13090257023311416,5,train,-1,organic,,,0
UPI_01857,6,85,14.166666666666666,0.07058823529411765,16406.96,11818313.9,0.001388265407666569,0.46457599694194923,0.008180708180708181,0.0,0.0,0.5009176964223291,0.11649687998212929,0.03636363636363636,0.5483212605661463,0.6658481920482999,1.8133466703296257,0.145478374836173,30,train,-1,organic,,,0
UPI_01858,3,6,2.0,0.5,102478.34,80077.8,0.781411917382873,0.34001963010137143,0.029411764705882353,0.0,0.2857142857142857,0.39651985205236157,0.020490701711669265,0.037037037037037035,1.0588732168078536,0.9914893785418604,3.857482916883022,0.12013536379018612,23,train,-1,organic,,,0
UPI_01859,1,4,4.0,0.25,43003.79,64672.92,0.6649427638918141,0.24312818349492235,0.0,0.0,0.0,1.0,0.010760785392148428,0.07142857142857142,0.876694639827019,0.9049351509073209,2.8002468581817492,0.12611377655928718,32,train,-1,organic,,,0
UPI_01860,2,6,3.0,0.3333333333333333,266063.5,32678.64,0.12282271495674112,0.3367307630263083,0.0,0.2857142857142857,0.0,0.9556238981699676,0.02121073043538681,0.06896551724137931,3.1668225398537047,2.35061630807932,3.625319593181729,0.12436224489795919,8,train,-1,organic,,,0
UPI_01861,2,5,2.5,0.4,57839.97,47796.18,0.8263521643603592,0.2616793369812657,0.05,0.0,0.16666666666666666,0.5390614967084345,0.01261550248137735,0.0625,0.8567027448184868,0.9217455416544056,2.6669017696969037,0.13169845594913715,24,train,-1,organic,,,0
UPI_01862,3,9,3.0,0.3333333333333333,98672.47,97296.23,0.9860524283635219,0.28003240973033955,0.015625,0.4,0.2,0.7051328061531207,0.027714692636360134,0.05128205128205128,1.7586934346529968,1.586328283427729,3.900343838181722,0.13169845594913715,24,train,-1,organic,,,0
UPI_01863,1,5,5.0,0.2,207018.25,194107.17,0.9376331400966184,0.24300263629185762,0.0,0.0,0.0,1.0,0.016358184939803552,0.10526315789473684,1.502749493555477,1.2734927435556143,3.1669458515150732,0.12321792260692464,7,train,-1,organic,,,0
UPI_01864,1,6,6.0,0.16666666666666666,266023.45,201688.96,0.7581623308270676,0.24306528793877566,0.0,0.0,0.0,1.0,0.013374351105972924,0.125,1.5070792915414843,1.3219267095718394,2.285915802597346,0.11376146788990826,15,train,-1,organic,,,0
UPI_01865,2,6,3.0,0.3333333333333333,69569.51,63831.94,0.9175274404435206,0.26538126036320797,0.017857142857142856,0.0,0.0,0.7228075253446512,0.01910890008817224,0.037037037037037035,1.5919193456091039,1.1861313633136252,3.3752975522726443,0.10630407911001236,13,train,-1,organic,,,0
UPI_01866,1,4,4.0,0.25,45003.97,55441.45,0.8117386793119918,0.2431153232862354,0.0,0.0,0.0,1.0,0.010299343750610927,0.08333333333333333,0.9207557802575751,0.9352265612038331,2.4002115927272136,0.12260967379077616,20,train,-1,organic,,,0
UPI_01867,2,5,2.5,0.4,185129.42,207368.87,0.8927541513144476,0.7831169779797694,0.0,0.0,0.0,0.9914007371993758,0.024487938989820497,0.058823529411764705,1.1492738018920998,1.4991105004693448,4.85757108051936,0.12814645308924486,4,train,-1,organic,,,0
UPI_01868,3,9,3.0,0.3333333333333333,197033.36,132867.83,0.6743418135756393,0.5011979281526238,0.015625,0.3333333333333333,0.2,0.5165520708298761,0.029582736673143435,0.047619047619047616,1.8029465015696382,1.575799437125012,4.200370287272624,0.12611377655928718,32,train,-1,organic,,,0
UPI_01869,2,6,3.0,0.3333333333333333,230123.11,20502.99,0.08909573554987288,0.446747633521594,0.0,0.0,0.14285714285714285,0.9649750909340407,0.018427612753955536,0.07692307692307693,3.0964769874584306,2.3101630144824217,3.714613179220688,0.12260967379077616,20,train,-1,organic,,,0
UPI_01870,5,6,1.2,0.8333333333333334,249782.69,114766.43,0.4594650951248649,0.4691652140526106,0.05660377358490566,0.3333333333333333,0.2222222222222222,0.6518627528964531,0.02307197344843115,0.03333333333333333,1.9821610754779766,1.77771912807334,3.3336272121211303,0.12013536379018612,23,train,-1,organic,,,0
UPI_01871,1,6,6.0,0.16666666666666666,260022.92,80585.12,0.3099154615384615,0.243732248474595,0.0,0.0,0.0,1.0,0.016440216581983667,0.08695652173913043,2.4357875605158013,1.917074597915409,3.286003966233685,0.12642986152919927,6,train,-1,organic,,,0
UPI_01872,1,6,6.0,0.16666666666666666,226019.92,50678.52,0.22422146017699116,0.24323651184103853,0.0,0.0,0.0,1.0,0.016957177801333965,0.043478260869565216,2.6409384792747277,1.8116324878792607,3.286003966233685,0.12260967379077616,20,train,-1,organic,,,0
UPI_01873,4,4,1.0,1.0,349758.63,45593.35,0.13035660876830496,2.8665588833765256,0.0,0.0,0.0,0.267756245921605,0.023519563908085874,0.03125,0.9354732950954835,1.0932561640659224,4.000352654545356,0.1330166270783848,1,train,-1,organic,,,0
UPI_01874,153,0,0.0,0.0,1913194.69,0.0,0.0,7.2906189436030004,0.0005159958720330237,0.0,0.0,0.20162527993168808,0.261684297422094,0.013404825737265416,3.8841499718279793,3.566766609482423,2.43812343161016,0.12436224489795919,8,train,-1,organic,,,0
UPI_01875,21,0,0.0,0.0,1240538.16,0.0,0.0,1.1647813245690821,0.0,0.0,0.0,0.07001967223922395,0.04280518240973024,0.03389830508474576,0.6376866934793035,0.6237073362878204,2.8097715073592378,0.1407942238267148,2,train,-1,organic,,,0
UPI_01876,1,3,3.0,0.3333333333333333,69352.51,392996.24,0.17647118700656753,2.1107740109540627,0.0,0.75,0.0,1.0,0.01748429347872279,0.08333333333333333,0.4019464737999925,0.2919974230913439,6.000528981818034,0.12167606768734891,26,train,-1,organic,,,0
UPI_01877,2,5,2.5,0.4,72764.38,55080.7,0.7569732910360197,0.2776023468538769,0.0,0.0,0.16666666666666666,0.5049536976586677,0.01694349600800965,0.045454545454545456,0.9469328545468143,1.0330883138566826,3.6669899333332427,0.11402027027027027,0,train,-1,organic,,,0
UPI_01878,4,6,1.5,0.6666666666666666,576112.67,217311.48,0.37720308797381297,0.9370028783164337,0.0,0.375,0.25,0.5826742320516638,0.026346888088950023,0.05555555555555555,1.6713217037030708,1.706869203303187,4.500396736363525,0.12642986152919927,6,train,-1,organic,,,0
UPI_01879,3,6,2.0,0.5,156061.39,69989.42,0.44847364871866363,0.375108742091662,0.0,0.0,0.2857142857142857,0.7782378531365117,0.023222190781478327,0.03333333333333333,2.239789622055433,1.692188995789948,4.286092129870024,0.12167606768734891,26,train,-1,organic,,,0
UPI_01880,23,0,0.0,0.0,953984.1,0.0,0.0,1.126167678797034,0.0,0.0,0.0,0.05587770230039016,0.03837046198398215,0.03773584905660377,0.41387403974856757,0.4301867464217654,2.3045509857706943,0.110055423594616,17,train,-1,organic,,,0
UPI_01881,1,5,5.0,0.2,80007.05,49917.27,0.6239108750000001,0.24337124942681343,0.0,0.0,0.0,1.0,0.011545019045845407,0.07142857142857142,1.3802640429365374,1.4426177372697488,2.3335390484847913,0.11402027027027027,0,train,-1,organic,,,0
UPI_01882,6,12,2.0,0.5,141297.2,680738.42,0.20756459720824702,0.3327911769131555,0.18092105263157895,0.5,0.058823529411764705,0.8485031836470017,0.02260357999388731,0.03225806451612903,2.6237935772834082,2.531430766687764,1.823690180748618,0.145478374836173,30,train,-1,organic,,,0
UPI_01883,2,6,3.0,0.3333333333333333,46777.36,124999.31,0.3742209770211273,0.252648614092171,0.0,0.0,0.14285714285714285,0.6952254540466745,0.013109149736692447,0.058823529411764705,1.2044641811520809,1.2307632341208798,2.42878554025968,0.12642986152919927,6,train,-1,organic,,,0
UPI_01884,1,8,8.0,0.125,192016.93,201620.42,0.9523684336490617,0.24346976723146607,0.013888888888888888,0.0,0.0,1.0,0.024507639716071786,0.029411764705882353,1.9741330347172554,1.7084263438736207,3.778110840403947,0.12395709177592372,21,train,-1,organic,,,0
UPI_01885,2,6,3.0,0.3333333333333333,261292.38,94210.05,0.3605541178098387,0.4178228655207395,0.05357142857142857,0.25,0.0,0.9678524449293575,0.01702129409116465,0.043478260869565216,2.29412753031577,1.9893266437007566,2.8752534704544748,0.13090257023311416,5,train,-1,organic,,,0
UPI_01886,3,1,0.3333333333333333,0.3333333333333333,1266637.61,241630.31,0.19076514776503398,2.6433895851496305,0.0,0.5,0.0,0.4858185911628096,0.015599056966101595,0.045454545454545456,0.5234517375459443,0.5028809819952111,5.500484899999865,0.110055423594616,17,train,-1,organic,,,0
UPI_01887,3,5,1.6666666666666667,0.6,274647.57,68467.27,0.24929135671488403,0.9672482658874394,0.037037037037037035,0.2857142857142857,0.14285714285714285,0.47652045455588005,0.019798672755641195,0.07407407407407407,0.9703801176944058,1.081011827435761,3.857482916883022,0.1234676007005254,25,train,-1,organic,,,0
UPI_01888,2,8,4.0,0.25,152084.64,126073.09,0.828966662530447,0.2756950611122524,0.0,0.0,0.1111111111111111,0.756543541892984,0.02008067730849598,0.03571428571428571,1.3378702688775703,1.1566852938930003,3.1113853979797215,0.11764705882352941,18,train,-1,organic,,,0
UPI_01889,1,5,5.0,0.2,115010.14,23889.27,0.20771443478260873,0.24312818349492235,0.06666666666666667,0.0,0.0,1.0,0.01701275360663185,0.043478260869565216,2.63702340580773,1.9666425885076388,3.8336712939393,0.13169845594913715,24,train,-1,organic,,,0
UPI_01890,1,7,7.0,0.14285714285714285,66005.82,67382.36,0.9795711912268417,0.243732248474595,0.0,0.0,0.0,1.0,0.020952314819367567,0.034482758620689655,1.8264863243756273,1.4925347021327906,3.625319593181729,0.1281767955801105,9,train,-1,organic,,,0
UPI_01891,1,4,4.0,0.25,64005.64,155101.43,0.41266957495549617,0.24285468123492607,0.0,0.0,0.0,1.0,0.009229174604151236,0.15384615384615385,1.1944801892161485,0.979275626523344,2.6002292254544814,0.1330166270783848,1,train,-1,organic,,,0
UPI_01892,1,7,7.0,0.14285714285714285,144012.7,91697.29,0.636730625,0.24306528793877566,0.0,0.0,0.0,1.0,0.018810272063153746,0.08333333333333333,2.0065964503450595,1.5992078033767205,3.000264490909017,0.12642986152919927,6,train,-1,organic,,,0
UPI_01893,7,2,0.2857142857142857,0.2857142857142857,5339340.75,2889442.39,0.5411608893886434,5.1277515564418525,0.041666666666666664,0.875,0.0,0.24132225937225177,0.029863489860374026,0.024390243902439025,0.5441786310914064,0.6678302900680776,4.555957189898877,0.3680672268907563,31,train,-1,organic,,,0
UPI_01894,2,3,1.5,0.6666666666666666,75633.29,15126.51,0.19999809590855708,0.29744957193791877,0.0,0.0,0.0,0.9207327626539801,0.010148691139193143,0.18181818181818182,2.467245689219168,1.7897672801358033,2.200193959999946,0.12321792260692464,7,train,-1,organic,,,0
UPI_01895,6,4,0.6666666666666666,0.6666666666666666,4118094.97,3145731.93,0.7638803753699421,8.776980871560983,0.011111111111111112,0.9,0.0,0.1819564568842762,0.038633804984327794,0.03773584905660377,0.30524069831878237,0.29135728367914976,5.300467267272596,0.3680672268907563,31,train,-1,organic,,,0
UPI_01896,3,5,1.6666666666666667,0.6,126055.22,73472.03,0.5828558748203307,0.6656889712050845,0.0,0.2857142857142857,0.14285714285714285,0.4778263156318479,0.022472834024559536,0.06896551724137931,1.3942648464380991,1.3005241424688843,4.143222392207691,0.12167606768734891,26,train,-1,organic,,,0
UPI_01897,1,1,1.0,1.0,1440586.98,1281733.39,0.8897299597313352,2.109834100650097,0.5,1.0,0.0,1.0,0.008286087637931448,0.09090909090909091,0.1114117584519913,0.032730443869936975,5.500484899999865,0.3680672268907563,31,train,-1,organic,,,0
UPI_01898,2,9,4.5,0.2222222222222222,219363.78,182600.03,0.832407377182663,0.29230574326766984,0.018518518518518517,0.0,0.1,0.98781642744538,0.027704095953379353,0.07894736842105263,2.303878157561069,1.8792673197154475,3.8003350218180882,0.11402027027027027,0,train,-1,organic,,,0
UPI_01899,5,8,1.6,0.625,391147.79,134591.39,0.3440934290883632,1.4948837603691139,0.03333333333333333,0.4,0.3,0.43599063476511507,0.02678271975704132,0.05405405405405406,1.3914308422463144,1.563955204636697,3.7003262054544543,0.11512415349887133,11,train,-1,organic,,,0
UPI_01900,2,7,3.5,0.2857142857142857,232561.91,156770.7,0.6741030769530468,0.2884836839429027,0.0,0.0,0.0,0.9783811811119272,0.020392676358717696,0.03571428571428571,2.1136178374911463,1.8830853843039492,3.1113853979797215,0.10567514677103718,27,train,-1,organic,,,0
UPI_01901,3,2,0.6666666666666666,0.6666666666666666,328471.95,182091.79,0.5543602559457883,2.5368536160812396,0.1,0.75,0.0,0.6710726366742873,0.029268983345036297,0.024390243902439025,0.6816131024739228,0.822970316519967,8.200722941817979,0.110055423594616,17,train,-1,organic,,,0
UPI_01902,2,6,3.0,0.3333333333333333,55326.5,73803.5,0.7496460221480578,0.26981980415182377,0.0,0.0,0.14285714285714285,0.7703382660605689,0.013526190977160513,0.05263157894736842,1.5399880273117947,1.4234795593849365,2.714525015584349,0.12611377655928718,32,train,-1,organic,,,0
UPI_01903,6,9,1.5,0.6666666666666666,156545.81,105356.62,0.6730082236853663,0.8250725375766949,0.02,0.3,0.5,0.446655137070292,0.038073185522371884,0.03773584905660377,1.9570427279953695,1.652791256737571,5.300467267272596,0.13686313686313686,22,train,-1,organic,,,0
UPI_01904,1,4,4.0,0.25,124010.93,69883.05,0.5635233064516129,0.2435043235856035,0.0,0.0,0.0,1.0,0.009977202883253265,0.07142857142857142,1.6248167643933706,1.28901225338589,2.8002468581817492,0.12436224489795919,8,train,-1,organic,,,0
UPI_01905,2,2,1.0,1.0,284678.29,123167.54,0.4326551899875073,1.6541625685620147,0.0,1.0,0.0,0.5699065977844151,0.029713217924993936,0.025,0.6471918739274688,0.5688022573568069,10.00088163636339,0.12547528517110265,28,train,-1,organic,,,0
UPI_01906,2,4,2.0,0.5,242780.92,228542.13,0.94135125988056,1.2615935415563695,0.0,0.6,0.0,0.6997794424859354,0.033135813883087846,0.022222222222222223,0.7733253351043486,0.764928098444773,7.500661227272543,0.11626248216833096,29,train,-1,organic,,,0
UPI_01907,3,5,1.6666666666666667,0.6,303634.3,92335.97,0.30410256952454384,0.5871558282668632,0.037037037037037035,0.7142857142857143,0.14285714285714285,0.5061101304201961,0.01873171106575831,0.038461538461538464,1.7003466505482059,1.534454276204314,3.714613179220688,0.145478374836173,30,train,-1,organic,,,0
UPI_01908,2,6,3.0,0.3333333333333333,340064.1,406441.22,0.8366870331124299,0.30187620946562965,0.0,0.5,0.14285714285714285,0.8561111192021496,0.015527653703745925,0.047619047619047616,1.6844525822307495,1.4787236924865825,3.000264490909017,0.12814645308924486,4,train,-1,organic,,,0
UPI_01909,34,6,0.17647058823529413,0.17647058823529413,673718.33,2300204.22,0.29289500792660367,2.945621227761671,0.017948717948717947,0.3939393939393939,0.0,0.1316658088544272,0.14518103014629932,0.00966183574879227,2.5788720840564117,2.2623883757616334,5.1754562468180545,0.13686313686313686,22,train,-1,organic,,,0
UPI_01910,4,9,2.25,0.4444444444444444,1012710.48,905035.97,0.893676914921394,0.895303084985151,0.045454545454545456,0.5454545454545454,0.08333333333333333,0.8475592005538516,0.04308894048463914,0.1206896551724138,1.2746999902290752,1.6556130969056626,4.833759457575638,0.12642986152919927,6,train,29,fast_cycle,29,fast_cycle,1
UPI_01911,3,9,3.0,0.3333333333333333,186009.75,103647.73,0.5572166424229683,0.33336186374115523,0.0,0.0,0.2,0.771352290056241,0.03216682560544302,0.022727272727272728,2.5397986630503278,1.9502498857295816,4.400387919999892,0.11402027027027027,0,train,-1,organic,,,0
UPI_01912,3,6,2.0,0.5,293981.59,168122.46,0.5718809234059,0.35011300958900987,0.0,0.0,0.2857142857142857,0.8139436100868108,0.021519251161939937,0.03333333333333333,2.161872064588971,1.6806158047071096,4.286092129870024,0.10888252148997135,12,train,-1,organic,,,0
UPI_01913,2,3,1.5,0.6666666666666666,199620.95,331673.88,0.6018591164325767,1.585305883374875,0.0,0.8,0.0,0.6618906024462243,0.03404290193674167,0.041666666666666664,0.45171398908544624,0.36989460799386026,9.600846370908855,0.12661498708010335,14,train,-1,organic,,,0
UPI_01914,1,8,8.0,0.125,265023.36,184759.85,0.6971455094339623,0.2435397953398505,0.027777777777777776,0.0,0.0,1.0,0.023909669750705465,0.030303030303030304,2.306894353924994,1.8869745265528797,3.6669899333332427,0.110055423594616,17,train,-1,organic,,,0
UPI_01915,7,5,0.7142857142857143,0.7142857142857143,3706607.25,3471962.95,0.9366956681683852,10.059515614518574,0.030303030303030304,1.0,0.0,0.20843217846704046,0.04153429727840846,0.03389830508474576,0.810073667971374,0.750096597113364,4.917100137878667,0.3680672268907563,31,train,-1,organic,,,0
UPI_01916,3,10,3.3333333333333335,0.3,258298.22,178649.39,0.6916400300531854,0.4594076070457894,0.012987012987012988,0.4166666666666667,0.08333333333333333,0.7027315055499687,0.034543667190174245,0.02040816326530612,2.375888059470224,1.7662589462822544,4.083693334848384,0.11512415349887133,11,train,13,stealth_cycle,13,stealth_cycle,1
UPI_01917,2,5,2.5,0.4,247868.29,125879.58,0.5078486501561209,0.5599902070324514,0.0,0.0,0.16666666666666666,0.9616563246129135,0.01819949960567751,0.09090909090909091,1.9794353941351377,1.5694979272812801,3.6669899333332427,0.13169845594913715,24,train,-1,organic,,,0
UPI_01918,2,7,3.5,0.2857142857142857,75994.05,53939.36,0.7097839311411702,0.26074615359778924,0.0,0.0,0.125,0.8118695798014443,0.019815273384086684,0.038461538461538464,1.7301943291021227,1.578909986295365,3.2502865318181016,0.11764705882352941,18,train,-1,organic,,,0
UPI_01919,1,5,5.0,0.2,266023.45,114581.16,0.4307182706766917,0.24312818349492235,0.06666666666666667,0.0,0.0,1.0,0.01109889775613173,0.13333333333333333,1.7145457012805414,1.6530494608309976,2.5002204090908475,0.12395709177592372,21,train,-1,organic,,,0
UPI_01920,1,4,4.0,0.25,226019.92,76968.23,0.34053734513274336,0.2429492733378004,0.0,0.0,0.0,1.0,0.008557101538566857,0.2,1.4055452371537112,1.4052797540894846,2.000176327272678,0.13686313686313686,22,train,-1,organic,,,0
UPI_01921,3,2,0.6666666666666666,0.6666666666666666,1802883.55,1379251.02,0.7650250153015605,3.9054976200619813,0.0,1.0,0.0,0.47355759358300575,0.019436932851995953,0.037037037037037035,0.6963907203641873,0.6583240580636212,5.400476083636231,0.3680672268907563,31,train,-1,organic,,,0
UPI_01922,3,7,2.3333333333333335,0.42857142857142855,256140.8,93636.03,0.36556469898939636,0.30634051795153266,0.0,0.0,0.1111111111111111,0.8660685215269298,0.02241418070499269,0.07142857142857142,2.4032723569062227,2.0193518702544524,3.1113853979797215,0.12321792260692464,7,train,-1,organic,,,0
UPI_01923,3,7,2.3333333333333335,0.42857142857142855,134806.35,77732.47,0.5766232101361428,0.40995564508155435,0.022727272727272728,0.0,0.1111111111111111,0.8020079396557331,0.02491718003967764,0.02857142857142857,2.2747580622532584,1.9620634784395679,3.8892317474746516,0.13169845594913715,24,train,-1,organic,,,0
UPI_01924,4,6,1.5,0.6666666666666666,220985.97,117543.89,0.531906580042974,0.333936019612913,0.03333333333333333,0.0,0.0,0.807827756698925,0.01863856438449128,0.038461538461538464,2.0664752133670596,1.8391484385861567,2.6002292254544814,0.13686313686313686,22,train,-1,organic,,,0
UPI_01925,1,6,6.0,0.16666666666666666,87007.67,144889.47,0.6005106411175848,0.24337124942681343,0.0,0.0,0.0,1.0,0.011535155216499301,0.07142857142857142,1.2287938072127635,1.2825778868466808,2.000176327272678,0.10567514677103718,27,train,-1,organic,,,0
UPI_01926,2,8,4.0,0.25,83578.82,84641.05,0.987450136523808,0.2858002459416415,0.0,0.0,0.1111111111111111,0.6679024609047428,0.03272314101754829,0.044444444444444446,1.8168914411271526,1.636677267071112,5.000440818181695,0.11764705882352941,18,train,-1,organic,,,0
UPI_01927,6,11,1.8333333333333333,0.5454545454545454,253282.17,46350.99,0.183001379136937,0.4249141388260473,0.07142857142857142,0.5714285714285714,0.21428571428571427,0.4586052410231909,0.029294043326207633,0.04878048780487805,2.6040554486875056,2.2565610499140267,2.9288296220778496,0.12395709177592372,21,train,-1,organic,,,0
UPI_01928,28,5,0.17857142857142858,0.17857142857142858,489296.83,2567331.61,0.19058575579728462,2.0903869556563213,0.010416666666666666,0.1111111111111111,0.0,0.07611782247594936,0.11121765259639009,0.012578616352201259,2.314750589558202,2.2445486330395994,4.818606606611452,0.12260967379077616,20,train,-1,organic,,,0
UPI_01929,2,5,2.5,0.4,86977.02,205236.25,0.42378973673674886,0.25311944042021167,0.0,0.0,0.16666666666666666,0.9340464427324602,0.017818892342014236,0.04,1.5244085310904247,1.1645612652849355,4.167034015151413,0.11402027027027027,0,train,-1,organic,,,0
UPI_01930,2,5,2.5,0.4,134575.67,93565.68,0.6952644251080584,0.28681036425518386,0.0,0.0,0.16666666666666666,0.9484344940615705,0.015460889707830178,0.09090909090909091,1.7810933906989417,1.4243472932525134,3.6669899333332427,0.1234676007005254,25,train,-1,organic,,,0
UPI_01931,6,6,1.0,1.0,483654.96,100668.94,0.20814207131861323,0.83005059663623,0.05384615384615385,0.0,0.09090909090909091,0.28958424807386174,0.023614449829440946,0.03125,1.8931296948832912,1.4212387538693074,2.9093473851238953,0.11626248216833096,29,train,-1,organic,,,0
UPI_01932,2,6,3.0,0.3333333333333333,231674.25,251719.87,0.9203653764309627,0.26982328014829055,0.0,0.0,0.14285714285714285,0.9606280071195483,0.015381038238070589,0.05263157894736842,1.3912092922962236,1.294530463331417,2.714525015584349,0.11778115501519756,19,train,-1,organic,,,0
UPI_01933,2,5,2.5,0.4,241340.7,133469.34,0.553032864076998,0.2696393307472626,0.0,0.0,0.16666666666666666,0.9648423991803032,0.015483219042729611,0.05263157894736842,1.8458244040161031,1.586724937146487,3.1669458515150732,0.11778115501519756,19,train,-1,organic,,,0
UPI_01934,1,6,6.0,0.16666666666666666,279024.6,207099.06,0.7422250896057347,0.2431947146323492,0.047619047619047616,0.0,0.0,1.0,0.01799553350858317,0.08,1.9452686152579082,1.5365663615742247,3.571743441558354,0.11626248216833096,29,train,-1,organic,,,0
UPI_01935,3,6,2.0,0.5,220587.08,88998.65,0.40346264771489815,0.26990491939001143,0.014285714285714285,0.0,0.125,0.933628012221212,0.01556723097878965,0.045454545454545456,2.1018366693701442,2.002137738179311,2.7502424499999325,0.11512415349887133,11,train,-1,organic,,,0
UPI_01936,2,5,2.5,0.4,834125.01,908923.93,0.9177060788663574,1.638236947037281,0.0,0.6666666666666666,0.0,0.5524176338860489,0.029280276672930105,0.13157894736842105,0.6817440677796441,0.8640641048543461,5.429050031168698,0.1281767955801105,9,train,28,fast_cycle,28,fast_cycle,1
UPI_01937,1,11,11.0,0.09090909090909091,231020.37,158095.9,0.6843374891774892,0.24499596870931775,0.022727272727272728,0.0,0.0,1.0,0.028946259660814162,0.05,2.5735475848980767,2.0697939721155976,3.3336272121211303,0.10567514677103718,27,train,-1,organic,,,0
UPI_01938,2,6,3.0,0.3333333333333333,107541.61,67353.72,0.6263037847385706,0.26120552641581907,0.0,0.0,0.14285714285714285,0.971909790352605,0.01262531797097112,0.05555555555555555,1.6484716765541478,1.5465800090856647,2.571655277922015,0.12395709177592372,21,train,-1,organic,,,0
UPI_01939,1,5,5.0,0.2,106009.35,75331.14,0.7106084905660377,0.24312818349492235,0.03333333333333333,0.0,0.0,1.0,0.008809185043605465,0.09090909090909091,1.382483880451998,1.1816279814570374,1.8334949666666214,0.13169845594913715,24,train,-1,organic,,,0
UPI_01940,2,5,2.5,0.4,251378.57,38209.64,0.15200038065470461,0.2710142623466276,0.05,0.0,0.16666666666666666,0.9736502345953877,0.011997717934067956,0.0625,2.217725969459486,1.8664731218565838,2.6669017696969037,0.12642986152919927,6,train,-1,organic,,,0
UPI_01941,7,15,2.142857142857143,0.4666666666666667,409964.89,181792.34,0.4434339138203895,0.4402066178267099,0.10434782608695652,0.3333333333333333,0.047619047619047616,0.45569682462758104,0.030361305708933403,0.04878048780487805,2.84679051065205,2.5568125829162343,1.9525530813852332,0.11626248216833096,29,train,-1,organic,,,0
UPI_01942,2,5,2.5,0.4,305731.69,66338.09,0.21698139191430268,0.27733190063702184,0.0,0.4,0.16666666666666666,0.8351744531801308,0.016274914717305446,0.10526315789473684,2.107995563931449,1.6831850306025509,3.1669458515150732,0.12661498708010335,14,train,-1,organic,,,0
UPI_01943,25,1,0.04,0.04,1043592.0,69275.47,0.0663817537134643,1.1471144880288682,0.0,0.0,0.0,0.05047850234952081,0.04306108217299313,0.05263157894736842,0.5565168988262098,0.6238791670401335,2.1925009741258203,0.1407942238267148,2,train,-1,organic,,,0
UPI_01944,3,10,3.3333333333333335,0.3,105342.31,98052.13,0.9307953954040242,0.5918964611862416,0.0,0.18181818181818182,0.18181818181818182,0.6285154986419831,0.032681041325334635,0.021739130434782608,1.8373056682834368,1.7454737899746993,4.182186866115599,0.12642986152919927,6,train,-1,organic,,,0
UPI_01945,1,6,6.0,0.16666666666666666,165014.55,126948.43,0.769316606060606,0.24348693321257983,0.0,0.0,0.0,1.0,0.012519735972679153,0.06666666666666667,1.482677991880957,1.226132641208381,2.143046064935012,0.13090257023311416,5,train,-1,organic,,,0
UPI_01946,1,4,4.0,0.25,203017.9,115273.39,0.5677991625615764,0.24346976723146607,0.0,0.0,0.0,1.0,0.00995126008894045,0.07692307692307693,1.412925560759434,1.2980743874055645,2.6002292254544814,0.12167606768734891,26,train,-1,organic,,,0
UPI_01947,1,10,10.0,0.1,378033.33,319269.82,0.8445546825396825,0.24435855070188842,0.0,0.0,0.0,1.0,0.0281034723011006,0.025,1.942434566770618,1.6914339098478506,3.636684231404869,0.12547528517110265,28,train,-1,organic,,,0
UPI_01948,1,3,3.0,0.3333333333333333,249261.07,317327.77,0.7855003375356682,1.1833934975306062,0.0,0.75,0.0,1.0,0.025242039213975366,0.027777777777777776,0.3305793479510761,0.20407925505046567,9.00079347272705,0.11764705882352941,18,train,-1,organic,,,0
UPI_01949,3,8,2.6666666666666665,0.375,232781.11,144140.38,0.6192099358400837,0.3037789555454739,0.018518518518518517,0.0,0.1,0.8497539256834091,0.02168950591722626,0.038461538461538464,1.8967750696401615,1.7244964363797741,2.6002292254544814,0.11402027027027027,0,train,-1,organic,,,0
UPI_01950,2,8,4.0,0.25,83658.07,139146.55,0.6012227899551426,0.260307858932671,0.011363636363636364,0.0,0.1111111111111111,0.9499010896107682,0.019197436403877142,0.07692307692307693,1.934533128676848,1.7254309061653874,2.8891435838383126,0.145478374836173,30,train,-1,organic,,,0
UPI_01951,2,5,2.5,0.4,177238.39,102346.64,0.5774518703211784,0.7773839309862162,0.0,0.3333333333333333,0.0,0.7478572599087505,0.012928635131171776,0.05555555555555555,1.4355266385720866,1.524676148874033,2.571655277922015,0.12547528517110265,28,train,-1,organic,,,0
UPI_01952,2,7,3.5,0.2857142857142857,214335.64,44284.3,0.20661194237034666,0.2692268831219714,0.04285714285714286,0.0,0.125,0.9168358660664158,0.02124441701778967,0.07142857142857142,2.8078662497507714,2.2970989086597964,3.5003085727271865,0.10630407911001236,13,train,-1,organic,,,0
UPI_01953,3,8,2.6666666666666665,0.375,347456.83,171988.56,0.4949926056238706,0.43460454258912234,0.018867924528301886,0.0,0.2222222222222222,0.6404771762934336,0.031106520193708784,0.045454545454545456,2.3890013918233337,1.8415389043332258,4.8893199111109915,0.13169845594913715,24,train,-1,organic,,,0
UPI_01954,2,5,2.5,0.4,201781.63,31214.84,0.15469615368145254,0.3838309570719041,0.0,0.0,0.16666666666666666,0.9078988169789948,0.014779018485502487,0.047619047619047616,2.488080932567767,1.9826729678782333,3.5003085727271865,0.12013536379018612,23,train,-1,organic,,,0
UPI_01955,8,15,1.875,0.5333333333333333,307595.85,279435.11,0.9084489180678413,0.7978747568261024,0.051587301587301584,0.6,0.045454545454545456,0.4566481810118692,0.039243564717232206,0.017857142857142856,2.038360501172998,1.6853468287415152,2.545678961983408,0.12642986152919927,6,train,-1,organic,,,0
UPI_01956,3,6,2.0,0.5,127277.51,90104.27,0.7079355420826676,0.3675299534505725,0.029411764705882353,0.0,0.2857142857142857,0.4518619693957966,0.016672308306346088,0.045454545454545456,1.5633770412875287,1.5953619671794816,3.143134228571351,0.11402027027027027,0,train,-1,organic,,,0
UPI_01957,5,9,1.8,0.5555555555555556,293139.06,73138.04,0.24949945962860354,0.7496028730097767,0.03409090909090909,0.36363636363636365,0.2727272727272727,0.6695292502945085,0.03649707526839006,0.04081632653061224,3.097480008082812,2.463412789319136,4.454938183470964,0.12611377655928718,32,train,-1,organic,,,0
UPI_01958,7,9,1.2857142857142858,0.7777777777777778,3303064.98,1622163.72,0.4911086311754079,4.4907680705393265,0.08823529411764706,1.0,0.06666666666666667,0.3055156105287285,0.030782630045923534,0.023809523809523808,0.8253343189038689,1.4401802518649403,2.8002468581817492,0.3680672268907563,31,train,-1,organic,,,0
UPI_01959,3,5,1.6666666666666667,0.6,285440.43,15626.07,0.05474370730059397,0.36903473906940504,0.038461538461538464,0.0,0.3333333333333333,0.945690144422369,0.01913633875912325,0.04,2.4675410959242727,2.0940403661369884,4.167034015151413,0.13686313686313686,22,train,-1,organic,,,0
UPI_01960,2,7,3.5,0.2857142857142857,235872.9,100710.58,0.42696968027973126,0.2767356774681213,0.02857142857142857,0.0,0.125,0.8318651986179584,0.020172728991993946,0.03571428571428571,2.255233384355664,1.824107239097816,3.5003085727271865,0.11626248216833096,29,train,-1,organic,,,0
UPI_01961,3,1,0.3333333333333333,0.3333333333333333,2198644.96,1542464.83,0.7015524802611716,3.8641055889619165,0.08333333333333333,0.75,0.0,0.6380355639851187,0.020416544441185097,0.034482758620689655,0.5649666625020214,0.633770485374547,7.250639186363458,0.3680672268907563,31,train,-1,organic,,,0
UPI_01962,2,4,2.0,0.5,188645.04,85212.97,0.4517106410428843,0.26457980271241316,0.03333333333333333,0.0,0.0,0.9828832560159573,0.012745740798283242,0.058823529411764705,1.829285940742977,1.6556718900047107,2.833583130302961,0.13169845594913715,24,train,-1,organic,,,0
UPI_01963,42,3,0.07142857142857142,0.07142857142857142,935255.0,1799876.29,0.5196218226723812,3.9263362935096526,0.04141414141414142,0.41935483870967744,0.0,0.06340338080044951,0.1388580986336659,0.010101010101010102,2.754094199758157,2.3102965359014616,4.400387919999892,0.1,3,train,35,stealth_cycle,35,stealth_cycle,1
UPI_01964,1,5,5.0,0.2,192016.93,121880.88,0.6347403125,0.243732248474595,0.03333333333333333,0.0,0.0,1.0,0.01716249299336159,0.10526315789473684,1.767373194687497,1.4918033948698721,3.1669458515150732,0.110055423594616,17,train,-1,organic,,,0
UPI_01965,2,7,3.5,0.2857142857142857,109604.7,118428.42,0.9254932401312704,0.3381947225672585,0.0,0.0,0.125,0.9713157478978716,0.01487037985559209,0.1,1.4737743567007353,1.2915697361770593,2.5002204090908475,0.12013536379018612,23,train,-1,organic,,,0
UPI_01966,1,6,6.0,0.16666666666666666,43003.79,46772.02,0.9194340562650878,0.243419573033526,0.0,0.0,0.0,1.0,0.017838141166589657,0.041666666666666664,1.6221512621882994,1.5562034603008388,3.428873703896019,0.110055423594616,17,train,-1,organic,,,0
UPI_01967,2,4,2.0,0.5,84769.58,46959.63,0.5539679226956479,0.3170280169762729,0.0,0.0,0.2,0.9369505503619198,0.01360232062307025,0.05555555555555555,1.6665713281616674,1.4517129532741297,3.6003173890908204,0.11626248216833096,29,train,-1,organic,,,0
UPI_01968,5,9,1.8,0.5555555555555556,223684.5,135016.38,0.6036018724092367,1.1908070633311574,0.011363636363636364,0.4,0.2727272727272727,0.5844540467591929,0.031468125113610065,0.045454545454545456,2.2922527397181627,1.618880650193049,4.000352654545356,0.11778115501519756,19,train,-1,organic,,,0
UPI_01969,2,9,4.5,0.2222222222222222,205876.96,246554.13,0.8350172973214595,0.29894302411918977,0.0,0.0,0.1,0.7383806405856099,0.037972220898316485,0.037037037037037035,2.3217163233837255,1.6272908794543315,5.400476083636231,0.1,3,train,-1,organic,,,0
UPI_01970,3,9,3.0,0.3333333333333333,230079.93,134688.94,0.585400655873379,0.29738637296765974,0.007692307692307693,0.0,0.09090909090909091,0.6950256347690685,0.026655874414978575,0.05263157894736842,2.153175697062299,1.852727340152877,3.454850019834626,0.10567514677103718,27,train,-1,organic,,,0
UPI_01971,2,9,4.5,0.2222222222222222,86389.09,171969.12,0.5023523157012493,0.3031214430192791,0.0,0.0,0.1,0.6394477132022232,0.026547475524702425,0.05714285714285714,1.751335120993049,1.4689743440817198,3.5003085727271865,0.12167606768734891,26,train,-1,organic,,,0
UPI_01972,1,3,3.0,0.3333333333333333,41999.03,319226.74,0.13156489408161567,1.0715478548000692,0.0,0.75,0.0,1.0,0.0218815321691953,0.06666666666666667,0.5817448581849024,0.49976682392830163,7.500661227272543,0.1234676007005254,25,train,-1,organic,,,0
UPI_01973,4,2,0.5,0.5,3454178.89,276793.2,0.08013285069157611,3.7626080919139886,0.0,0.8333333333333334,0.0,0.31308636749053764,0.02317786022696744,0.06060606060606061,0.6770602549933163,0.6735736105198089,5.500484899999865,0.12661498708010335,14,train,-1,organic,,,0
UPI_01974,1,4,4.0,0.25,136512.03,16746.28,0.12267252747252747,0.24413065750434423,0.0,0.0,0.0,1.0,0.007827883037985593,0.09090909090909091,1.3945064759806558,1.6959133233575128,2.200193959999946,0.12642986152919927,6,train,-1,organic,,,0
UPI_01975,3,9,3.0,0.3333333333333333,69967.85,99152.51,0.7056588628816516,0.3168859892889048,0.038461538461538464,0.0,0.09090909090909091,0.3810484301780754,0.02505653010506237,0.030303030303030304,1.2782183232054687,1.1792121676897833,3.000264490909017,0.11376146788990826,15,train,-1,organic,,,0
UPI_01976,2,10,5.0,0.2,80317.72,221831.48,0.36206638489040627,0.26624559645171836,0.023076923076923078,0.2,0.09090909090909091,0.8345136868590162,0.026046974685234713,0.02857142857142857,1.9686942980138484,1.555414711112872,3.1820987024792604,0.12260967379077616,20,train,-1,organic,,,0
UPI_01977,2,5,2.5,0.4,211378.13,136915.05,0.6477256995782068,0.3079671592192103,0.0,0.0,0.16666666666666666,0.9067773805281127,0.01799390006787699,0.1,1.6738002063934654,1.5374757965463801,3.3336272121211303,0.110055423594616,17,train,-1,organic,,,0
UPI_01978,32,3,0.09375,0.09375,446849.98,1566679.25,0.28522110182181365,2.531111244744585,0.017676767676767676,0.25,0.029411764705882353,0.056555418554349896,0.11641248512214934,0.018072289156626505,3.158320759810765,3.0634223396046187,4.882783387165656,0.10888252148997135,12,train,-1,organic,,,0
UPI_01979,15,0,0.0,0.0,734221.69,0.0,0.0,3.233338149238835,0.004761904761904762,0.0,0.0,0.07596508563273532,0.0319467128829113,0.05,0.559754369371411,0.4699931669257166,2.6669017696969037,0.11512415349887133,11,train,-1,organic,,,0
UPI_01980,3,7,2.3333333333333335,0.42857142857142855,163413.32,108986.52,0.6669378027062727,0.3543870057051274,0.023255813953488372,0.25,0.25,0.671115319293399,0.029623482016959444,0.047619047619047616,2.1133393568394303,1.7621252112053993,5.25046285909078,0.12661498708010335,14,train,-1,organic,,,0
UPI_01981,3,6,2.0,0.5,210472.1,62966.49,0.2991678686341951,0.3262732726210007,0.0,0.0,0.2857142857142857,0.7479888957114987,0.01911641453944929,0.08333333333333333,2.1198060571505786,1.81481867502893,3.428873703896019,0.11376146788990826,15,train,-1,organic,,,0
UPI_01982,4,6,1.5,0.6666666666666666,226712.2,77984.29,0.3439792659835995,0.35002834833205604,0.011627906976744186,0.0,0.25,0.7981748867255732,0.01754745512050028,0.045454545454545456,2.023768055918254,1.898007406557655,2.7502424499999325,0.13169845594913715,24,train,-1,organic,,,0
UPI_01983,4,6,1.5,0.6666666666666666,247291.61,167996.17,0.6793443971182734,0.3472520577708083,0.12222222222222222,0.0,0.0,0.9050375185659417,0.01279713628528016,0.125,1.5136442763214748,1.4752543007640893,1.6001410618181424,0.1281767955801105,9,train,-1,organic,,,0
UPI_01984,2,5,2.5,0.4,106199.61,18627.46,0.17540047226557995,0.36167641434649983,0.0,0.0,0.16666666666666666,0.9595994072099485,0.0142836737608913,0.05263157894736842,2.3899944723896014,1.8286399960798538,3.1669458515150732,0.12547528517110265,28,train,-1,organic,,,0
UPI_01985,1,5,5.0,0.2,144012.7,66993.57,0.46519208333333334,0.24285468123492607,0.0,0.0,0.0,1.0,0.012266430589504211,0.09090909090909091,1.3558138493535745,1.4333426205411803,1.8334949666666214,0.13090257023311416,5,train,-1,organic,,,0
UPI_01986,4,4,1.0,1.0,329335.2,40010.79,0.12148955484192718,1.2802075822623153,0.0,0.42857142857142855,0.14285714285714285,0.5324496674523296,0.019265080772616947,0.037037037037037035,2.126976996973893,1.8242952680661584,3.857482916883022,0.12013536379018612,23,train,-1,organic,,,0
UPI_01987,4,5,1.25,0.8,331005.37,87965.13,0.26575138229731876,1.5250780145369225,0.02857142857142857,0.25,0.125,0.3347445579820149,0.022923183457102606,0.03125,0.8317768840184483,0.8876473008110883,4.000352654545356,0.10567514677103718,27,train,-1,organic,,,0
UPI_01988,1,6,6.0,0.16666666666666666,212018.69,122007.67,0.5754571226415095,0.24323651184103853,0.0,0.0,0.0,1.0,0.019309947503563497,0.07407407407407407,2.243272663910339,1.7928107114130953,3.857482916883022,0.1281767955801105,9,train,-1,organic,,,0
UPI_01989,1,3,3.0,0.3333333333333333,266023.45,4452.5,0.016737255639097746,0.24318110251457678,0.0,0.0,0.0,1.0,0.007954350864207078,0.1,1.958871155748674,1.7021678276652696,2.5002204090908475,0.12661498708010335,14,train,-1,organic,,,0
UPI_01990,3,12,4.0,0.25,495963.62,567065.4,0.8746145012178766,0.8490114058525756,0.014423076923076924,0.3333333333333333,0.07142857142857142,0.4890933238830817,0.03991640134691647,0.03636363636363636,1.6129791376339735,1.4068814894334503,3.9289177857141886,0.12814645308924486,4,train,12,stealth_cycle,12,stealth_cycle,1
UPI_01991,23,0,0.0,0.0,1031990.98,0.0,0.0,1.2846560155868758,0.001976284584980237,0.0,0.0,0.055110762114462024,0.04054524757481059,0.03636363636363636,0.47585679123019015,0.5025580978334293,2.3915151739129845,0.12167606768734891,26,train,-1,organic,,,0
UPI_01992,17,0,0.0,0.0,777068.5,0.0,0.0,0.8521261966254169,0.0,0.0,0.0,0.07189732479307769,0.02641185963881187,0.05405405405405406,0.39806327730661994,0.3827935947401804,2.1766624737967377,0.13090257023311416,5,train,-1,organic,,,0
UPI_01993,1,5,5.0,0.2,163014.37,104710.9,0.6423415337423313,0.24328858614406598,0.03333333333333333,0.0,0.0,1.0,0.01189178721381,0.0625,1.5294318874334403,1.5159646230282044,2.6669017696969037,0.1234676007005254,25,train,-1,organic,,,0
UPI_01994,5,7,1.4,0.7142857142857143,410529.08,415377.94,0.9883266369934011,0.44979471604720594,0.0234375,0.3333333333333333,0.2,0.47103170295254454,0.024434546855938582,0.058823529411764705,1.4231712087794997,1.2287966326200916,3.4002997563635526,0.12395709177592372,21,train,4,stealth_cycle,4,stealth_cycle,1
UPI_01995,2,1,0.5,0.5,710364.61,209949.13,0.29555122040415516,1.8526334434584553,0.16666666666666666,1.0,0.0,0.5060230483497189,0.00823024740622506,0.09090909090909091,0.20780931175061665,0.17760225623126127,3.6669899333332427,0.3680672268907563,31,train,-1,organic,,,0
UPI_01996,35,5,0.14285714285714285,0.14285714285714285,572213.96,1690214.51,0.33854517272528684,2.948288270032394,0.014102564102564103,0.19444444444444445,0.0,0.05815616628557831,0.14310377751883305,0.014705882352941176,3.1464363357584912,2.5107153802204856,5.1004496345453285,0.11778115501519756,19,train,-1,organic,,,0
UPI_01997,3,9,3.0,0.3333333333333333,199639.14,119526.4,0.5987122431777653,0.566039641773238,0.0078125,0.3,0.2,0.8886563819703884,0.031221232468728002,0.04878048780487805,2.649353694933268,2.002268598030524,4.1003614709089895,0.12611377655928718,32,train,-1,organic,,,0
UPI_01998,2,4,2.0,0.5,33410.63,35688.2,0.9361813980924785,0.2531995739500256,0.0,0.0,0.2,0.6719685784181095,0.010835309774097681,0.07692307692307693,1.219592462741153,1.2572956645569737,2.6002292254544814,0.11512415349887133,11,train,-1,organic,,,0
UPI_01999,1,6,6.0,0.16666666666666666,37003.26,45588.8,0.8116744229104539,0.24285468123492607,0.0,0.0,0.0,1.0,0.019657307604101823,0.041666666666666664,1.4142711925450366,1.294733907599601,3.428873703896019,0.12395709177592372,21,train,-1,organic,,,0
UPI_02000,2,2,1.0,1.0,393254.53,192064.95,0.48839857681654225,2.1255609592784532,0.0,0.75,0.0,0.5993692127335262,0.02756716651127367,0.05405405405405406,0.5442726910311504,0.4486669673383311,9.250815513636136,0.1330166270783848,1,train,-1,organic,,,0
UPI_02001,2,8,4.0,0.25,300181.08,225903.53,0.7525575318480855,0.5215962089266902,0.0,0.5,0.0,0.9315258793128753,0.03360125736879023,0.043478260869565216,2.0544633333682976,1.6801560292309001,4.6004055527271595,0.110055423594616,17,train,-1,organic,,,0
UPI_02002,7,7,1.0,1.0,279293.77,113068.34,0.4048365886457562,0.394704860492639,0.06741573033707865,0.0,0.16666666666666666,0.7991172622857423,0.02162064531398093,0.037037037037037035,2.19599070215848,2.146514599950737,2.2501983681817626,0.12321792260692464,7,train,-1,organic,,,0
UPI_02003,39,9,0.23076923076923078,0.23076923076923078,717940.62,3079570.71,0.2331300975904183,3.7100754025807787,0.011968085106382979,0.11428571428571428,0.0,0.04986272495023853,0.1284515254398558,0.01639344262295082,2.617647413955946,2.6110809425902914,3.8128361238635424,0.10630407911001236,13,train,-1,organic,,,0
UPI_02004,3,3,1.0,1.0,253949.38,335481.97,0.756968768147135,6.221523839523904,0.0,0.6,0.0,0.6937138866019281,0.026400719716917688,0.05405405405405406,0.481803597943679,0.6001608396445516,6.167210342424091,0.13686313686313686,22,train,-1,organic,,,0
UPI_02005,2,5,2.5,0.4,80775.28,160167.59,0.5043172651832021,0.30186187600657494,0.0,0.0,0.0,0.9811595490789926,0.010724571940627182,0.13333333333333333,1.569154037560474,1.4552108917552522,2.143046064935012,0.11512415349887133,11,train,-1,organic,,,0
UPI_02006,5,7,1.4,0.7142857142857143,1165161.82,1716099.36,0.6789594123383966,3.8713754832824825,0.007692307692307693,0.5,0.09090909090909091,0.40656525831863394,0.0442871975553467,0.13333333333333333,0.8611811120112002,1.1342686507743045,5.455026347107303,0.11512415349887133,11,train,1,fast_cycle,1,fast_cycle,1
UPI_02007,1,7,7.0,0.14285714285714285,241021.25,106152.38,0.440427468879668,0.2429492733378004,0.0,0.0,0.0,1.0,0.023023124050071297,0.03125,2.668506590860502,1.984438155802621,4.000352654545356,0.11778115501519756,19,train,-1,organic,,,0
UPI_02008,28,5,0.17857142857142858,0.17857142857142858,748855.91,1494808.73,0.5009710559863789,2.4137003463148905,0.026565464895635674,0.25,0.03125,0.10558775888461364,0.10035708038637477,0.02112676056338028,2.0940552703567894,1.7231743218074032,4.437891226136254,0.13686313686313686,22,train,-1,organic,,,0
UPI_02009,5,8,1.6,0.625,377870.25,70710.02,0.18712778586445253,1.078518370822698,0.01948051948051948,0.3,0.08333333333333333,0.2931110350728935,0.03437858872235998,0.02127659574468085,1.312917870588725,1.4521670279296606,3.9170119742423277,0.11778115501519756,19,train,-1,organic,,,0
UPI_02010,1,4,4.0,0.25,303026.71,69034.79,0.2278174917491749,0.2447661289205732,0.0,0.0,0.0,1.0,0.011418102569053254,0.0625,1.6272865902279472,1.563673603934798,3.200282123636285,0.1407942238267148,2,train,-1,organic,,,0
UPI_02011,2,6,3.0,0.3333333333333333,84804.77,46708.9,0.5507815167206405,0.4550250640598064,0.0,0.0,0.14285714285714285,0.6068656761833952,0.019512439179977234,0.038461538461538464,1.5774720007733973,1.4409279149529932,3.714613179220688,0.10567514677103718,27,train,-1,organic,,,0
UPI_02012,0,97,97.0,0.0,0.0,14790367.29,0.0,0.24082620613995356,0.000429553264604811,0.0,0.0,1.0,0.13612209925040766,0.046632124352331605,0.48065120331708955,0.489636333866801,1.9898661400186952,0.145478374836173,30,train,-1,organic,,,0
UPI_02013,2,5,2.5,0.4,310897.49,96857.36,0.31154114284655504,0.3379474888728844,0.0,0.0,0.16666666666666666,0.8058362562276689,0.015059238982553194,0.09523809523809523,2.0541955666675484,1.6393354534664013,3.5003085727271865,0.12167606768734891,26,train,-1,organic,,,0
UPI_02014,1,6,6.0,0.16666666666666666,219019.31,64372.21,0.2939111415525114,0.24322241648606138,0.0,0.0,0.0,1.0,0.016886949024197927,0.047619047619047616,2.359565607429382,1.8847565643266975,3.000264490909017,0.12321792260692464,7,train,-1,organic,,,0
UPI_02015,1,7,7.0,0.14285714285714285,94008.29,80450.36,0.8557794680851063,0.2431153232862354,0.0,0.0,0.0,1.0,0.02661145610865359,0.05555555555555555,2.1771382289357826,1.7198083254941705,4.500396736363525,0.13169845594913715,24,train,-1,organic,,,0
UPI_02016,3,5,1.6666666666666667,0.6,219439.32,106711.29,0.4862906285927107,0.4371241432337394,0.0,0.0,0.14285714285714285,0.8120035088237337,0.015361597174903463,0.05263157894736842,1.71487394642289,1.556012281755142,2.714525015584349,0.11764705882352941,18,train,-1,organic,,,0
UPI_02017,4,8,2.0,0.5,294159.22,166493.79,0.5659988707840583,0.3874523443631478,0.0,0.0,0.3333333333333333,0.7363487575415864,0.028005647805640806,0.05,1.8422402479320235,1.7134220254003787,4.444836282828174,0.12167606768734891,26,train,-1,organic,,,0
UPI_02018,1,4,4.0,0.25,51004.5,60921.91,0.8372110431748093,0.24499596870931775,0.0,0.0,0.0,1.0,0.009180510012640856,0.07692307692307693,1.0674573833096919,0.967242684445132,2.6002292254544814,0.10567514677103718,27,train,-1,organic,,,0
UPI_02019,1,5,5.0,0.2,184016.22,34169.37,0.1856867391304348,0.24322241648606138,0.0,0.0,0.0,1.0,0.017193544280955802,0.08695652173913043,2.6965040665064395,1.9741122357132455,3.8336712939393,0.12395709177592372,21,train,-1,organic,,,0
UPI_02020,4,3,0.75,0.75,3794251.1,2911540.88,0.7673558776506688,5.522206902240253,0.023809523809523808,1.0,0.0,0.30965904994951626,0.024049310517663375,0.029411764705882353,0.3486666735297336,0.4252721286657528,4.85757108051936,0.3680672268907563,31,train,-1,organic,,,0
UPI_02021,3,5,1.6666666666666667,0.6,185825.61,52619.27,0.2831647814266277,0.34034594362234866,0.0,0.0,0.3333333333333333,0.7860255133243892,0.022587758146180862,0.03333333333333333,2.5108610386817682,1.8745162206033286,5.000440818181695,0.11402027027027027,0,train,-1,organic,,,0
UPI_02022,2,8,4.0,0.25,282901.93,97225.3,0.3436713958247364,0.2757533312002137,0.022727272727272728,0.0,0.1111111111111111,0.9195528925973406,0.02344516050776682,0.0625,2.738668552603243,2.1094028432940104,3.5558690262625383,0.13169845594913715,24,train,-1,organic,,,0
UPI_02023,2,9,4.5,0.2222222222222222,169886.42,111968.77,0.6590801844029816,0.2980609618088966,0.009259259259259259,0.0,0.1,0.8905313526262251,0.03177255557255322,0.044444444444444446,2.610421073209352,1.9281296110261643,4.500396736363525,0.13686313686313686,22,train,-1,organic,,,0
UPI_02024,3,3,1.0,1.0,262069.6,8450.18,0.03224404828913952,0.8090800027971469,0.0,0.0,0.0,0.8226398169194511,0.011373322805111599,0.0625,1.7746490767299608,1.7102797362724322,2.6669017696969037,0.12814645308924486,4,train,-1,organic,,,0
UPI_02025,1,5,5.0,0.2,120010.58,73694.99,0.61407075,0.243732248474595,0.0,0.0,0.0,1.0,0.01499620929529871,0.1111111111111111,1.6709090681456114,1.3536750939410758,3.000264490909017,0.12167606768734891,26,train,-1,organic,,,0
UPI_02026,4,6,1.5,0.6666666666666666,665312.26,58531.43,0.08797587734999288,1.2778290415176736,0.011111111111111112,0.3333333333333333,0.0,0.27138304253955053,0.032971765536500997,0.021739130434782608,1.3869403091962849,1.519543725181891,4.6004055527271595,0.12321792260692464,7,train,-1,organic,,,0
UPI_02027,18,6,0.3333333333333333,0.3333333333333333,605748.61,14801.63,0.024435276613793924,1.0801948830302053,0.005434782608695652,0.0,0.0,0.08863900616908997,0.03236575262021609,0.045454545454545456,0.7687656585910114,0.9567567321621616,1.8334949666666214,0.145478374836173,30,train,-1,organic,,,0
UPI_02028,3,8,2.6666666666666665,0.375,231765.74,112172.87,0.48399244843401584,0.38341268556432007,0.009433962264150943,0.0,0.2222222222222222,0.6948835099688543,0.021235889439667463,0.03333333333333333,1.9929314767655975,1.9727663913500688,3.3336272121211303,0.13090257023311416,5,train,-1,organic,,,0
UPI_02029,4,7,1.75,0.5714285714285714,150590.25,147743.24,0.9810943864788887,0.5408179794668342,0.0,0.0,0.2222222222222222,0.5966480398034603,0.022690081430080198,0.06666666666666667,1.592773575134239,1.0638404472711231,3.3336272121211303,0.1234676007005254,25,train,-1,organic,,,0
UPI_02030,1,6,6.0,0.16666666666666666,20501.81,20852.85,0.983165803479064,0.2422792273072743,0.0,0.0,0.0,1.0,0.017314478568523195,0.047619047619047616,2.1589592118461636,1.6909792449163363,3.000264490909017,0.12395709177592372,21,train,-1,organic,,,0
UPI_02031,1,4,4.0,0.25,42003.7,57627.92,0.7288776464332546,0.24499596870931775,0.0,0.0,0.0,1.0,0.012311495492502567,0.07142857142857142,0.9784073876213293,0.9410559433615037,2.8002468581817492,0.11626248216833096,29,train,-1,organic,,,0
UPI_02032,3,3,1.0,1.0,2951598.1,2201108.8,0.7457345904038978,4.6583754886796145,0.0,1.0,0.0,0.4369168965873119,0.01973451794582347,0.037037037037037035,0.5063468713498398,0.6378870681674673,4.500396736363525,0.3680672268907563,31,train,-1,organic,,,0
UPI_02033,1,4,4.0,0.25,221019.48,45751.92,0.20700402714932126,0.24579742636011256,0.0,0.0,0.0,1.0,0.008690437561519548,0.08333333333333333,1.7814816748284,1.6236469350302667,2.4002115927272136,0.10630407911001236,13,train,-1,organic,,,0
UPI_02034,1,7,7.0,0.14285714285714285,95008.38,78774.88,0.8291362105263157,0.2446823537116759,0.0,0.0,0.0,1.0,0.022422362569602748,0.0625,2.112448160922149,1.5720952230632808,4.000352654545356,0.12661498708010335,14,train,-1,organic,,,0
UPI_02035,1,4,4.0,0.25,109189.83,359438.66,0.3037787497554652,0.6509388660670753,0.05,0.5,0.0,1.0,0.024718961288647517,0.03125,0.6172945769249026,0.7386148454871397,6.40056424727257,0.1407942238267148,2,train,-1,organic,,,0
UPI_02036,1,4,4.0,0.25,38003.35,103442.8,0.36738516893143514,0.24323651184103853,0.0,0.0,0.0,1.0,0.009163054471813543,0.09090909090909091,1.6029854489936346,1.3428896093325398,2.200193959999946,0.1281767955801105,9,train,-1,organic,,,0
UPI_02037,1,8,8.0,0.125,64005.64,247070.99,0.25905769947614893,0.24330955140773808,0.013888888888888888,0.0,0.0,1.0,0.020825881863389795,0.034482758620689655,1.8447767801311021,1.5956077219340081,3.222506305050426,0.13090257023311416,5,train,-1,organic,,,0
UPI_02038,137,0,0.0,0.0,2533207.68,0.0,0.0,7.945832935578221,0.0009124087591240876,0.0,0.0,0.23228123003479115,0.2285690620698365,0.012269938650306749,3.669365372937748,4.2010402797819575,2.3797718346382957,0.12013536379018612,23,train,-1,organic,,,0
UPI_02039,2,6,3.0,0.3333333333333333,207468.52,132391.33,0.6381273233584749,0.2548314368479474,0.037037037037037035,0.0,0.14285714285714285,0.93974773013738,0.021055972624116185,0.03333333333333333,2.2328425192485257,1.6603259147438671,4.286092129870024,0.145478374836173,30,train,-1,organic,,,0
UPI_02040,190,0,0.0,0.0,2328742.33,0.0,0.0,9.191559780144365,0.001086048454469507,0.0,0.0,0.2570552137211502,0.3211963903198483,0.010917030567685589,4.429554262429598,3.960986266636671,2.4107388365549647,0.11512415349887133,11,train,-1,organic,,,0
UPI_02041,1,4,4.0,0.25,179015.78,71258.17,0.39805525139664805,0.24393038772468417,0.0,0.0,0.0,1.0,0.009590780063432355,0.16666666666666666,1.518020914402285,1.4891355253629919,2.4002115927272136,0.12321792260692464,7,train,-1,organic,,,0
UPI_02042,1,3,3.0,0.3333333333333333,242745.74,135270.81,0.5572530962490206,0.9138983972560433,0.0,1.0,0.0,1.0,0.02402128002807193,0.029411764705882353,0.4447784669696032,0.33342318089274875,8.500749390908881,0.1407942238267148,2,train,-1,organic,,,0
UPI_02043,2,5,2.5,0.4,108559.85,52152.65,0.48040456459439806,0.2506253593410095,0.0,0.0,0.16666666666666666,0.9112795151487301,0.014493916958411264,0.0625,2.420228589292016,1.775848748317141,2.6669017696969037,0.1281767955801105,9,train,-1,organic,,,0
UPI_02044,1,4,4.0,0.25,198017.46,75474.2,0.3811492424242424,0.24318110251457678,0.0,0.0,0.0,1.0,0.008245025501280895,0.09090909090909091,1.4888754001091953,1.3879528293007513,2.200193959999946,0.12661498708010335,14,train,-1,organic,,,0
UPI_02045,5,3,0.6,0.6,8526359.35,5937863.17,0.6964124926836595,11.137972622290478,0.017857142857142856,1.0,0.0,0.24805589027542657,0.04369283222668701,0.03278688524590164,0.2254356294613565,0.2057913866075706,7.625672247727085,0.3680672268907563,31,train,-1,organic,,,0
UPI_02046,18,1,0.05555555555555555,0.05555555555555555,946458.34,204560.29,0.21613238051854503,1.5058343036861772,0.0,0.1111111111111111,0.0,0.07976942570392621,0.03363006722967244,0.06521739130434782,0.6244654048368573,0.6675600011725842,2.4212660803827153,0.12395709177592372,21,train,-1,organic,,,0
UPI_02047,3,6,2.0,0.5,108581.89,71604.38,0.6594504934591063,0.31076221391251224,0.0,0.0,0.0,0.5332925810700979,0.02184626465494097,0.06896551724137931,2.0822798422256303,1.7026575637449504,3.222506305050426,0.11402027027027027,0,train,-1,organic,,,0
UPI_02048,3,8,2.6666666666666665,0.375,189532.79,79743.99,0.42073981268502386,0.27053433367400526,0.018867924528301886,0.2222222222222222,0.2222222222222222,0.8940394120781958,0.02610120140101306,0.02857142857142857,2.6432090969711393,2.1365224194753307,3.8892317474746516,0.12436224489795919,8,train,-1,organic,,,0
UPI_02049,3,8,2.6666666666666665,0.375,254932.33,103500.26,0.40599112172436175,0.3255231844206606,0.0,0.0,0.2222222222222222,0.8611632212402652,0.02764804782365029,0.05405405405405406,2.7292741610764133,2.073840167545003,4.11147356161606,0.11626248216833096,29,train,-1,organic,,,0
UPI_02050,1,4,4.0,0.25,228020.1,109810.99,0.48158469298245615,0.2435397953398505,0.0,0.0,0.0,1.0,0.013096800550065622,0.11764705882352941,1.7552827118402334,1.4966195089981995,3.4002997563635526,0.12814645308924486,4,train,-1,organic,,,0
UPI_02051,2,7,3.5,0.2857142857142857,52902.17,61934.63,0.8541614557404854,0.39141896058908715,0.02857142857142857,0.25,0.125,0.6312556271351146,0.027608597010346833,0.05555555555555555,1.4089357029693859,1.2402051301410926,4.500396736363525,0.12260967379077616,20,train,-1,organic,,,0
UPI_02052,3,7,2.3333333333333335,0.42857142857142855,123685.94,63288.08,0.5116836833042464,0.6293745180255448,0.0,0.3333333333333333,0.1111111111111111,0.6550319134611021,0.022580950761847535,0.034482758620689655,1.8516434986647807,1.75450147393977,3.222506305050426,0.11778115501519756,19,train,-1,organic,,,0
UPI_02053,5,8,1.6,0.625,444194.95,140814.52,0.31701063719106304,0.8848929997500358,0.039473684210526314,0.375,0.18181818181818182,0.44300439480841125,0.02219939149882231,0.03571428571428571,1.8916995979652305,1.6390057357379257,2.545678961983408,0.12611377655928718,32,train,-1,organic,,,0
UPI_02054,2,6,3.0,0.3333333333333333,255101.03,159874.48,0.6267104633733593,0.3197965955683827,0.0,0.0,0.14285714285714285,0.9313511495674929,0.027190942730545523,0.05555555555555555,2.5402451197319094,1.7156303090594525,5.14331055584403,0.13090257023311416,5,train,-1,organic,,,0
UPI_02055,4,7,1.75,0.5714285714285714,281889.78,92172.06,0.32697906050248965,0.5699538124686812,0.0,0.25,0.375,0.8595643716067525,0.02168843241432617,0.06666666666666667,2.572238678863642,1.9717041254242924,3.7503306136362715,0.1234676007005254,25,train,-1,organic,,,0
UPI_02056,3,8,2.6666666666666665,0.375,220586.51,126838.52,0.5750058054906294,0.3842972528146086,0.04716981132075472,0.0,0.2222222222222222,0.684840172174608,0.032939991874802,0.044444444444444446,2.614022491524526,1.7204839007329533,5.000440818181695,0.11764705882352941,18,train,-1,organic,,,0
UPI_02057,1,4,4.0,0.25,118010.4,26678.07,0.22606542372881358,0.2431153232862354,0.0,0.0,0.0,1.0,0.008891094199571388,0.09090909090909091,1.6639317054505574,1.5727674680297958,2.200193959999946,0.13169845594913715,24,train,-1,organic,,,0
UPI_02058,2,4,2.0,0.5,54206.14,30398.08,0.5607866666076275,0.33292027147157977,0.0,0.0,0.0,0.797354105759428,0.011733978484854104,0.0625,1.4127484320362704,1.362504119378593,2.6669017696969037,0.13686313686313686,22,train,-1,organic,,,0
UPI_02059,3,7,2.3333333333333335,0.42857142857142855,241725.12,108619.04,0.449349391720387,0.3566530160199156,0.0,0.0,0.25,0.9617219902603694,0.022354936128589638,0.037037037037037035,2.372793621512775,1.8144855435876064,3.3752975522726443,0.12547528517110265,28,train,-1,organic,,,0
UPI_02060,2,9,4.5,0.2222222222222222,208325.37,100152.39,0.4807498547816444,0.27735377476720807,0.0,0.0,0.1,0.8888190094619262,0.02686603041831666,0.02631578947368421,2.658569586923189,1.9952854717055213,3.8003350218180882,0.1281767955801105,9,train,-1,organic,,,0
UPI_02061,5,2,0.4,0.4,2574026.26,138604.85,0.053847488359368374,3.710845953850066,0.023809523809523808,0.5,0.0,0.3134448808619369,0.019221908704387735,0.08333333333333333,0.8806869937130211,0.9218135735253528,3.428873703896019,0.3680672268907563,31,train,-1,organic,,,0
UPI_02062,0,3,3.0,0.0,0.0,40076.04,0.0,0.24082620613995356,0.16666666666666666,0.0,0.0,1.0,0.012421531574843178,0.3333333333333333,0.6930601369297474,0.6930601369297474,1.000088163636339,0.11402027027027027,0,train,-1,organic,,,0
UPI_02063,7,14,2.0,0.5,373543.18,667901.67,0.5592787038997605,1.051534861020212,0.1875,0.75,0.10526315789473684,0.520643610447488,0.03281215634913244,0.043478260869565216,1.757031360473211,1.237868209570867,2.4212660803827153,0.12611377655928718,32,train,-1,organic,,,0
UPI_02064,1,6,6.0,0.16666666666666666,72006.35,51545.05,0.7158404166666666,0.2431947146323492,0.0,0.0,0.0,1.0,0.01754170469230449,0.041666666666666664,1.8728479739955837,1.6393174138759519,3.428873703896019,0.1407942238267148,2,train,-1,organic,,,0
UPI_02065,1,7,7.0,0.14285714285714285,108009.52,44567.48,0.412625462962963,0.243732248474595,0.017857142857142856,0.0,0.0,1.0,0.017710968070445376,0.041666666666666664,2.3002716997772192,1.8703154327579046,3.000264490909017,0.145478374836173,30,train,-1,organic,,,0
UPI_02066,3,7,2.3333333333333335,0.42857142857142855,39656.85,88229.37,0.4494744427072783,0.3521132605194941,0.0,0.2857142857142857,0.25,0.8730024071978782,0.030766256822956677,0.023809523809523808,2.0405659161203524,1.6353895123019386,5.25046285909078,0.12661498708010335,14,train,-1,organic,,,0
UPI_02067,2,5,2.5,0.4,228604.83,109436.54,0.4787148902542375,0.2582951551917656,0.0,0.0,0.0,0.9862309749709812,0.010293628125051378,0.08333333333333333,1.4208496648678237,1.4134767950169096,1.7144368519480095,0.12321792260692464,7,train,-1,organic,,,0
UPI_02068,5,9,1.8,0.5555555555555556,350674.03,443513.51,0.7906727244983538,0.33915485054047456,0.044444444444444446,0.0,0.07692307692307693,0.5164793531564718,0.018938662003763047,0.07692307692307693,2.3735209454313306,2.0679570173965875,2.000176327272678,0.12436224489795919,8,train,-1,organic,,,0
UPI_02069,3,10,3.3333333333333335,0.3,185295.1,163881.74,0.884436408985228,0.2774874638500449,0.02631578947368421,0.0,0.18181818181818182,0.8358687102351228,0.032480285222225576,0.023255813953488372,2.2151881094832717,1.764748703678004,3.9094355487602344,0.10630407911001236,13,train,-1,organic,,,0
UPI_02070,2,8,4.0,0.25,80623.54,124588.12,0.6471205712380297,0.2636615689649301,0.0,0.0,0.1111111111111111,0.8493260015099937,0.022512531389543004,0.0625,1.538081583026159,1.372347868340761,3.5558690262625383,0.10630407911001236,13,train,-1,organic,,,0
UPI_02071,161,0,0.0,0.0,1806794.27,0.0,0.0,8.3464196085592,0.0007375776397515528,0.0,0.0,0.18551190197509843,0.27708645108906493,0.010075566750629723,4.996646587180263,4.794927399620253,2.4660559066063765,0.12661498708010335,14,train,-1,organic,,,0
UPI_02072,2,8,4.0,0.25,114180.44,122939.91,0.928749969392919,0.26544516065503837,0.011363636363636364,0.0,0.1111111111111111,0.8305494403664098,0.02577937864536526,0.029411764705882353,1.7762550144872753,1.3645824673459086,3.778110840403947,0.12260967379077616,20,train,-1,organic,,,0
UPI_02073,1,7,7.0,0.14285714285714285,63005.55,76145.96,0.8274313182753967,0.24237829693231888,0.017857142857142856,0.0,0.0,1.0,0.01583005872312188,0.045454545454545456,2.0775391429592487,1.6410413958810715,2.7502424499999325,0.11764705882352941,18,train,-1,organic,,,0
UPI_02074,1,5,5.0,0.2,144012.7,114895.03,0.7978118055555555,0.24302917371621402,0.0,0.0,0.0,1.0,0.013080180700274118,0.1111111111111111,1.478921075970706,1.4061096043450527,3.000264490909017,0.10567514677103718,27,train,-1,organic,,,0
UPI_02075,1,5,5.0,0.2,49004.32,164842.85,0.2972790112767029,0.2429492733378004,0.03333333333333333,0.0,0.0,1.0,0.012694041425770049,0.1875,1.4861470436498287,1.3502876301773918,2.6669017696969037,0.11376146788990826,15,train,-1,organic,,,0
UPI_02076,2,4,2.0,0.5,48683.48,36422.65,0.7481521364673488,0.2520081630841855,0.0,0.0,0.0,0.9724846000601537,0.010425644769322584,0.07692307692307693,1.18711964800413,1.3091360735467767,2.1668576878787342,0.13686313686313686,22,train,-1,organic,,,0
UPI_02077,2,4,2.0,0.5,135305.7,85381.29,0.6310250649383191,0.27202038761520586,0.03333333333333333,0.0,0.0,0.9810575446107883,0.01320592368214167,0.125,1.507110219642531,1.5047225765228982,2.6669017696969037,0.13686313686313686,22,train,-1,organic,,,0
UPI_02078,2,6,3.0,0.3333333333333333,104961.2,87821.81,0.8367073694200061,0.30903844366922983,0.07407407407407407,0.0,0.14285714285714285,0.6182897990485956,0.01894650286502701,0.08,1.2576630753369524,1.268407418865244,3.571743441558354,0.11512415349887133,11,train,-1,organic,,,0
UPI_02079,3,5,1.6666666666666667,0.6,26324.07,43997.88,0.5983031777060508,0.5224929485347396,0.037037037037037035,0.0,0.14285714285714285,0.559789643460814,0.011854544736088197,0.06666666666666667,0.8714556425450288,1.0176918601403937,2.143046064935012,0.110055423594616,17,train,-1,organic,,,0
UPI_02080,1,3,3.0,0.3333333333333333,271023.89,16963.38,0.062589963099631,0.24346976723146607,0.0,0.0,0.0,1.0,0.010405832276290264,0.08333333333333333,2.0788994482735466,1.6432706010233398,3.000264490909017,0.11512415349887133,11,train,-1,organic,,,0
UPI_02081,2,7,3.5,0.2857142857142857,143100.66,86477.11,0.6043096963240253,0.3275036169045578,0.02857142857142857,0.0,0.125,0.684468587704099,0.018654686212632332,0.041666666666666664,1.594280156150684,1.517768538156873,3.000264490909017,0.12661498708010335,14,train,-1,organic,,,0
UPI_02082,2,6,3.0,0.3333333333333333,66333.75,35305.26,0.5322368113569101,0.29768795842171997,0.0,0.0,0.14285714285714285,0.5533801145632096,0.01831014211682849,0.038461538461538464,1.4501578483323145,1.4402468200152918,3.714613179220688,0.11778115501519756,19,train,-1,organic,,,0
UPI_02083,3,0,0.0,0.0,1794217.56,0.0,0.0,3.065177486217995,0.0,0.0,0.0,0.37707660126008324,0.009364909085342536,0.07692307692307693,0.665167519687924,0.6246522062507618,4.3337153757574685,0.12436224489795919,8,train,-1,organic,,,0
UPI_02084,3,6,2.0,0.5,174092.28,120031.43,0.6894701670117919,0.48942588162890077,0.0,0.2857142857142857,0.2857142857142857,0.5981619123265048,0.02313251030146373,0.03333333333333333,1.5952674089351981,1.4540468068011394,4.286092129870024,0.13090257023311416,5,train,-1,organic,,,0
UPI_02085,2,4,2.0,0.5,246232.89,27415.2,0.11133848592903052,0.2524320947458818,0.07142857142857142,0.0,0.2,0.9902098525747092,0.0146815836422048,0.1111111111111111,2.4990466950370944,1.8756170830944434,3.6003173890908204,0.12661498708010335,14,train,-1,organic,,,0
UPI_02086,9,24,2.6666666666666665,0.375,190518.29,1064262.06,0.1790144479410511,0.48111398990659954,0.0920303605313093,0.5,0.03125,0.6636901177148771,0.033889821992141016,0.041666666666666664,2.3363081341543315,1.7247570743619125,1.5001322454545085,0.145478374836173,30,train,-1,organic,,,0
UPI_02087,2,6,3.0,0.3333333333333333,222058.7,119380.59,0.5376082827206305,0.30278199576568166,0.09259259259259259,0.0,0.14285714285714285,0.8507148819794834,0.016305607126408505,0.05263157894736842,1.6718671872177238,1.4694729899827428,2.714525015584349,0.11402027027027027,0,train,-1,organic,,,0
UPI_02088,3,5,1.6666666666666667,0.6,175171.0,80192.41,0.45779500233963455,0.4250416668571135,0.037037037037037035,0.0,0.14285714285714285,0.7905711068686406,0.016113736512773348,0.043478260869565216,1.9344778911359573,1.5734967372205433,3.286003966233685,0.1281767955801105,9,train,-1,organic,,,0
UPI_02089,1,1,1.0,1.0,882579.54,852244.03,0.9656285776841641,2.934513587098329,0.0,1.0,0.0,1.0,0.012145011436552436,0.125,0.11891075002153359,0.017486224358994145,8.000705309090712,0.3680672268907563,31,train,-1,organic,,,0
UPI_02090,2,5,2.5,0.4,72857.23,57206.96,0.7851926423330091,0.2719989304339279,0.0,0.0,0.16666666666666666,0.7464783373725394,0.014173044208480754,0.05,1.3200034733804764,1.3403000736849953,3.3336272121211303,0.1234676007005254,25,train,-1,organic,,,0
UPI_02091,42,2,0.047619047619047616,0.047619047619047616,586244.33,1276081.78,0.4594096853224422,3.213581873080728,0.021141649048625793,0.17647058823529413,0.0,0.05243886043251759,0.12554283365535357,0.016853932584269662,3.246795445841604,2.681872711343585,4.045811207437917,0.11764705882352941,18,train,-1,organic,,,0
UPI_02092,4,8,2.0,0.5,258714.19,109166.03,0.42195611620302154,0.9280270719648835,0.03076923076923077,0.5555555555555556,0.09090909090909091,0.8436279316094071,0.04264902662230954,0.03389830508474576,3.494849295307638,2.1541604334102176,5.364109241322182,0.12547528517110265,28,train,-1,organic,,,0
UPI_02093,1,5,5.0,0.2,112009.87,82012.33,0.7321883928571429,0.24312818349492235,0.0,0.0,0.0,1.0,0.01254822497805513,0.16666666666666666,1.165582455774004,1.0967699397077861,2.000176327272678,0.12013536379018612,23,train,-1,organic,,,0
UPI_02094,2,5,2.5,0.4,225081.21,65034.9,0.28893972341855023,0.2711704716615513,0.0,0.0,0.16666666666666666,0.9731652918870823,0.014484586363214582,0.125,1.9666629846776638,1.7224989950323188,2.6669017696969037,0.12661498708010335,14,train,-1,organic,,,0
UPI_02095,30,3,0.1,0.1,379542.74,1575772.46,0.24086138556772918,1.6752903418943774,0.010416666666666666,0.0,0.0,0.07692291977819095,0.09060044365455346,0.023809523809523808,2.993963639701083,2.6611949487613624,3.8185184429751127,0.11376146788990826,15,train,-1,organic,,,0
UPI_02096,1,1,1.0,1.0,1041537.65,1091954.19,0.9538290663877855,1.4999640547737794,0.0,1.0,0.0,1.0,0.006979938063821193,0.1111111111111111,0.12929332138758634,0.08771040994583035,4.500396736363525,0.3680672268907563,31,train,-1,organic,,,0
UPI_02097,6,4,0.6666666666666666,0.6666666666666666,6502387.88,4095786.36,0.629889577627548,11.119477211014244,0.011111111111111112,1.0,0.0,0.22966713278488,0.042847718700434155,0.03278688524590164,0.3604441725864409,0.448166502306314,6.1005377981816675,0.3680672268907563,31,train,-1,organic,,,0
UPI_02098,5,11,2.2,0.45454545454545453,235833.33,131612.12,0.558072611405653,0.3819368799138841,0.008620689655172414,0.0,0.3333333333333333,0.821707844392278,0.038993372308324926,0.03636363636363636,2.9949902374458475,2.1301663546611134,4.583737416666554,0.11764705882352941,18,train,-1,organic,,,0
UPI_02099,39,4,0.10256410256410256,0.10256410256410256,891587.2,1314518.19,0.678261589482447,4.360856729923076,0.013842746400885935,0.3055555555555556,0.0,0.10763982941469746,0.1660969494578196,0.012658227848101266,3.508748986294017,2.5203800567062054,5.512113832135171,0.12642986152919927,6,train,-1,organic,,,0
UPI_02100,1,8,8.0,0.125,180015.87,130936.1,0.7273586666666666,0.24306528793877566,0.0,0.0,0.0,1.0,0.021787789661928084,0.03225806451612903,2.18684922145929,1.8115169050856008,3.4447481191918348,0.145478374836173,30,train,-1,organic,,,0
UPI_02101,3,5,1.6666666666666667,0.6,241338.86,47258.0,0.19581594511266023,1.0403993728951837,0.0,0.2857142857142857,0.14285714285714285,0.6407312656434746,0.0268277866884355,0.05714285714285714,1.2507034676465436,1.173729136358,5.000440818181695,0.1281767955801105,9,train,-1,organic,,,0
UPI_02102,2,10,5.0,0.2,165676.78,146233.5,0.8826433337194607,0.311849792906591,0.015384615384615385,0.0,0.09090909090909091,0.7726747089494775,0.038232622299648966,0.037037037037037035,2.397452381211845,1.8716047844261792,4.909523712396574,0.11376146788990826,15,train,-1,organic,,,0
UPI_02103,3,12,4.0,0.25,302113.4,490612.04,0.6157888071110271,0.45178908702530235,0.07211538461538461,0.3,0.07142857142857142,0.48087329566131587,0.03627906425306821,0.0392156862745098,3.622575647208956,2.168409479674506,3.6431783103895206,0.13686313686313686,22,train,-1,organic,,,0
UPI_02104,1,6,6.0,0.16666666666666666,276024.33,35384.81,0.12819452898550726,0.25696203561111375,0.0,0.3333333333333333,0.0,1.0,0.017330127551489296,0.045454545454545456,2.7697796261041217,2.253164792382368,3.143134228571351,0.11626248216833096,29,train,-1,organic,,,0
UPI_02105,3,5,1.6666666666666667,0.6,320740.71,103812.23,0.32366403759280554,1.1451974588743297,0.0,0.42857142857142855,0.14285714285714285,0.9203216611513885,0.021925666306787984,0.06666666666666667,2.1088094365809718,1.8133194505199435,4.286092129870024,0.12260967379077616,20,train,-1,organic,,,0
UPI_02106,4,11,2.75,0.36363636363636365,89470.99,151364.83,0.5910949406576704,0.6664307175608278,0.0196078431372549,0.18181818181818182,0.25,0.472514154930312,0.04008854477787049,0.03571428571428571,1.327730670622547,1.3559258150973361,4.667078096969583,0.12260967379077616,20,train,-1,organic,,,0
UPI_02107,1,6,6.0,0.16666666666666666,64005.64,159538.44,0.40119259513812244,0.2435397953398505,0.047619047619047616,0.0,0.0,1.0,0.012965195229994514,0.058823529411764705,1.281747861507931,1.0976802384534154,2.42878554025968,0.1330166270783848,1,train,-1,organic,,,0
UPI_02108,21,15,0.7142857142857143,0.7142857142857143,1022360.94,661636.05,0.6471648349227541,0.8430073364500419,0.04372019077901431,0.5,0.02857142857142857,0.06390918801537478,0.042122251278317376,0.03333333333333333,1.8009551169872777,2.0310849892473604,1.7144368519480095,0.145478374836173,30,train,-1,organic,,,0
UPI_02109,4,10,2.5,0.4,182656.99,106350.69,0.582242618287723,0.3196284696515627,0.016853932584269662,0.0,0.16666666666666666,0.8241568407078983,0.026570427991347456,0.05405405405405406,2.3535510477286716,2.0901467431143312,3.0836051712120454,0.11402027027027027,0,train,-1,organic,,,0
UPI_02110,6,6,1.0,1.0,156317.13,27904.43,0.1785116569798408,0.3786066043604842,0.03076923076923077,0.0,0.09090909090909091,0.6190142398939018,0.026284145812921374,0.05555555555555555,2.652790514365837,2.1978668072926957,3.2730158082643825,0.12642986152919927,6,train,-1,organic,,,0
UPI_02111,2,4,2.0,0.5,87842.15,35344.07,0.4023588249753143,0.3003168444655238,0.0,0.0,0.2,0.7504613673006331,0.01387604834371192,0.07142857142857142,1.3657272106341376,1.351784651549935,2.8002468581817492,0.11626248216833096,29,train,-1,organic,,,0
UPI_02112,2,9,4.5,0.2222222222222222,248770.83,78485.49,0.3154931338389838,0.2566223323582855,0.009259259259259259,0.0,0.1,0.9703122285340753,0.02613271853693279,0.05714285714285714,2.9973413238137936,2.3924614236331223,3.5003085727271865,0.1234676007005254,25,train,-1,organic,,,0
UPI_02113,1,3,3.0,0.3333333333333333,93008.2,18746.76,0.20156032258064516,0.243419573033526,0.0,0.0,0.0,1.0,0.007414280957769491,0.1111111111111111,1.4740627060332423,1.4190604146885428,2.2501983681817626,0.1234676007005254,25,train,-1,organic,,,0
UPI_02114,3,6,2.0,0.5,535367.08,71842.8,0.13419354050516488,0.7061655062550571,0.02857142857142857,0.25,0.125,0.630725631665096,0.024004589112624472,0.029411764705882353,2.096481072980479,1.9067876287096657,4.250374695454441,0.12611377655928718,32,train,-1,organic,,,0
UPI_02115,2,8,4.0,0.25,190149.75,128198.07,0.6741953092937738,0.292055956095084,0.0,0.0,0.1111111111111111,0.9574702981084628,0.025283671850163673,0.058823529411764705,2.3710180232380753,1.8902655793169694,3.778110840403947,0.11512415349887133,11,train,-1,organic,,,0
UPI_02116,2,9,4.5,0.2222222222222222,168384.75,230467.91,0.7306212662063423,0.29990514498683135,0.018518518518518517,0.42857142857142855,0.1,0.9162877342705213,0.02145336319777702,0.03571428571428571,1.6633190782565952,1.6665868505825274,2.8002468581817492,0.1330166270783848,1,train,-1,organic,,,0
UPI_02117,5,9,1.8,0.5555555555555556,221111.6,246589.59,0.8966785815750106,0.38416840262145036,0.0,0.0,0.4,0.7970722002775854,0.02844709433102228,0.05263157894736842,1.9388987859091114,1.5461522208384684,3.8003350218180882,0.12642986152919927,6,train,-1,organic,,,0
UPI_02118,17,0,0.0,0.0,780987.47,0.0,0.0,1.9719408255701205,0.003676470588235294,0.0,0.0,0.08854506326732214,0.03371806017341432,0.041666666666666664,0.3580097072308483,0.38970027382795935,2.8237783443849573,0.11512415349887133,11,train,-1,organic,,,0
UPI_02119,3,6,2.0,0.5,182459.6,133639.12,0.7324312751694332,0.2846405340225927,0.0,0.0,0.2857142857142857,0.7172285444055835,0.017628104478454008,0.043478260869565216,1.5909261512410728,1.3707955654745436,3.286003966233685,0.1,3,train,-1,organic,,,0
UPI_02120,2,8,4.0,0.25,56047.4,85238.64,0.6575351048378685,0.43773679826892814,0.0,0.0,0.1111111111111111,0.6428722614641189,0.02807056941150051,0.05,1.3932682321834309,1.2851774287226472,4.444836282828174,0.11512415349887133,11,train,-1,organic,,,0
UPI_02121,1,5,5.0,0.2,214018.87,30874.38,0.1442600934579439,0.2435397953398505,0.0,0.0,0.0,1.0,0.012858031574031061,0.058823529411764705,2.355025528793892,2.0104508628010915,2.833583130302961,0.13090257023311416,5,train,-1,organic,,,0
UPI_02122,6,10,1.6666666666666667,0.6,223920.17,146028.12,0.6521436783305865,0.7095331561356413,0.0,0.3333333333333333,0.23076923076923078,0.38439165320431795,0.038029136108703857,0.037037037037037035,1.7018300805323565,1.656069458542577,4.15421237202787,0.12395709177592372,21,train,-1,organic,,,0
UPI_02123,4,6,1.5,0.6666666666666666,123129.4,70637.29,0.5736833320405413,0.32674008227193513,0.022727272727272728,0.0,0.1111111111111111,0.8042663208944575,0.016168688180432295,0.047619047619047616,1.6858877311652047,1.6449115596654293,2.3335390484847913,0.12395709177592372,21,train,-1,organic,,,0
UPI_02124,1,8,8.0,0.125,177015.6,218194.57,0.8112741252643,0.2434528213270333,0.0,0.0,0.0,1.0,0.029402560293675006,0.024390243902439025,2.049568476407779,1.707182922157037,4.555957189898877,0.11626248216833096,29,train,-1,organic,,,0
UPI_02125,1,6,6.0,0.16666666666666666,248021.86,74847.38,0.30177733870967743,0.24300263629185762,0.0,0.0,0.0,1.0,0.01739863082441318,0.041666666666666664,2.5111566085450128,1.91687740897757,3.428873703896019,0.12661498708010335,14,train,-1,organic,,,0
UPI_02126,1,4,4.0,0.25,91008.02,42699.05,0.469179010989011,0.2431153232862354,0.0,0.0,0.0,1.0,0.011134339029941695,0.08333333333333333,1.4097559851671106,1.396257108896538,2.4002115927272136,0.11228070175438597,10,train,-1,organic,,,0
UPI_02127,36,2,0.05555555555555555,0.05555555555555555,782060.75,1396588.75,0.559979274248232,4.193504767913884,0.006401137980085348,0.0,0.0,0.06640438670422999,0.10986616154995675,0.020134228187919462,3.3091683652715047,2.8125406700158866,3.921398325837224,0.1234676007005254,25,train,-1,organic,,,0
UPI_02128,1,9,9.0,0.1111111111111111,66005.82,85690.62,0.7702805233285875,0.24346976723146607,0.0,0.0,0.0,1.0,0.024220674086688643,0.058823529411764705,1.6750789584266128,1.5124851041705232,3.4002997563635526,0.110055423594616,17,train,-1,organic,,,0
UPI_02129,3,6,2.0,0.5,169486.96,91683.39,0.5409465822145744,0.35883078453927586,0.04411764705882353,0.0,0.2857142857142857,0.6555381891896962,0.020239419482047556,0.03571428571428571,2.0353704720188657,1.417579415607529,4.000352654545356,0.12321792260692464,7,train,-1,organic,,,0
UPI_02130,1,2,2.0,0.5,80100.17,140127.73,0.5716225442203419,1.2443843433489934,0.0,0.6666666666666666,0.0,1.0,0.01769809875224471,0.04,0.3609145301924003,0.26735054378376705,8.334068030302825,0.11778115501519756,19,train,-1,organic,,,0
UPI_02131,2,5,2.5,0.4,84633.69,91140.85,0.9286032189062073,0.30323373420347804,0.0,0.0,0.16666666666666666,0.544950032920871,0.015637413877873867,0.047619047619047616,0.8663467025560904,1.069811385909093,3.5003085727271865,0.11764705882352941,18,train,-1,organic,,,0
UPI_02132,33,6,0.18181818181818182,0.18181818181818182,481991.39,2027147.79,0.2377682532889537,2.736908249146296,0.023616734143049933,0.4444444444444444,0.0,0.06968687982550437,0.13400431212511418,0.015706806282722512,2.452145087664423,2.3058004225540145,4.897867673193353,0.12547528517110265,28,train,-1,organic,,,0
UPI_02133,2,2,1.0,1.0,287719.08,84726.4,0.2944761185610864,2.242589881602333,0.0,0.75,0.0,0.7207437319389093,0.030203791694516615,0.023809523809523808,0.7897321522451823,0.6611005962083305,10.50092571818156,0.12167606768734891,26,train,-1,organic,,,0
UPI_02134,4,6,1.5,0.6666666666666666,292624.75,90724.46,0.31003686103453204,0.6756959324624241,0.0,0.0,0.25,0.7197541609556379,0.0263619118076886,0.05714285714285714,2.5933136236882053,1.8462388858590832,4.375385715908983,0.1330166270783848,1,train,-1,organic,,,0
UPI_02135,1,4,4.0,0.25,121010.67,111309.84,0.9198349586776859,0.24393038772468417,0.0,0.0,0.0,1.0,0.007707673631406202,0.09090909090909091,1.3991013917293773,1.147568702371953,2.200193959999946,0.12642986152919927,6,train,-1,organic,,,0
UPI_02136,2,6,3.0,0.3333333333333333,274518.38,22229.59,0.08097668956041254,0.2908649768276123,0.0,0.0,0.14285714285714285,0.9264612657953781,0.01980710473772976,0.07142857142857142,3.178522687316318,2.3081781323896653,4.000352654545356,0.145478374836173,30,train,-1,organic,,,0
UPI_02137,1,5,5.0,0.2,125011.02,128691.47,0.9714009458958426,0.24348693321257983,0.03333333333333333,0.0,0.0,1.0,0.014142598748007837,0.10526315789473684,1.3751317852569285,1.235990794505531,3.1669458515150732,0.11512415349887133,11,train,-1,organic,,,0
UPI_02138,4,8,2.0,0.5,675745.47,84850.38,0.12556559194146272,0.29728337124631027,0.08333333333333333,0.6,0.0,0.4174830281550954,0.018560132700465682,0.08695652173913043,2.3234224644100037,1.496740516147156,1.91683564696965,0.12661498708010335,14,train,-1,organic,,,0
UPI_02139,3,8,2.6666666666666665,0.375,124574.36,85301.11,0.6847404911459531,0.3472321743401369,0.0,0.75,0.2222222222222222,0.6876949390292652,0.023765589666689603,0.06060606060606061,1.8760939742252196,1.4956658102563842,3.6669899333332427,0.12611377655928718,32,train,-1,organic,,,0
UPI_02140,1,7,7.0,0.14285714285714285,180015.87,74863.38,0.415871,0.24435855070188842,0.0,0.0,0.0,1.0,0.01796527312704542,0.04,1.8691639753733789,1.5722497886406528,3.1252755113635593,0.11376146788990826,15,train,-1,organic,,,0
UPI_02141,2,5,2.5,0.4,161012.34,63177.7,0.39237798695202397,0.31724899375383736,0.05,0.0,0.16666666666666666,0.8111346126127512,0.01563002005852574,0.047619047619047616,1.4428239971075407,1.4440333525327895,3.5003085727271865,0.12167606768734891,26,train,-1,organic,,,0
UPI_02142,4,8,2.0,0.5,418057.08,382048.29,0.9138663217328022,5.786171607821866,0.0625,0.5,0.2,0.41534963033583777,0.036665280735031044,0.0392156862745098,1.1340370492407963,1.2409177507839133,5.1004496345453285,0.11512415349887133,11,train,26,layered_fanin,26,layered_fanin,1
UPI_02143,3,5,1.6666666666666667,0.6,209008.77,95593.64,0.4573666419223013,0.4939991492856684,0.0,0.3333333333333333,0.14285714285714285,0.7000405207582074,0.017763139634930473,0.08333333333333333,1.3748284999293716,1.4288550384538448,3.428873703896019,0.12436224489795919,8,train,-1,organic,,,0
UPI_02144,1,3,3.0,0.3333333333333333,137012.08,26215.2,0.19133496350364962,0.2446823537116759,0.0,0.0,0.0,1.0,0.008455529655421509,0.1111111111111111,1.4935515021167116,1.4384870344385674,2.2501983681817626,0.10630407911001236,13,train,-1,organic,,,0
UPI_02145,1,2,2.0,0.5,98317.81,160448.72,0.6127677711376188,0.5552736806736378,0.0,1.0,0.0,1.0,0.014429887182332048,0.05,0.47984523476779156,0.41965464419778237,6.667254424242261,0.110055423594616,17,train,-1,organic,,,0
UPI_02146,15,0,0.0,0.0,733799.48,0.0,0.0,1.1518854782408157,0.0,0.0,0.0,0.07675303469622483,0.02973569679742919,0.04878048780487805,0.4700251246877223,0.42176490189451576,2.7335743139393265,0.13686313686313686,22,train,-1,organic,,,0
UPI_02147,1,3,3.0,0.3333333333333333,217019.13,27206.67,0.1253652995391705,0.24393038772468417,0.0,0.0,0.0,1.0,0.009783371785547133,0.16666666666666666,1.9388229408111624,1.5788608509580397,3.000264490909017,0.12814645308924486,4,train,-1,organic,,,0
UPI_02148,1,5,5.0,0.2,72506.39,44739.88,0.617047448275862,0.24191442121590562,0.0,0.0,0.0,1.0,0.015858949942754753,0.05263157894736842,2.6542277726364603,1.789215033859722,3.1669458515150732,0.12013536379018612,23,train,-1,organic,,,0
UPI_02149,15,1,0.06666666666666667,0.06666666666666667,724922.36,115576.21,0.1594325347245383,1.354215318249228,0.0,0.13333333333333333,0.0,0.08356426931641703,0.03168375321103891,0.04878048780487805,0.5547855639938635,0.4348570995566279,2.562725919318119,0.1281767955801105,9,train,-1,organic,,,0
UPI_02150,3,7,2.3333333333333335,0.42857142857142855,284708.21,142261.8,0.4996757974155896,0.3738549853179282,0.0,0.0,0.1111111111111111,0.9607037938140821,0.024774175466225793,0.030303030303030304,2.5605037945560407,1.9826804759918448,3.6669899333332427,0.11778115501519756,19,train,-1,organic,,,0
UPI_02151,5,10,2.0,0.5,372978.92,449573.52,0.8296283067779384,10.708800763927801,0.009708737864077669,0.3333333333333333,0.15384615384615385,0.4459768940463652,0.03412587931620773,0.02127659574468085,1.6000318246608214,1.4390713405616096,3.615703360839072,0.1281767955801105,9,train,37,stealth_cycle,37,stealth_cycle,1
UPI_02152,36,4,0.1111111111111111,0.1111111111111111,651078.73,1776686.39,0.3664567544311782,2.6504377025951973,0.01217948717948718,0.1875,0.0,0.14109189792772614,0.12297633174095252,0.017142857142857144,3.149907095136647,2.6838711411590315,4.375385715908983,0.12661498708010335,14,train,-1,organic,,,0
UPI_02153,139,1,0.007194244604316547,0.007194244604316547,3035712.82,94825.32,0.03123659092906699,7.516491993070055,0.00035971223021582735,0.10869565217391304,0.0,0.32356256763886265,0.2388232144618376,0.011799410029498525,3.717099222035466,4.0794168493869645,2.4216420533765635,0.10567514677103718,27,train,-1,organic,,,0
UPI_02154,2,6,3.0,0.3333333333333333,239753.61,80665.49,0.33645162876768425,0.33395665100058036,0.0,0.0,0.14285714285714285,0.8317235847053128,0.015067060376660566,0.09523809523809523,1.5590775313952518,1.4743337582705847,3.000264490909017,0.12642986152919927,6,train,-1,organic,,,0
UPI_02155,2,6,3.0,0.3333333333333333,87288.84,45394.03,0.5200439636787512,0.280831129960252,0.0,0.2857142857142857,0.14285714285714285,0.8863077900191783,0.013390712405477036,0.05263157894736842,1.7164963615164026,1.5019145423292606,2.714525015584349,0.11402027027027027,0,train,-1,organic,,,0
UPI_02156,1,3,3.0,0.3333333333333333,83871.22,237154.61,0.35365631287328625,1.2692439535852396,0.0,1.0,0.0,1.0,0.01650877656806461,0.043478260869565216,0.72410283195643,0.5001918835985771,5.7505069409089495,0.1,3,train,-1,organic,,,0
UPI_02157,1,5,5.0,0.2,114010.05,161308.86,0.7067810808840268,0.24214798668570983,0.03333333333333333,0.0,0.0,1.0,0.008824783915360518,0.08333333333333333,1.4186397778169262,1.098117328056261,2.000176327272678,0.11764705882352941,18,train,-1,organic,,,0
UPI_02158,4,6,1.5,0.6666666666666666,93535.69,69898.0,0.7472869994089436,0.31374164361678836,0.0,0.3333333333333333,0.25,0.5747359340675623,0.0180970581422284,0.08,1.3256187153988575,1.298150364903757,3.1252755113635593,0.11402027027027027,0,train,-1,organic,,,0
UPI_02159,4,7,1.75,0.5714285714285714,186456.73,178762.3,0.9587334368553063,0.3127550527804724,0.018867924528301886,0.0,0.2222222222222222,0.7369434944585288,0.02113754375869984,0.07142857142857142,1.6320438552850538,1.4433415841395074,3.1113853979797215,0.10888252148997135,12,train,-1,organic,,,0
UPI_02160,145,0,0.0,0.0,1476952.6,0.0,0.0,7.90001850652225,0.00033524904214559385,0.0,0.0,0.11091111361899716,0.25893813144677297,0.01084010840108401,3.6164755449383414,3.4907602206182204,2.5450519474607525,0.1234676007005254,25,train,-1,organic,,,0
UPI_02161,3,5,1.6666666666666667,0.6,209759.41,74961.83,0.35737051215375615,0.5711396735148989,0.0,0.0,0.14285714285714285,0.9196936820506872,0.015932897716107626,0.1,2.0894627994047763,1.7246845611694956,2.857394753246683,0.11626248216833096,29,train,-1,organic,,,0
UPI_02162,19,0,0.0,0.0,785927.89,0.0,0.0,1.3631490582897259,0.0,0.0,0.0,0.07276112892718091,0.03305200541446137,0.043478260869565216,0.6563517006036588,0.6087802151716533,2.4212660803827153,0.13686313686313686,22,train,-1,organic,,,0
UPI_02163,32,66,2.0625,0.48484848484848486,814738.52,1623739.85,0.5017666610078311,1.7871540052813555,0.07017913593256059,0.8571428571428571,0.08888888888888889,0.09208981405531519,0.11392892578597325,0.012578616352201259,2.683373755267001,2.559690565442035,1.7668224224241988,0.145478374836173,30,train,-1,organic,,,0
UPI_02164,2,6,3.0,0.3333333333333333,106541.64,134832.0,0.7901807082044363,0.2739695233387979,0.018518518518518517,0.0,0.14285714285714285,0.8069341548949311,0.015157205482866462,0.05,1.3393579929390755,1.1228448705970009,2.857394753246683,0.13090257023311416,5,train,-1,organic,,,0
UPI_02165,2,8,4.0,0.25,310450.13,226957.96,0.7310609247852832,0.6592164690490587,0.0,0.2222222222222222,0.0,0.7734768401959031,0.028555744413070638,0.05128205128205128,2.208452828289808,1.8639519135087028,3.900343838181722,0.1407942238267148,2,train,-1,organic,,,0
UPI_02166,1,6,6.0,0.16666666666666666,91008.02,81261.65,0.8929064835164836,0.24322241648606138,0.0,0.0,0.0,1.0,0.0254415283008734,0.06666666666666667,1.922653935099338,1.6329403847180162,4.286092129870024,0.12395709177592372,21,train,-1,organic,,,0
UPI_02167,4,6,1.5,0.6666666666666666,196510.95,25199.43,0.12823423334384937,0.4833302481864505,0.023809523809523808,0.5714285714285714,0.42857142857142855,0.9451433441349688,0.02267184550396836,0.0625,3.3068417392244362,2.199869417630057,4.571831605194692,0.13686313686313686,22,train,-1,organic,,,0
UPI_02168,1,8,8.0,0.125,87507.71,88905.1,0.9842823052139064,0.24216526486277856,0.041666666666666664,0.0,0.0,1.0,0.020723932211303118,0.034482758620689655,2.6740780092479004,1.9496534995069805,3.222506305050426,0.10630407911001236,13,train,-1,organic,,,0
UPI_02169,3,3,1.0,1.0,329773.71,271526.43,0.8233719583736069,1.2374180871992466,0.03333333333333333,1.0,0.0,0.9867006097706467,0.01970958859753372,0.03571428571428571,0.514730352959147,0.9486001879027295,4.667078096969583,0.13090257023311416,5,train,-1,organic,,,0
UPI_02170,2,4,2.0,0.5,60866.95,29446.31,0.48378155808639867,1.1112594697012959,0.0,0.0,0.0,0.560315454435107,0.013101064868252951,0.058823529411764705,1.1057510175939476,1.0800341218119875,2.833583130302961,0.12167606768734891,26,train,-1,organic,,,0
UPI_02171,4,9,2.25,0.4444444444444444,183309.79,209599.73,0.8745707452360362,0.8116492686611645,0.013333333333333334,0.3333333333333333,0.3,0.7114905205977912,0.025651878358792825,0.05714285714285714,1.8770121045656056,1.3919012311626096,3.5003085727271865,0.13686313686313686,22,train,-1,organic,,,0
UPI_02172,3,5,1.6666666666666667,0.6,122308.78,31297.75,0.2558912655971479,0.28952037581854695,0.07692307692307693,0.0,0.3333333333333333,0.7871354309990315,0.016812752838522647,0.043478260869565216,1.7046440059515229,1.6455606669639606,3.8336712939393,0.1234676007005254,25,train,-1,organic,,,0
UPI_02173,2,5,2.5,0.4,232926.73,132212.47,0.5676139578937787,0.2919956885578334,0.0,0.0,0.16666666666666666,0.8801904784413406,0.012784357962022937,0.058823529411764705,1.5563578198384658,1.3940669445397944,2.833583130302961,0.10567514677103718,27,train,-1,organic,,,0
UPI_02174,1,4,4.0,0.25,54004.76,17304.4,0.3204235185185185,0.24322241648606138,0.0,0.0,0.0,1.0,0.0099325186522124,0.08333333333333333,1.6122585506931915,1.4562036419263287,2.4002115927272136,0.10630407911001236,13,train,-1,organic,,,0
UPI_02175,3,8,2.6666666666666665,0.375,197189.09,219168.04,0.8997164573902142,0.29002406467592384,0.05555555555555555,0.0,0.1,0.829940411727175,0.020256041997527074,0.03571428571428571,1.5705701523753768,1.4968163851011345,2.8002468581817492,0.11764705882352941,18,train,-1,organic,,,0
UPI_02176,1,5,5.0,0.2,249021.95,21950.41,0.0881464658634538,0.24348693321257983,0.0,0.0,0.0,1.0,0.014158682397984002,0.05263157894736842,2.6539626880737757,2.0604596717259733,3.1669458515150732,0.13090257023311416,5,train,-1,organic,,,0
UPI_02177,57,113,1.9824561403508771,0.504424778761062,1991648.27,3340580.21,0.5961983066526416,3.3488186967328772,0.0387483448323925,0.8048780487804879,0.1038961038961039,0.10617409766981718,0.2038637988995325,0.013745704467353952,2.787124758102385,2.3936680295863555,1.8897769845336017,0.145478374836173,30,train,-1,organic,,,0
UPI_02178,2,9,4.5,0.2222222222222222,276970.27,176694.62,0.6379551814912555,0.2881298794046694,0.018518518518518517,0.2,0.1,0.9510976829868001,0.029812152385645035,0.05,2.6489178243233775,1.9023540475567082,4.000352654545356,0.12661498708010335,14,train,-1,organic,,,0
UPI_02179,1,4,4.0,0.25,218019.22,88998.97,0.4082161467889909,0.24499596870931775,0.0,0.0,0.0,1.0,0.010205165050505258,0.09090909090909091,1.4288184598480644,1.360403073483432,2.200193959999946,0.10630407911001236,13,train,-1,organic,,,0
UPI_02180,2,3,1.5,0.6666666666666666,205842.87,174182.55,0.8461917985361526,2.6771197702029372,0.0,0.8,0.0,0.5503697667906213,0.03249089653213831,0.022222222222222223,0.4297853841861605,0.38198750501940504,9.00079347272705,0.1234676007005254,25,train,-1,organic,,,0
UPI_02181,1,6,6.0,0.16666666666666666,205018.07,370060.92,0.5540116796472054,0.24306528793877566,0.0,0.0,0.0,1.0,0.010611917637007112,0.07692307692307693,1.7833051954006829,1.612294966565882,1.857306589610344,0.11764705882352941,18,train,-1,organic,,,0
UPI_02182,2,5,2.5,0.4,142052.73,91447.23,0.6437555252840023,0.33613811179841724,0.05,0.0,0.16666666666666666,0.5003885900731511,0.017515833177907343,0.041666666666666664,0.9179357396502043,1.253483443891988,4.000352654545356,0.11228070175438597,10,train,-1,organic,,,0
UPI_02183,2,5,2.5,0.4,142091.78,141045.03,0.992633336676538,0.2597876846506437,0.023809523809523808,0.0,0.0,0.6703080340076171,0.013529841078701933,0.058823529411764705,1.086852782340676,0.9385030352577781,2.42878554025968,0.11376146788990826,15,train,-1,organic,,,0
UPI_02184,2,7,3.5,0.2857142857142857,348579.4,258693.45,0.7421363564520272,0.8406046865264878,0.06944444444444445,0.3333333333333333,0.0,0.5273048317603902,0.020176332741354126,0.041666666666666664,1.3034077436704112,1.1382146875060017,2.6669017696969037,0.12167606768734891,26,train,-1,organic,,,0
UPI_02185,2,5,2.5,0.4,246928.96,70447.41,0.28529424355767036,0.3121970542661612,0.0,0.0,0.16666666666666666,0.8382919221477443,0.01315430219776316,0.05555555555555555,1.4807526050922484,1.443600067352317,3.000264490909017,0.145478374836173,30,train,-1,organic,,,0
UPI_02186,169,0,0.0,0.0,3241659.73,0.0,0.0,9.460831855298563,0.0013736263736263737,0.0,0.0,0.21542591011556814,0.30644883559937297,0.01141552511415525,3.6021152573876494,3.598846142099848,2.591944471436192,0.11402027027027027,0,train,-1,organic,,,0
UPI_02187,2,6,3.0,0.3333333333333333,187200.12,121462.37,0.6488370082809596,0.2679100588164156,0.037037037037037035,0.0,0.14285714285714285,0.9066899936014983,0.01599293080149623,0.09090909090909091,1.81223210563664,1.6151390824821197,3.143134228571351,0.12436224489795919,8,train,-1,organic,,,0
UPI_02188,42,4,0.09523809523809523,0.09523809523809523,483743.01,1721520.32,0.2809975627764457,3.5514860856775434,0.003381642512077295,0.20512820512820512,0.0,0.044769897672729445,0.1703021377297036,0.012396694214876033,3.003950674501053,2.878456365813594,5.261333382608567,0.12260967379077616,20,train,-1,organic,,,0
UPI_02189,2,8,4.0,0.25,238893.2,175850.36,0.7361045118112141,0.467883562068468,0.011363636363636364,0.0,0.1111111111111111,0.8068427778289762,0.02230905309637263,0.06666666666666667,1.9832154225966254,1.879824742275833,3.3336272121211303,0.12436224489795919,8,train,-1,organic,,,0
UPI_02190,1,2,2.0,0.5,254183.9,176446.49,0.6941686563137477,0.7121313046719171,0.0,0.6666666666666666,0.0,1.0,0.016366561379254765,0.09090909090909091,0.2781592207324361,0.10652161331096258,7.3339798666664855,0.3680672268907563,31,train,-1,organic,,,0
UPI_02191,39,4,0.10256410256410256,0.10256410256410256,480838.91,1350567.55,0.3560272928292142,3.873296341511782,0.022702104097452935,0.4375,0.0,0.062367844294286094,0.15744572495981246,0.013333333333333334,3.045874705666516,3.1402592236785614,5.233019460887821,0.1234676007005254,25,train,-1,organic,,,0
UPI_02192,1,8,8.0,0.125,131011.55,106342.83,0.8117058015267176,0.24312818349492235,0.013888888888888888,0.0,0.0,1.0,0.022314395367696815,0.03333333333333333,2.0258918654107347,1.6651872046296248,3.3336272121211303,0.12547528517110265,28,train,-1,organic,,,0
UPI_02193,1,5,5.0,0.2,54004.76,40447.53,0.7489622222222222,0.24312818349492235,0.0,0.0,0.0,1.0,0.013296052406144336,0.05555555555555555,1.5242753784099787,1.3124855737971826,3.000264490909017,0.13090257023311416,5,train,-1,organic,,,0
UPI_02194,2,7,3.5,0.2857142857142857,99734.17,67906.6,0.680875921455501,0.4430441170907826,0.0,0.0,0.125,0.6373853339079579,0.022253803835112076,0.06451612903225806,1.6612208340729897,1.573053078011258,3.875341634090814,0.145478374836173,30,train,-1,organic,,,0
UPI_02195,3,2,0.6666666666666666,0.6666666666666666,1631861.89,1566201.84,0.9597637221671198,3.6185657397314688,0.05,1.0,0.0,0.4164957234962746,0.01566751631291116,0.09090909090909091,0.4095604708795227,0.4086117649155583,4.400387919999892,0.3680672268907563,31,train,-1,organic,,,0
UPI_02196,2,7,3.5,0.2857142857142857,175909.56,102453.39,0.582420837998784,0.277753273231241,0.0,0.0,0.0,0.8739040011899639,0.017035191867198988,0.058823529411764705,1.5087265416126274,1.4529256978708456,1.8890554202019736,0.12611377655928718,32,train,-1,organic,,,0
UPI_02197,2,8,4.0,0.25,243689.41,137316.88,0.5634913466043727,0.28082746191613683,0.0,0.0,0.1111111111111111,0.9162722682136046,0.026493159016833297,0.05405405405405406,2.5543331387025683,1.8850730231831303,4.11147356161606,0.13090257023311416,5,train,-1,organic,,,0
UPI_02198,4,7,1.75,0.5714285714285714,239211.5,236539.85,0.9888314502241122,0.9084416311303444,0.0,0.5555555555555556,0.2222222222222222,0.5054121533856705,0.026017012235222698,0.058823529411764705,1.5316503466027132,1.308490761648255,3.778110840403947,0.13090257023311416,5,train,-1,organic,,,0
UPI_02199,1,4,4.0,0.25,251022.13,115612.15,0.460565577689243,0.243419573033526,0.0,0.0,0.0,1.0,0.011710777261016495,0.14285714285714285,1.598126397401122,1.4685295217678727,2.8002468581817492,0.12167606768734891,26,train,-1,organic,,,0
UPI_02200,19,2,0.10526315789473684,0.10526315789473684,764979.57,86310.12,0.11282669814636094,1.3429075168554743,0.0,0.15,0.0,0.07342337553009004,0.041025442045401185,0.05357142857142857,0.6154119511673164,0.6021244761613822,2.6669017696969037,0.12321792260692464,7,train,-1,organic,,,0
UPI_02201,10,17,1.7,0.5882352941176471,331342.82,515925.04,0.6422305431135905,0.4487340822705714,0.08908045977011494,0.5,0.125,0.4609601133146245,0.04746741078256721,0.03076923076923077,3.3790509267631625,2.811925174675529,2.708572109848418,0.1407942238267148,2,train,-1,organic,,,0
UPI_02202,3,6,2.0,0.5,147988.79,58910.4,0.3980734274415523,0.33624319505253497,0.0,0.0,0.125,0.613211961750138,0.013894204166798702,0.05263157894736842,1.5014579145682019,1.4170474906862591,2.3752093886363053,0.11778115501519756,19,train,-1,organic,,,0
UPI_02203,20,0,0.0,0.0,926381.67,0.0,0.0,1.4122142166921061,0.005263157894736842,0.0,0.0,0.06310036171274747,0.032058977421639094,0.06818181818181818,0.4093963071992198,0.399991940500972,2.200193959999946,0.12814645308924486,4,train,-1,organic,,,0
UPI_02204,2,8,4.0,0.25,60871.72,105584.72,0.5765201385436248,0.2611434463191753,0.05555555555555555,0.0,0.0,0.9719379038856322,0.028053930810967773,0.05263157894736842,1.642953906035079,1.5340709998920643,3.8003350218180882,0.13090257023311416,5,train,-1,organic,,,0
UPI_02205,1,9,9.0,0.1111111111111111,91008.02,95534.38,0.952620627942394,0.2434528213270333,0.0,0.0,0.0,1.0,0.03180209338541697,0.047619047619047616,2.1968768403261394,1.6322020888165563,4.200370287272624,0.11626248216833096,29,train,-1,organic,,,0
UPI_02206,1,5,5.0,0.2,111009.79,33464.15,0.30145225225225225,0.2418404436874398,0.0,0.0,0.0,1.0,0.01790002463325149,0.08333333333333333,3.65478238247177,2.0751158652446957,4.000352654545356,0.12167606768734891,26,train,-1,organic,,,0
UPI_02207,5,7,1.4,0.7142857142857143,143944.13,109433.23,0.7602479347111375,0.8051665624535841,0.015873015873015872,0.2222222222222222,0.3333333333333333,0.3383565957155867,0.030880533858926258,0.045454545454545456,1.2819088016875717,1.4149821716653102,4.8893199111109915,0.11778115501519756,19,train,-1,organic,,,0
UPI_02208,1,8,8.0,0.125,56504.98,114178.68,0.4948820871165901,0.24188773973887698,0.013888888888888888,0.0,0.0,1.0,0.025207980426470013,0.05555555555555555,2.04679064804578,1.7581305925541164,4.000352654545356,0.11626248216833096,29,train,-1,organic,,,0
UPI_02209,1,7,7.0,0.14285714285714285,149013.14,116074.78,0.778956711409396,0.24322241648606138,0.0,0.0,0.0,1.0,0.018710468887148887,0.07692307692307693,1.9400578552825756,1.5676235237550318,3.2502865318181016,0.11228070175438597,10,train,-1,organic,,,0
UPI_02210,2,8,4.0,0.25,147397.04,82175.55,0.5575115489091256,0.29379125401651174,0.045454545454545456,0.0,0.1111111111111111,0.8807664643552329,0.016314752779996795,0.045454545454545456,1.8574739091296133,1.7770926536021292,2.4446599555554958,0.1234676007005254,25,train,-1,organic,,,0
UPI_02211,3,8,2.6666666666666665,0.375,166973.12,62825.22,0.376259475414235,0.4336764404053941,0.0,0.3333333333333333,0.2222222222222222,0.8333313163093581,0.03279565379502326,0.047619047619047616,2.9228852572102992,2.142432952579304,4.667078096969583,0.12436224489795919,8,train,-1,organic,,,0
UPI_02212,2,6,3.0,0.3333333333333333,182060.11,45636.24,0.2506658003562434,0.2550301381656656,0.0,0.0,0.0,0.988595375186802,0.01563072131436999,0.047619047619047616,2.40247109494675,2.1205590104960255,2.62523142954539,0.1234676007005254,25,train,-1,organic,,,0
UPI_02213,2,7,3.5,0.2857142857142857,216727.26,261655.94,0.828290994170572,0.3783788905191628,0.013888888888888888,0.0,0.0,0.5399967750205737,0.019503689786590353,0.08333333333333333,1.3386416209130167,1.1982273540693062,2.6669017696969037,0.145478374836173,30,train,-1,organic,,,0
UPI_02214,3,6,2.0,0.5,138851.18,38656.89,0.2784051794114821,0.33127549863492506,0.014285714285714285,0.0,0.125,0.8203218830517124,0.015591200376003658,0.047619047619047616,2.088918833980329,1.9272673383910814,2.62523142954539,0.12321792260692464,7,train,-1,organic,,,0
UPI_02215,4,9,2.25,0.4444444444444444,285073.59,143226.1,0.502417974824351,0.3827711978030937,0.02666666666666667,0.4,0.3,0.6455476644839161,0.03576768886084879,0.02,2.5325284943904114,2.189815169359788,5.000440818181695,0.12260967379077616,20,train,-1,organic,,,0
UPI_02216,2,5,2.5,0.4,43563.34,50029.15,0.8707591483733848,0.27101699026033055,0.0,0.0,0.16666666666666666,0.9099105124437274,0.01188444882457299,0.06666666666666667,1.647209271121042,1.3642912578363584,2.5002204090908475,0.1234676007005254,25,train,-1,organic,,,0
UPI_02217,2,7,3.5,0.2857142857142857,80181.86,50077.27,0.6245461946330012,0.2945563366257216,0.0,0.0,0.125,0.6054835667912338,0.02079202478473085,0.034482758620689655,1.2622561311821678,1.2580642066229741,3.625319593181729,0.10888252148997135,12,train,-1,organic,,,0
UPI_02218,31,5,0.16129032258064516,0.16129032258064516,484291.55,1983195.12,0.2441976324911935,2.3541026682048716,0.02857142857142857,0.42857142857142855,0.0,0.07720690162403401,0.1411810705762923,0.014925373134328358,2.4684730708977582,2.2866496001507426,5.583825580302893,0.145478374836173,30,train,-1,organic,,,0
UPI_02219,3,6,2.0,0.5,318376.37,74120.14,0.23280667746615893,1.3335875844509462,0.0,0.3333333333333333,0.0,0.3735730501803584,0.030191096461950933,0.023809523809523808,1.4319571932945725,1.3674766331319255,4.667078096969583,0.1,3,train,-1,organic,,,0
UPI_02220,2,5,2.5,0.4,221692.69,97585.83,0.44018515548680576,0.34437102092371735,0.05,0.0,0.16666666666666666,0.838255663394335,0.012525078297088717,0.11764705882352941,1.6585230142871437,1.5789463612814116,2.833583130302961,0.11402027027027027,0,train,-1,organic,,,0
UPI_02221,2,5,2.5,0.4,287289.78,107417.9,0.3739008777452274,0.276296919962951,0.05,0.0,0.16666666666666666,0.7846207384638655,0.013318096703790536,0.10526315789473684,1.7790229883992965,1.5629297433117861,3.1669458515150732,0.1,3,train,-1,organic,,,0
UPI_02222,2,4,2.0,0.5,266429.93,24023.35,0.09016760255495326,0.3637647590474794,0.0,0.0,0.2,0.9674665807566922,0.013113091076564288,0.0625,2.3517810027824035,1.8523621245836337,3.200282123636285,0.12661498708010335,14,train,-1,organic,,,0
UPI_02223,2,8,4.0,0.25,220394.45,149395.77,0.6778563196500221,0.2963741618836866,0.011363636363636364,0.0,0.1111111111111111,0.803253815746934,0.027134645076722506,0.03125,2.235608591509891,1.7416018179003012,3.5558690262625383,0.12547528517110265,28,train,-1,organic,,,0
UPI_02224,2,9,4.5,0.2222222222222222,205995.52,215920.22,0.9540353158776013,0.2923854689881853,0.027777777777777776,0.0,0.1,0.8568967021298173,0.03260872775749031,0.043478260869565216,2.4633087602816497,1.8548817231940586,4.6004055527271595,0.11778115501519756,19,train,-1,organic,,,0
UPI_02225,4,15,3.75,0.26666666666666666,197958.61,364974.85,0.5423897254220854,3.2201774852604577,0.020588235294117647,0.0,0.05555555555555555,0.7706923320271212,0.02421139395320436,0.058823529411764705,3.3492549362292086,2.9508832179481703,1.8890554202019736,0.13169845594913715,24,train,-1,organic,,,0
UPI_02226,2,5,2.5,0.4,172689.13,107612.56,0.6231576617451936,0.26861296626427883,0.05,0.0,0.16666666666666666,0.992224883645398,0.017068979618769083,0.08333333333333333,1.9706745012606472,1.6498341067816156,4.000352654545356,0.12436224489795919,8,train,-1,organic,,,0
UPI_02227,2,6,3.0,0.3333333333333333,71203.55,173597.71,0.4101640828699175,0.2582952932968631,0.017857142857142856,0.0,0.0,0.9669331021619303,0.011392628589548275,0.06666666666666667,1.4295176634552282,1.1737967351877325,1.8751653068181358,0.1407942238267148,2,train,-1,organic,,,0
UPI_02228,0,86,86.0,0.0,0.0,11942552.81,0.0,0.24082620613995356,0.00027359781121751026,0.0,0.0,1.0,0.11999310627840401,0.041176470588235294,0.5087379179342417,0.5139938646344219,1.9769184630020655,0.1407942238267148,2,train,-1,organic,,,0
UPI_02229,4,9,2.25,0.4444444444444444,295685.79,151446.6,0.5121876256934831,0.41297009694977704,0.05263157894736842,0.0,0.18181818181818182,0.8510086013384942,0.03705206056679966,0.0392156862745098,2.9760558834276507,2.3598054830368906,4.636772395041208,0.1,3,train,-1,organic,,,0
UPI_02230,2,5,2.5,0.4,118729.48,157824.84,0.7522863593795436,0.5378283256038828,0.0,0.3333333333333333,0.16666666666666666,0.7702519267710939,0.015173841645788584,0.05,1.4196812363621747,1.1201839706198844,3.3336272121211303,0.12395709177592372,21,train,-1,organic,,,0
UPI_02231,2,7,3.5,0.2857142857142857,138209.67,430295.38,0.3211972041390568,0.25691660135929245,0.0,0.0,0.0,0.9757355997613257,0.011931224677827692,0.11764705882352941,2.3607483196762082,1.8011782074062541,1.8890554202019736,0.11778115501519756,19,train,-1,organic,,,0
UPI_02232,140,0,0.0,0.0,1355625.15,0.0,0.0,6.989565847165991,0.0008221993833504625,0.0,0.0,0.27102263665063386,0.23933309587185503,0.008797653958944282,4.935650886291349,4.600676650687449,2.435929027142797,0.13090257023311416,5,train,-1,organic,,,0
UPI_02233,2,5,2.5,0.4,219429.44,99579.04,0.4538089176387048,0.3342936855070072,0.025,0.0,0.16666666666666666,0.8616038431089845,0.015649666078355145,0.047619047619047616,1.916170958346845,1.637289438183462,3.5003085727271865,0.1407942238267148,2,train,-1,organic,,,0
UPI_02234,1,7,7.0,0.14285714285714285,154013.58,65624.3,0.42609422077922077,0.25696203561111375,0.0,0.25,0.0,1.0,0.018972404005959863,0.04,2.3393391553272678,1.829474356625886,3.1252755113635593,0.12167606768734891,26,train,-1,organic,,,0
UPI_02235,2,6,3.0,0.3333333333333333,95138.44,109515.26,0.8687230727265937,0.2630997000115677,0.0,0.0,0.14285714285714285,0.7324993166067626,0.01317056038295437,0.05555555555555555,1.5469714185184957,1.467144086609626,2.571655277922015,0.13090257023311416,5,train,-1,organic,,,0
UPI_02236,2,5,2.5,0.4,102149.06,86499.26,0.8467944748411618,0.35910268256369415,0.0,0.3333333333333333,0.16666666666666666,0.6833990160749162,0.014129031766542222,0.058823529411764705,1.0394797305188261,1.09765327846288,2.833583130302961,0.13169845594913715,24,train,-1,organic,,,0
UPI_02237,23,0,0.0,0.0,1071265.24,0.0,0.0,1.3496829452359125,0.0,0.0,0.0,0.05825812636848681,0.0401876441795385,0.05263157894736842,0.5995040023370601,0.5844364585794886,2.4784793620552747,0.12661498708010335,14,train,-1,organic,,,0
UPI_02238,128,0,0.0,0.0,3258175.59,0.0,0.0,7.786924958246267,0.0015378937007874017,0.0,0.0,0.1987179776886975,0.22214516394751643,0.015723270440251572,3.477156598238056,3.9580345953687197,2.4845940315340296,0.12395709177592372,21,train,-1,organic,,,0
UPI_02239,5,5,1.0,1.0,804311.98,114995.55,0.14297380830136155,0.6459623743430435,0.011111111111111112,0.3,0.0,0.24487173644473703,0.023776443788524143,0.030303030303030304,1.0395587619944135,1.1623603031756502,3.3002909399999187,0.11778115501519756,19,train,25,stealth_cycle,25,stealth_cycle,1
UPI_02240,2,7,3.5,0.2857142857142857,162684.33,85146.23,0.5233830776039269,0.29412623964259915,0.014285714285714285,0.0,0.125,0.9213561263325201,0.018558399985483205,0.08,2.0576784124199503,1.756221994231474,3.1252755113635593,0.13686313686313686,22,train,-1,organic,,,0
UPI_02241,1,3,3.0,0.3333333333333333,101008.9,32009.43,0.3168971287128713,0.24346976723146607,0.0,0.0,0.0,1.0,0.007449315169971644,0.1,1.4086716682722136,1.3592481663636067,2.5002204090908475,0.11778115501519756,19,train,-1,organic,,,0
UPI_02242,1,4,4.0,0.25,181015.96,95324.7,0.5266093922651934,0.24348693321257983,0.0,0.0,0.0,1.0,0.013086584219760528,0.058823529411764705,1.7533663122461862,1.4266666986890688,3.4002997563635526,0.10567514677103718,27,train,-1,organic,,,0
UPI_02243,1,4,4.0,0.25,271523.94,68021.33,0.25051686924493555,0.2454824785170495,0.0,0.0,0.0,1.0,0.010234475072961248,0.07142857142857142,1.4644229397801611,1.4171855389606471,2.8002468581817492,0.12321792260692464,7,train,-1,organic,,,0
UPI_02244,8,13,1.625,0.6153846153846154,221422.03,158916.67,0.717709388208833,0.6008494409808024,0.040865384615384616,0.45454545454545453,0.10526315789473684,0.42294928252412584,0.035040971516894656,0.04081632653061224,2.150350271787415,1.9142495839838691,2.5791747377989798,0.11764705882352941,18,train,-1,organic,,,0
UPI_02245,1,4,4.0,0.25,123010.84,85901.62,0.6983256097560975,0.243732248474595,0.0,0.0,0.0,1.0,0.009177247955120905,0.07692307692307693,1.2693559371147434,1.2216370380161024,2.6002292254544814,0.1,3,train,-1,organic,,,0
UPI_02246,3,8,2.6666666666666665,0.375,287238.24,276387.74,0.9622247146820554,0.3304924860206311,0.009433962264150943,0.25,0.2222222222222222,0.8682277314176685,0.019373880819539075,0.037037037037037035,1.6717216576241996,1.325660584303998,3.000264490909017,0.1330166270783848,1,train,-1,organic,,,0
UPI_02247,1,2,2.0,0.5,84007.41,16338.65,0.19449059523809525,0.24393038772468417,0.0,0.0,0.0,1.0,0.007737335605499049,0.1111111111111111,1.4897578246647345,1.1820151701118276,3.000264490909017,0.11228070175438597,10,train,-1,organic,,,0
UPI_02248,3,6,2.0,0.5,387331.41,99109.05,0.25587661012628904,0.7429150796395776,0.0,0.0,0.125,0.4440185660564036,0.02140380680235122,0.034482758620689655,1.5934791666098984,1.5913198151776355,3.625319593181729,0.10567514677103718,27,train,-1,organic,,,0
UPI_02249,2,4,2.0,0.5,118228.62,49475.28,0.41847126753748576,0.7446855980853085,0.0,0.3333333333333333,0.0,0.574987184381643,0.012738119050210876,0.058823529411764705,1.2312539776873386,1.1625717986778248,2.833583130302961,0.110055423594616,17,train,-1,organic,,,0
UPI_02250,6,11,1.8333333333333333,0.5454545454545454,239560.71,99744.28,0.41636328257888383,1.0881717876087655,0.0,0.5454545454545454,0.21428571428571427,0.2626192531869462,0.03881104138844737,0.01818181818181818,1.1397633049903704,1.217259973322976,3.9289177857141886,0.13090257023311416,5,train,-1,organic,,,0
UPI_02251,3,9,3.0,0.3333333333333333,228432.06,107324.39,0.4698306900970843,0.2996443242927593,0.015384615384615385,0.0,0.09090909090909091,0.41711948149323574,0.02747825704337995,0.058823529411764705,1.7346750785514202,1.3427994708840918,3.0911815966941387,0.11228070175438597,10,train,-1,organic,,,0
UPI_02252,2,6,3.0,0.3333333333333333,153680.07,92801.31,0.6038604245088651,0.2795711609126655,0.0,0.42857142857142855,0.14285714285714285,0.9411087349909093,0.015124222682973086,0.047619047619047616,1.7751880857447786,1.5791645723050998,3.000264490909017,0.12547528517110265,28,train,-1,organic,,,0
UPI_02253,1,10,10.0,0.1,185016.31,259384.31,0.7132903025214543,0.24285468123492607,0.0,0.0,0.0,1.0,0.02701282013842245,0.02702702702702703,2.5500935991389637,1.754730428490505,3.3639329140495042,0.12167606768734891,26,train,-1,organic,,,0
UPI_02254,2,5,2.5,0.4,260271.43,106780.57,0.41026620365789634,0.3287679393978265,0.05,0.0,0.16666666666666666,0.9828697293231816,0.015751761780856,0.045454545454545456,2.1839530839697243,1.720658317768143,3.6669899333332427,0.13686313686313686,22,train,-1,organic,,,0
UPI_02255,4,5,1.25,0.8,3200077.91,2140717.24,0.6689578503728267,7.982048005823665,0.1111111111111111,0.75,0.0,0.44107410243422296,0.03305965290957885,0.043478260869565216,0.7531860747985073,0.6964355228889206,5.111561725252399,0.3680672268907563,31,train,-1,organic,,,0
UPI_02256,1,7,7.0,0.14285714285714285,145012.78,88440.62,0.6098815172413794,0.24348693321257983,0.017857142857142856,0.0,0.0,1.0,0.028126179634178735,0.05263157894736842,2.628283341303589,1.9343713638649545,4.7504187772726105,0.12642986152919927,6,train,-1,organic,,,0
UPI_02257,30,4,0.13333333333333333,0.13333333333333333,509469.13,1782364.4,0.28583893050778547,2.2455949746810235,0.022281639928698752,0.25,0.0,0.06251596283688968,0.09809944013248097,0.02142857142857143,2.6158002994949996,2.2528072010669,4.118010085561395,0.12814645308924486,4,train,-1,organic,,,0
UPI_02258,3,7,2.3333333333333335,0.42857142857142855,386558.32,162380.87,0.4200682472074714,0.9130264165042559,0.022727272727272728,0.2222222222222222,0.1111111111111111,0.5501066061365663,0.028290860696391324,0.025,2.1107130791461346,1.8480460275496864,4.444836282828174,0.10567514677103718,27,train,-1,organic,,,0
UPI_02259,3,5,1.6666666666666667,0.6,241007.26,73587.79,0.30533432210442424,0.40657085621162825,0.0,0.3333333333333333,0.3333333333333333,0.8444894391742391,0.02092076036611498,0.07142857142857142,2.4626250922263933,1.8849561697462622,4.667078096969583,0.12642986152919927,6,train,-1,organic,,,0
UPI_02260,3,7,2.3333333333333335,0.42857142857142855,321666.65,204788.59,0.6366485159462825,0.4993545669105465,0.023255813953488372,0.375,0.25,0.7548775632247934,0.021011451845032895,0.034482758620689655,1.8884493079425055,1.589776460455508,3.625319593181729,0.11512415349887133,11,train,-1,organic,,,0
UPI_02261,1,6,6.0,0.16666666666666666,229020.19,89969.15,0.3928437554585153,0.24318110251457678,0.0,0.0,0.0,1.0,0.01606893736441834,0.045454545454545456,2.23320355269339,1.797247642319684,3.143134228571351,0.10888252148997135,12,train,-1,organic,,,0
UPI_02262,1,5,5.0,0.2,179015.78,91030.71,0.5085066480446927,0.2435043235856035,0.0,0.0,0.0,1.0,0.020994021077747234,0.07142857142857142,2.357513215122342,1.6904257415990596,4.667078096969583,0.1281767955801105,9,train,-1,organic,,,0
UPI_02263,3,6,2.0,0.5,254827.52,142043.13,0.5574089070287693,0.4233346608331603,0.0,0.0,0.2857142857142857,0.7686781621094226,0.022844723930045257,0.034482758620689655,2.0255152829577043,1.7043069185340451,4.143222392207691,0.12661498708010335,14,train,-1,organic,,,0
UPI_02264,5,11,2.2,0.45454545454545453,222062.33,260242.56,0.8532898095846886,0.43934146884145414,0.008620689655172414,0.0,0.3333333333333333,0.5094509032780743,0.0433943518825155,0.03508771929824561,2.0021155557225447,1.6764280152724185,4.7504187772726105,0.13169845594913715,24,train,-1,organic,,,0
UPI_02265,1,6,6.0,0.16666666666666666,53004.67,35036.25,0.6610030188679245,0.24300263629185762,0.0,0.0,0.0,1.0,0.015332651611733453,0.047619047619047616,1.7972736574143393,1.5052884040492853,3.000264490909017,0.110055423594616,17,train,-1,organic,,,0
UPI_02266,2,6,3.0,0.3333333333333333,254154.67,48005.01,0.18888109679581805,0.3126094255628741,0.0,0.0,0.0,0.9234391845967842,0.018689002420585216,0.038461538461538464,2.75201496752407,2.2161535088334943,3.2502865318181016,0.10630407911001236,13,train,-1,organic,,,0
UPI_02267,3,5,1.6666666666666667,0.6,328187.87,42701.8,0.13011390151369942,0.3306858104961535,0.0,0.0,0.3333333333333333,0.8559971838620515,0.01663658819742567,0.043478260869565216,2.041864580374083,1.9015024758396706,3.8336712939393,0.12260967379077616,20,train,-1,organic,,,0
UPI_02268,1,4,4.0,0.25,170014.99,41500.71,0.24410029411764708,0.2435397953398505,0.0,0.0,0.0,1.0,0.007571008170169345,0.1,1.5349557465334265,1.5266527110331796,2.000176327272678,0.12436224489795919,8,train,-1,organic,,,0
UPI_02269,4,6,1.5,0.6666666666666666,140906.51,63735.21,0.4523226630726668,0.38484988169973555,0.0,0.25,0.25,0.6575113957493167,0.022985347501466306,0.034482758620689655,1.9592301867091761,1.7392857702932778,3.625319593181729,0.12814645308924486,4,train,-1,organic,,,0
UPI_02270,3,7,2.3333333333333335,0.42857142857142855,224102.48,145113.13,0.6475302513286165,0.3360066488883194,0.0,0.0,0.25,0.9384871394205666,0.022169306356969138,0.03225806451612903,2.3114872340590864,1.693731002826176,3.875341634090814,0.11764705882352941,18,train,-1,organic,,,0
UPI_02271,1,3,3.0,0.3333333333333333,130011.46,21303.67,0.1638599230769231,0.243732248474595,0.08333333333333333,0.0,0.0,1.0,0.010003496592558973,0.08333333333333333,1.8601723784388886,1.532953542543617,3.000264490909017,0.11402027027027027,0,train,-1,organic,,,0
UPI_02272,2,5,2.5,0.4,49258.86,31668.98,0.642909320809542,0.25183105769384845,0.0,0.0,0.16666666666666666,0.8765808389601921,0.01213906052522933,0.0625,1.386362892531859,1.2778610311407708,2.6669017696969037,0.13169845594913715,24,train,-1,organic,,,0
UPI_02273,2,5,2.5,0.4,97799.09,50356.3,0.5148953676160878,0.2695150995514289,0.0,0.0,0.16666666666666666,0.8885863064534054,0.01677688145735177,0.1,1.8056477577610797,1.4819031594043428,3.3336272121211303,0.1234676007005254,25,train,-1,organic,,,0
UPI_02274,2,8,4.0,0.25,116009.06,79671.32,0.686768133782039,0.2700003636811885,0.0,0.2222222222222222,0.1111111111111111,0.7260814973199019,0.022675736961451247,0.03333333333333333,1.8261282223955801,1.6477024685041668,3.3336272121211303,0.11512415349887133,11,train,-1,organic,,,0
UPI_02275,4,8,2.0,0.5,209371.76,169722.78,0.8106288269637977,0.36378199552310697,0.0,0.0,0.3333333333333333,0.8274582242851427,0.02643167085664212,0.08108108108108109,2.0874154332872377,1.7461279829660805,4.11147356161606,0.11764705882352941,18,train,-1,organic,,,0
UPI_02276,5,9,1.8,0.5555555555555556,109720.92,111097.59,0.987608450252863,0.4385618290357403,0.011494252873563218,0.2,0.4,0.5652747342063099,0.030945338098808783,0.046511627906976744,1.6281582186848313,1.4588390751691116,4.300379103636257,0.145478374836173,30,train,-1,organic,,,0
UPI_02277,1,3,3.0,0.3333333333333333,206018.16,13381.21,0.06495160194174757,0.243732248474595,0.0,0.0,0.0,1.0,0.007278352270902068,0.1111111111111111,1.7254454324162667,1.6041156873028886,2.2501983681817626,0.11402027027027027,0,train,-1,organic,,,0
UPI_02278,2,5,2.5,0.4,262175.15,70846.4,0.27022543864240006,0.26446549466960184,0.0,0.0,0.16666666666666666,0.9185386595092162,0.01565029890138766,0.1111111111111111,2.068838256171107,1.807240182853625,3.000264490909017,0.13686313686313686,22,train,-1,organic,,,0
UPI_02279,1,3,3.0,0.3333333333333333,175015.43,18107.97,0.10346497142857142,0.2429492733378004,0.0,0.0,0.0,1.0,0.00996511204208297,0.09090909090909091,1.8802647343359584,1.5838806102030283,2.7502424499999325,0.11402027027027027,0,train,-1,organic,,,0
UPI_02280,24,2,0.08333333333333333,0.08333333333333333,531966.15,953678.89,0.5578042569484594,1.9348496302593303,0.036923076923076927,0.2631578947368421,0.0,0.14865783735399032,0.07345305995405983,0.0196078431372549,2.244698167588373,2.0369773204628823,3.923422795804099,0.1281767955801105,9,train,-1,organic,,,0
UPI_02281,1,5,5.0,0.2,85007.49,411949.51,0.20635415923437656,0.2419457470393646,0.0,0.0,0.0,1.0,0.010829982807402293,0.08333333333333333,2.294625460086475,1.6158456290877459,2.000176327272678,0.110055423594616,17,train,-1,organic,,,0
UPI_02282,3,6,2.0,0.5,96620.06,83423.15,0.8634144533872454,0.29731117740758245,0.0,0.0,0.2857142857142857,0.8540275131378334,0.019558406290785858,0.038461538461538464,1.6788239612515599,1.4677866038089096,3.714613179220688,0.11228070175438597,10,train,-1,organic,,,0
UPI_02283,2,5,2.5,0.4,68969.52,43005.69,0.6235463312154961,0.272117366055927,0.05,0.0,0.16666666666666666,0.6602046989593324,0.017333834367676167,0.043478260869565216,1.447576599390288,1.3702746897883311,3.8336712939393,0.13090257023311416,5,train,-1,organic,,,0
UPI_02284,1,5,5.0,0.2,171015.08,97187.62,0.5682985380116959,0.24435855070188842,0.0,0.0,0.0,1.0,0.012117879194421905,0.0625,1.2009168570050073,1.3208354741200636,2.6669017696969037,0.12661498708010335,14,train,-1,organic,,,0
UPI_02285,6,8,1.3333333333333333,0.75,152145.38,47245.4,0.31052802379407823,1.0492943244878141,0.033707865168539325,0.0,0.16666666666666666,0.7186926722435232,0.027755668151770753,0.05263157894736842,2.717257576795203,2.0849582257021084,3.1669458515150732,0.12013536379018612,23,train,-1,organic,,,0
UPI_02286,15,5,0.3333333333333333,0.3333333333333333,939367.07,104331.67,0.1110659194906556,2.0134423105020143,0.013157894736842105,0.0,0.0,0.08200237272338216,0.0319944132224615,0.044444444444444446,0.5598283566170268,0.7822889565838985,2.2501983681817626,0.145478374836173,30,train,-1,organic,,,0
UPI_02287,2,8,4.0,0.25,220773.11,277089.91,0.7967562397163299,0.28422764850836235,0.022727272727272728,0.0,0.1111111111111111,0.7667681662894095,0.02512689079853259,0.05714285714285714,1.8257760251979134,1.5316398234727655,3.8892317474746516,0.12661498708010335,14,train,-1,organic,,,0
UPI_02288,1,4,4.0,0.25,128011.28,58603.29,0.4577978125,0.2429492733378004,0.0,0.0,0.0,1.0,0.01125092351330505,0.06666666666666667,1.6885509601154387,1.4699499052025709,3.000264490909017,0.11626248216833096,29,train,-1,organic,,,0
UPI_02289,2,3,1.5,0.6666666666666666,61034.34,43035.07,0.7050960724220108,0.5227693273769636,0.0,0.4,0.0,0.7961818341780633,0.011769005800158359,0.06666666666666667,1.2403286530657598,1.1690775671597766,3.000264490909017,0.12260967379077616,20,train,-1,organic,,,0
UPI_02290,3,7,2.3333333333333335,0.42857142857142855,148850.74,114498.21,0.7692149336975423,0.333674836141699,0.011363636363636364,0.0,0.1111111111111111,0.9495032633012511,0.017740457112444933,0.08333333333333333,1.7962532616352167,1.6541136264081235,2.6669017696969037,0.12642986152919927,6,train,-1,organic,,,0
UPI_02291,1,4,4.0,0.25,38003.35,76948.67,0.4938792119611306,0.2418404436874398,0.0,0.0,0.0,1.0,0.00941918639966091,0.07692307692307693,1.3513777873969866,0.9825812375230102,2.6002292254544814,0.110055423594616,17,train,-1,organic,,,0
UPI_02292,1,8,8.0,0.125,61005.38,189332.24,0.3222133628220186,0.2446823537116759,0.0,0.2222222222222222,0.0,1.0,0.020960446192486763,0.06896551724137931,1.732680590463217,1.3932393306764472,3.222506305050426,0.11402027027027027,0,train,-1,organic,,,0
UPI_02293,1,4,4.0,0.25,265023.36,61278.31,0.23121852830188677,0.24302917371621402,0.0,0.0,0.0,1.0,0.010901498400861218,0.08333333333333333,1.7580752913436628,1.5769708254609702,2.4002115927272136,0.11228070175438597,10,train,-1,organic,,,0
UPI_02294,1,7,7.0,0.14285714285714285,79006.96,53141.9,0.6726230379746836,0.24323651184103853,0.0,0.0,0.0,1.0,0.018862627874409562,0.038461538461538464,2.0247002606864375,1.6847152227800217,3.2502865318181016,0.1234676007005254,25,train,-1,organic,,,0
UPI_02295,1,3,3.0,0.3333333333333333,205313.53,210876.25,0.9736209251302514,0.8298581115877274,0.0,0.5,0.0,1.0,0.01903791412802387,0.07692307692307693,0.45777383352280077,0.38484563783425774,6.500573063636203,0.12013536379018612,23,train,-1,organic,,,0
UPI_02296,1,7,7.0,0.14285714285714285,122010.76,88208.55,0.722957131147541,0.24328858614406598,0.017857142857142856,0.0,0.0,1.0,0.019649916123969137,0.1111111111111111,2.0673511594994287,1.6130896478833106,3.3752975522726443,0.13090257023311416,5,train,-1,organic,,,0
UPI_02297,2,6,3.0,0.3333333333333333,219628.65,42883.11,0.1952528055620962,0.2821856347527784,0.037037037037037035,0.0,0.14285714285714285,0.9331027020063816,0.022121442211521545,0.06666666666666667,2.976692876583734,2.2026453261421275,4.286092129870024,0.110055423594616,17,train,-1,organic,,,0
UPI_02298,1,8,8.0,0.125,115010.14,155432.52,0.7399361287133694,0.24285468123492607,0.0,0.0,0.0,1.0,0.026691680584471543,0.05714285714285714,1.7172561086062683,1.4840631237290498,3.8892317474746516,0.12547528517110265,28,train,-1,organic,,,0
UPI_02299,2,10,5.0,0.2,106217.17,354829.23,0.29934730457151737,0.26932101071225495,0.0,0.0,0.09090909090909091,0.8573832753108688,0.032296385683938555,0.046511627906976744,3.6537696582426102,2.387788118939959,3.9094355487602344,0.12013536379018612,23,train,-1,organic,,,0
UPI_02300,3,6,2.0,0.5,267052.92,74314.31,0.27827559649054345,0.9766980688642988,0.0,0.5,0.125,0.4897267930764134,0.02906612089576428,0.024390243902439025,1.8738780358827671,1.6951316155520897,5.125451838636238,0.1281767955801105,9,train,-1,organic,,,0
UPI_02301,140,0,0.0,0.0,923151.36,0.0,0.0,6.8611211419597575,0.0005652620760534429,0.0,0.0,0.02986575605103712,0.24034498497843845,0.011661807580174927,1.7839946125822375,1.7551698919225551,2.450216000909031,0.12260967379077616,20,train,-1,organic,,,0
UPI_02302,3,10,3.3333333333333335,0.3,261399.26,117375.77,0.4490286836346474,0.26688087624423845,0.019230769230769232,0.0,0.0,0.8956977175693787,0.027104187366897212,0.027777777777777776,2.6657711618057243,2.1364647174526827,2.7694749146852464,0.1281767955801105,9,train,-1,organic,,,0
UPI_02303,37,4,0.10810810810810811,0.10810810810810811,633190.08,1678591.58,0.3772150937928449,2.4995099447584113,0.020731707317073172,0.23333333333333334,0.0,0.0696605524818779,0.12411068132907503,0.011299435028248588,2.8363681625708344,2.4411689788861333,4.317453779600781,0.12321792260692464,7,train,-1,organic,,,0
UPI_02304,3,5,1.6666666666666667,0.6,282683.45,71973.75,0.2546090153373401,0.9925246651804355,0.0,0.0,0.14285714285714285,0.5075186374265875,0.018336888991937677,0.04,1.2383536524617285,1.262086328551785,3.571743441558354,0.12661498708010335,14,train,-1,organic,,,0
UPI_02305,3,7,2.3333333333333335,0.42857142857142855,173034.48,69267.36,0.40030954940673363,0.6791835667630682,0.03333333333333333,0.25,0.0,0.49839501191473773,0.021539945147415546,0.06896551724137931,1.858823101516669,1.6995333274230675,2.900255674545383,0.13686313686313686,22,train,-1,organic,,,0
UPI_02306,2,9,4.5,0.2222222222222222,277597.11,151598.75,0.5461107045708827,0.29744808302961334,0.0,0.0,0.1,0.8210651049783906,0.02679697413582697,0.05263157894736842,2.4756057890377434,1.8892899327284696,3.8003350218180882,0.11512415349887133,11,train,-1,organic,,,0
UPI_02307,6,7,1.1666666666666667,0.8571428571428571,361093.09,96431.21,0.26705360192893585,1.0417701221984423,0.0,0.5555555555555556,0.4444444444444444,0.4436681310217917,0.031029582710880684,0.045454545454545456,2.1872448243684546,1.9912637128207207,4.8893199111109915,0.10888252148997135,12,train,-1,organic,,,0
UPI_02308,4,13,3.25,0.3076923076923077,124099.62,205226.51,0.604695850199519,0.34768194753743076,0.041044776119402986,0.0,0.13333333333333333,0.3153815248636837,0.03274964357259684,0.046511627906976744,1.7077800924356525,1.5154935494648754,2.866919402424172,0.11626248216833096,29,train,-1,organic,,,0
UPI_02309,2,5,2.5,0.4,151650.6,55469.83,0.36577389339016547,0.2584613432452981,0.07142857142857142,0.0,0.0,0.9407082481473465,0.00926962670143701,0.07692307692307693,1.572211876941905,1.666731845021962,1.857306589610344,0.1407942238267148,2,train,-1,organic,,,0
UPI_02310,1,6,6.0,0.16666666666666666,241021.25,71539.29,0.29681734439834023,0.243419573033526,0.0,0.0,0.0,1.0,0.022743762493521877,0.03125,2.9395858174950558,2.1566416599306164,4.571831605194692,0.11626248216833096,29,train,-1,organic,,,0
UPI_02311,1,4,4.0,0.25,199517.59,81206.68,0.4070151378446116,0.24435855070188842,0.0,0.0,0.0,1.0,0.010956682754729179,0.06666666666666667,1.3447491714924706,1.3510244149540946,3.000264490909017,0.12814645308924486,4,train,-1,organic,,,0
UPI_02312,3,6,2.0,0.5,589747.54,219366.96,0.37196756868862246,0.2698564219427451,0.041666666666666664,0.0,0.0,0.5033088889216172,0.016736614421730744,0.09523809523809523,1.9285381017071144,1.6779614305137316,2.3335390484847913,0.12167606768734891,26,train,-1,organic,,,0
UPI_02313,1,4,4.0,0.25,211867.92,251575.96,0.8421628170326043,3.222325704852817,0.05,0.5,0.0,1.0,0.02736290046744955,0.02631578947368421,0.6236470159233813,0.6124882449087955,7.6006700436361765,0.11512415349887133,11,train,-1,organic,,,0
UPI_02314,3,9,3.0,0.3333333333333333,253807.32,87613.19,0.3451956863478311,0.3042472207244047,0.0,0.0,0.2,0.8474040727306685,0.025050623134250462,0.029411764705882353,2.712138581388483,2.0733206906564163,3.4002997563635526,0.11402027027027027,0,train,-1,organic,,,0
UPI_02315,2,5,2.5,0.4,222158.81,74407.97,0.3349314301665672,0.2976036540506867,0.0,0.0,0.16666666666666666,0.9634274262785103,0.012858630274097184,0.05555555555555555,2.0267868438806373,1.6748997602048017,3.000264490909017,0.11626248216833096,29,train,-1,organic,,,0
UPI_02316,2,3,1.5,0.6666666666666666,119992.93,15067.66,0.125571219433525,0.4388867049200973,0.0,0.4,0.0,0.8757935764085252,0.010806488215524601,0.06666666666666667,2.053200604096387,1.6648398576456374,3.000264490909017,0.1,3,train,-1,organic,,,0
UPI_02317,18,2,0.1111111111111111,0.1111111111111111,669959.06,123921.46,0.1849687117480221,0.8855153592233685,0.005263157894736842,0.2222222222222222,0.0,0.08673413122353006,0.030839417876104433,0.046511627906976744,0.690021600813789,0.7393398246665881,2.1501895518181287,0.13686313686313686,22,train,-1,organic,,,0
UPI_02318,2,9,4.5,0.2222222222222222,110461.12,187481.42,0.5891843534007888,0.2606002269368986,0.0,0.0,0.1,0.8070068082563671,0.029082713053593987,0.05,2.155193333102386,1.6423935039792166,4.000352654545356,0.1407942238267148,2,train,-1,organic,,,0
UPI_02319,2,8,4.0,0.25,270694.76,121371.94,0.44837195280320113,0.39576875377614906,0.011363636363636364,0.0,0.1111111111111111,0.9242607047611451,0.02455303053402039,0.029411764705882353,2.652131362868538,2.123326004908862,3.778110840403947,0.13686313686313686,22,train,-1,organic,,,0
UPI_02320,7,9,1.2857142857142858,0.7777777777777778,800990.6,176113.63,0.2198697775042423,3.0401646151161303,0.01680672268907563,0.6153846153846154,0.06666666666666667,0.22710957218278802,0.05359486569126658,0.02666666666666667,1.4896334767629102,1.5992588717279628,5.000440818181695,0.1407942238267148,2,train,-1,organic,,,0
UPI_02321,2,5,2.5,0.4,182925.34,168017.17,0.9185013701606387,0.25871726938587625,0.023809523809523808,0.0,0.0,0.8782587065905099,0.014263948953414027,0.05263157894736842,1.4057576869951776,1.218961962364486,2.714525015584349,0.10630407911001236,13,train,-1,organic,,,0
UPI_02322,2,6,3.0,0.3333333333333333,140913.6,104552.23,0.7419597905425633,0.6134117668119664,0.0,0.2857142857142857,0.14285714285714285,0.649704965795457,0.017839784463688505,0.08,1.3937066357879113,1.3516995471613227,3.571743441558354,0.13090257023311416,5,train,-1,organic,,,0
UPI_02323,1,4,4.0,0.25,20501.81,22128.22,0.9265004901413568,0.24197076471309445,0.0,0.0,0.0,1.0,0.008003476077634707,0.1111111111111111,1.281465262541533,1.219542740898107,1.8001586945454102,0.10888252148997135,12,train,-1,organic,,,0
UPI_02324,3,10,3.3333333333333335,0.3,92066.39,89118.25,0.96797810777891,0.30211335605150225,0.01948051948051948,0.0,0.08333333333333333,0.9772450715171949,0.031058543393530175,0.045454545454545456,2.297200425568517,1.9522283389937471,3.6669899333332427,0.12547528517110265,28,train,-1,organic,,,0
UPI_02325,2,4,2.0,0.5,56113.23,211850.07,0.2648723590965437,1.3907172952250724,0.0,0.6666666666666666,0.0,0.9085408955746985,0.022446273616568157,0.03125,1.0441174323304492,1.2562253431992834,5.3338035393938075,0.11376146788990826,15,train,-1,organic,,,0
UPI_02326,4,8,2.0,0.5,247199.91,59445.55,0.2404756132945748,2.164047421187831,0.030303030303030304,0.0,0.0,0.39318491613127426,0.028739210821270848,0.05,1.2429914084171545,1.6387936786619806,3.3336272121211303,0.12611377655928718,32,train,-1,organic,,,0
UPI_02327,1,7,7.0,0.14285714285714285,64505.69,104037.63,0.6200226361132329,0.24401080693672386,0.0,0.0,0.0,1.0,0.02383564958465177,0.030303030303030304,1.4253305895049388,1.1465531882428355,4.125363674999899,0.145478374836173,30,train,-1,organic,,,0
UPI_02328,4,8,2.0,0.5,620278.82,85174.8,0.13731695448035933,0.8019290146914103,0.038461538461538464,0.0,0.09090909090909091,0.4827093816777929,0.028856321768828398,0.05,3.545460451406343,2.344449506150872,3.636684231404869,0.13090257023311416,5,train,-1,organic,,,0
UPI_02329,1,7,7.0,0.14285714285714285,164014.46,87712.3,0.5347839634146342,0.2431947146323492,0.0,0.0,0.0,1.0,0.018003200969132313,0.04,2.181604658658271,1.8050467730943691,3.1252755113635593,0.1281767955801105,9,train,-1,organic,,,0
UPI_02330,3,6,2.0,0.5,150461.96,105644.63,0.7021351463987392,0.3407289284795706,0.0,0.0,0.2857142857142857,0.7359911095399165,0.01776306294415367,0.041666666666666664,1.5941365710749187,1.4409444699908855,3.428873703896019,0.11512415349887133,11,train,-1,organic,,,0
UPI_02331,2,8,4.0,0.25,234286.26,314548.47,0.7448335839474369,0.26357015366381703,0.022222222222222223,0.2,0.0,0.5475791053795233,0.02016137903832622,0.03571428571428571,1.5211870721996597,1.325884125360078,2.8002468581817492,0.1,3,train,31,stealth_cycle,31,stealth_cycle,1
UPI_02332,8,4,0.5,0.5,6021658.38,3912730.87,0.64977629422545,8.824777924701941,0.06153846153846154,1.0,0.09090909090909091,0.17339039785304775,0.044574395404843155,0.03225806451612903,0.36502773160045754,0.5073610154452143,5.636860558677547,0.3680672268907563,31,train,-1,organic,,,0
UPI_02333,3,8,2.6666666666666665,0.375,181793.59,112495.1,0.6188067438027004,0.35292340979314996,0.009433962264150943,0.0,0.2222222222222222,0.7294725063612088,0.025665636238900634,0.08571428571428572,2.1009723789782666,1.7458130697380692,3.8892317474746516,0.11764705882352941,18,train,-1,organic,,,0
UPI_02334,1,8,8.0,0.125,124010.93,52477.75,0.4231703225806452,0.2431153232862354,0.0,0.0,0.0,1.0,0.018511039671257647,0.08333333333333333,2.2846404511689653,1.9640626497520457,2.6669017696969037,0.145478374836173,30,train,-1,organic,,,0
UPI_02335,2,5,2.5,0.4,165118.56,92808.01,0.5620689383661207,0.36057732523747343,0.0,0.0,0.16666666666666666,0.5725606003078781,0.0187812343364305,0.038461538461538464,1.4311002692134371,1.2555755730750464,4.3337153757574685,0.12395709177592372,21,train,-1,organic,,,0
UPI_02336,3,7,2.3333333333333335,0.42857142857142855,204580.25,355801.27,0.5749846178667728,0.3564104248296858,0.0,0.0,0.25,0.8665260941961547,0.014697145487743047,0.047619047619047616,2.1705028605126735,1.69152064320211,2.62523142954539,0.12436224489795919,8,train,-1,organic,,,0
UPI_02337,4,10,2.5,0.4,198836.69,189371.5,0.9523971935099214,0.40079222944284154,0.0,0.0,0.2727272727272727,0.6107183441231052,0.03153438681544102,0.045454545454545456,1.8693479235455044,1.7978756159323561,4.000352654545356,0.1281767955801105,9,train,-1,organic,,,0
UPI_02338,1,3,3.0,0.3333333333333333,59005.2,24840.18,0.4209828813559322,0.24348693321257983,0.0,0.0,0.0,1.0,0.007425777803813838,0.1,1.276906740812802,1.1145375745725108,2.5002204090908475,0.13090257023311416,5,train,-1,organic,,,0
UPI_02339,2,3,1.5,0.6666666666666666,470466.11,242700.14,0.5158716601239255,1.9565999587637273,0.05,0.8,0.0,0.5443932188139144,0.0317156102872305,0.045454545454545456,0.3191507825866095,0.18596298579121423,8.800775839999783,0.12642986152919927,6,train,-1,organic,,,0
UPI_02340,2,5,2.5,0.4,102981.88,72270.11,0.7017750318530718,0.32356856571457354,0.0,0.0,0.16666666666666666,0.5872993742281181,0.01613313256546141,0.09090909090909091,1.2171174400341693,1.2379040800019832,3.6669899333332427,0.11512415349887133,11,train,-1,organic,,,0
UPI_02341,2,5,2.5,0.4,272416.76,89185.46,0.32738611168564924,0.33880816777344025,0.0,0.0,0.16666666666666666,0.8249917485540472,0.015515352913736074,0.047619047619047616,2.013861354714908,1.7148632257873297,3.5003085727271865,0.13169845594913715,24,train,-1,organic,,,0
UPI_02342,1,4,4.0,0.25,82007.23,63578.03,0.7752735365853659,0.2431153232862354,0.0,0.0,0.0,1.0,0.009779072367225063,0.07692307692307693,1.2038703261484593,1.157841754161305,2.6002292254544814,0.11402027027027027,0,train,-1,organic,,,0
UPI_02343,19,0,0.0,0.0,770474.33,0.0,0.0,1.9755305212868801,0.0,0.0,0.0,0.07473389040267465,0.0354102544930951,0.0425531914893617,0.5943009186941937,0.5688881670655912,2.47390229952147,0.11626248216833096,29,train,-1,organic,,,0
UPI_02344,14,0,0.0,0.0,508394.82,0.0,0.0,1.12199410247698,0.0,0.0,0.0,0.1562659850778224,0.021836044171697433,0.06451612903225806,0.6917554963343188,0.6768709977632216,2.2144809337661795,0.1281767955801105,9,train,-1,organic,,,0
UPI_02345,1,4,4.0,0.25,243021.42,105508.37,0.43415255144032927,0.24302917371621402,0.05,0.0,0.0,1.0,0.008682303656335127,0.08333333333333333,1.5082414668536446,1.3653929189827667,2.4002115927272136,0.11626248216833096,29,train,-1,organic,,,0
UPI_02346,2,9,4.5,0.2222222222222222,216266.35,206659.29,0.9555776609074573,0.2740713212486008,0.018518518518518517,0.0,0.1,0.970417966144713,0.02169685960279122,0.07407407407407407,1.8649078418157292,1.4838330424251762,2.7002380418181153,0.11228070175438597,10,train,-1,organic,,,0
UPI_02347,4,8,2.0,0.5,190011.1,136121.45,0.7163868293978216,0.3532578830636769,0.0,0.0,0.3333333333333333,0.6568259723321709,0.02332461343576268,0.06060606060606061,1.7406667505999516,1.6539820934185239,3.6669899333332427,0.11778115501519756,19,train,-1,organic,,,0
UPI_02348,1,6,6.0,0.16666666666666666,120010.58,63051.09,0.5253794166666667,0.2431947146323492,0.0,0.0,0.0,1.0,0.01623210816857319,0.08695652173913043,2.12689462710849,1.6683162684539306,3.286003966233685,0.110055423594616,17,train,-1,organic,,,0
UPI_02349,6,7,1.1666666666666667,0.8571428571428571,399984.48,185042.29,0.46262368007618565,1.0775005717990729,0.013157894736842105,0.0,0.18181818181818182,0.32489093122551893,0.031672080572208924,0.022222222222222223,1.5424288684593108,1.4961634407852296,4.091269760330477,0.11778115501519756,19,train,-1,organic,,,0
UPI_02350,1,4,4.0,0.25,248021.86,108512.58,0.43751213709677417,0.24318110251457678,0.0,0.0,0.0,1.0,0.010268475471298067,0.08333333333333333,1.4962968539044184,1.3639568158737798,2.4002115927272136,0.12167606768734891,26,train,-1,organic,,,0
UPI_02351,3,8,2.6666666666666665,0.375,78456.58,96596.36,0.8122105225668159,0.29163503951156305,0.018518518518518517,0.0,0.1,0.5877264499350272,0.02383964334023787,0.058823529411764705,1.2578760090248182,1.357652013085386,3.4002997563635526,0.11764705882352941,18,train,-1,organic,,,0
UPI_02352,3,6,2.0,0.5,74828.24,55097.78,0.7363233417497932,0.3321966305219686,0.0,0.0,0.2857142857142857,0.5459685912898543,0.01556458161539919,0.045454545454545456,1.1669663692904688,1.1599620076341173,3.143134228571351,0.11764705882352941,18,train,-1,organic,,,0
UPI_02353,28,0,0.0,0.0,1381721.81,0.0,0.0,1.5097100487582225,0.0,0.0,0.0,0.043935846893693224,0.046781944362379764,0.046875,0.43801194402472843,0.4465381170512073,2.285915802597346,0.12611377655928718,32,train,-1,organic,,,0
UPI_02354,2,4,2.0,0.5,94577.46,61807.82,0.6535153335465107,0.26295508342990886,0.03333333333333333,0.0,0.0,0.9880363692171354,0.010847085529501175,0.15384615384615385,1.291364931581201,1.3431139242455143,2.1668576878787342,0.11778115501519756,19,train,-1,organic,,,0
UPI_02355,1,6,6.0,0.16666666666666666,240021.16,304127.62,0.789211972174622,0.24348693321257983,0.0,0.0,0.0,1.0,0.012503169206083485,0.06666666666666667,1.1107135073401238,1.0650301089786551,2.143046064935012,0.12547528517110265,28,train,-1,organic,,,0
UPI_02356,2,4,2.0,0.5,237246.21,84041.5,0.35423746961222097,0.3054818668726864,0.0,0.0,0.0,0.9650118115263708,0.01141200978172267,0.07142857142857142,1.733128123974293,1.5928718660629402,2.3335390484847913,0.13090257023311416,5,train,-1,organic,,,0
UPI_02357,4,13,3.25,0.3076923076923077,118515.52,354478.51,0.33433766704812445,0.32777449794988794,0.04814814814814815,0.0,0.0625,0.6797187372641483,0.033548331679551846,0.021739130434782608,3.0221486171691083,2.278078688040613,2.8752534704544748,0.13169845594913715,24,train,-1,organic,,,0
UPI_02358,1,4,4.0,0.25,175015.43,75832.95,0.4332929142857143,0.24312818349492235,0.0,0.0,0.0,1.0,0.011297438650985404,0.1,1.2964932626757815,1.295637135454128,2.000176327272678,0.12661498708010335,14,train,-1,organic,,,0
UPI_02359,4,7,1.75,0.5714285714285714,235954.48,124040.79,0.5256979842810064,0.6376085323544053,0.018518518518518517,0.0,0.1,0.7637085536691923,0.029602092054283487,0.02631578947368421,2.4265774972115346,2.0344071478091474,3.8003350218180882,0.1234676007005254,25,train,-1,organic,,,0
UPI_02360,3,9,3.0,0.3333333333333333,300060.59,177245.12,0.5906977452632557,0.3913967571823779,0.0,0.0,0.2,0.6975003649147842,0.02666776647845737,0.05405405405405406,2.109340626110552,1.850852601999262,3.7003262054544543,0.11512415349887133,11,train,-1,organic,,,0
UPI_02361,6,10,1.6666666666666667,0.6,291276.85,237487.77,0.8153334800337455,0.5429037294606471,0.08823529411764706,0.0,0.06666666666666667,0.8303847897066958,0.02614538366534877,0.05555555555555555,2.15843676810725,1.9403386841921597,2.4002115927272136,0.1407942238267148,2,train,-1,organic,,,0
UPI_02362,1,4,4.0,0.25,196017.28,171760.56,0.8762521428571429,0.24337124942681343,0.0,0.0,0.0,1.0,0.010605898193801939,0.07692307692307693,1.2890494021548062,1.2079910329120536,2.6002292254544814,0.1407942238267148,2,train,-1,organic,,,0
UPI_02363,4,10,2.5,0.4,236988.97,102170.4,0.431118781905141,0.3095026289472701,0.005681818181818182,0.0,0.2727272727272727,0.812617043910988,0.03408667694877951,0.044444444444444446,2.875405358359302,2.200163135070062,4.091269760330477,0.13686313686313686,22,train,-1,organic,,,0
UPI_02364,3,8,2.6666666666666665,0.375,201965.38,205503.59,0.9827827729133355,0.27618590606647353,0.027777777777777776,0.2857142857142857,0.1,0.5148038421045003,0.015872630954716707,0.045454545454545456,1.2348932557669474,1.190500498732723,2.200193959999946,0.12436224489795919,8,train,-1,organic,,,0
UPI_02365,2,11,5.5,0.18181818181818182,292083.62,78204.44,0.2677467653927627,0.2893266460212543,0.07051282051282051,0.5,0.0,0.6085124359178772,0.027169475262255664,0.05555555555555555,2.952976474607176,1.9824870629011135,2.7694749146852464,0.145478374836173,30,train,-1,organic,,,0
UPI_02366,2,7,3.5,0.2857142857142857,216506.5,108210.41,0.4998021362997506,0.33642303899777165,0.02857142857142857,0.375,0.125,0.8437910297936535,0.026833931506389828,0.05555555555555555,2.505258943443385,1.9204517865679331,4.500396736363525,0.13090257023311416,5,train,-1,organic,,,0
UPI_02367,3,10,3.3333333333333335,0.3,92117.67,130838.27,0.7040575191279704,0.3976686778048116,0.013157894736842105,0.0,0.18181818181818182,0.6918448326409328,0.03271520054789699,0.022727272727272728,1.6863175947321942,1.296171915904528,4.000352654545356,0.11402027027027027,0,train,-1,organic,,,0
UPI_02368,2,8,4.0,0.25,174023.23,91954.51,0.5284036258355871,0.2861712128307208,0.0,0.0,0.1111111111111111,0.7145762779558169,0.02707773872421567,0.02702702702702703,2.2187041456382266,1.873351522899492,4.11147356161606,0.12260967379077616,20,train,-1,organic,,,0
UPI_02369,1,3,3.0,0.3333333333333333,129096.05,200637.66,0.6434288171810613,2.0322506992072267,0.0,0.75,0.0,1.0,0.021193666260657735,0.034482758620689655,0.49149350626554117,0.4319048512624977,7.250639186363458,0.1281767955801105,9,train,-1,organic,,,0
UPI_02370,2,5,2.5,0.4,63977.69,24423.97,0.381757658227304,0.298110645887364,0.0,0.4,0.16666666666666666,0.6957564883028183,0.012284302435886178,0.06666666666666667,1.3605485701659217,1.362760420398316,2.5002204090908475,0.12395709177592372,21,train,-1,organic,,,0
UPI_02371,4,10,2.5,0.4,106989.36,229915.8,0.46534149663545005,0.36825277471267176,0.011363636363636364,0.18181818181818182,0.2727272727272727,0.42661837479239173,0.038865081488989366,0.038461538461538464,1.9367501939400213,1.76546548093044,4.72768950082633,0.13169845594913715,24,train,-1,organic,,,0
UPI_02372,2,5,2.5,0.4,127921.69,75305.16,0.5886817187123393,0.32115057959465115,0.0,0.0,0.16666666666666666,0.6216392216355384,0.014903009352259328,0.05,1.991812259890213,1.614901712439356,3.3336272121211303,0.11376146788990826,15,train,-1,organic,,,0
UPI_02373,2,3,1.5,0.6666666666666666,361899.89,224113.56,0.6192694744843278,1.5928681654397403,0.0,0.8,0.0,0.6404153422862513,0.03250936149205929,0.022222222222222223,0.5669627159560269,0.6073786726734793,9.00079347272705,0.12661498708010335,14,train,-1,organic,,,0
UPI_02374,1,5,5.0,0.2,171015.08,46228.57,0.27031865497076024,0.24312818349492235,0.0,0.0,0.0,1.0,0.01311613180983795,0.05555555555555555,2.1758723574277457,1.96034622024099,3.000264490909017,0.12167606768734891,26,train,-1,organic,,,0
UPI_02375,1,3,3.0,0.3333333333333333,125011.02,35486.58,0.28386760000000005,0.24218300073990207,0.0,0.0,0.0,1.0,0.007210824890325356,0.1,2.2734781575023826,1.5626690438865556,2.5002204090908475,0.12642986152919927,6,train,-1,organic,,,0
UPI_02376,3,6,2.0,0.5,170000.34,23583.67,0.1387271903137535,0.8191097612607029,0.0,0.0,0.0,0.37792280928113464,0.024764360233390337,0.02857142857142857,1.4773508403050697,1.5329719106748785,3.8892317474746516,0.13090257023311416,5,train,-1,organic,,,0
UPI_02377,3,4,1.3333333333333333,0.75,276088.42,49972.29,0.18100101976323757,0.3851735159476564,0.0,0.0,0.0,0.8067435812924756,0.01150814201047241,0.0625,1.9466853717654173,1.6831480648514607,2.285915802597346,0.12167606768734891,26,train,-1,organic,,,0
UPI_02378,5,10,2.0,0.5,474912.71,321515.35,0.6769988445700309,0.43273892390352015,0.0,0.5833333333333334,0.15384615384615385,0.45879440486074574,0.03686267506698767,0.04,1.7112353168146937,1.5706549801492664,3.8464929370628425,0.12395709177592372,21,train,20,stealth_cycle,20,stealth_cycle,1
UPI_02379,2,0,0.0,0.0,2061834.3,0.0,0.0,1.1457262913253858,0.0,0.0,0.0,0.5878641563649636,0.009430873010675224,0.16666666666666666,0.4477255371224795,0.41919960964906333,6.000528981818034,0.10630407911001236,13,train,-1,organic,,,0
UPI_02380,24,0,0.0,0.0,1067644.12,0.0,0.0,0.975772955244911,0.0,0.0,0.0,0.04836520302851544,0.03945543906505784,0.057692307692307696,0.4403269590766937,0.4283691944572911,2.1668576878787342,0.12321792260692464,7,train,-1,organic,,,0
UPI_02381,6,9,1.5,0.6666666666666666,222383.97,113231.92,0.5091730298338714,0.4575540108298847,0.0,0.0,0.36363636363636365,0.7590221699095322,0.026476369125530065,0.05555555555555555,2.4892674614012185,1.9069033809037896,3.2730158082643825,0.12611377655928718,32,train,-1,organic,,,0
UPI_02382,4,8,2.0,0.5,327156.08,191174.89,0.5843537823386398,2.9353123557664,0.0,0.45454545454545453,0.09090909090909091,0.549948885271348,0.03267841714329569,0.045454545454545456,2.0032718612103566,1.875492975096624,4.000352654545356,0.13686313686313686,22,train,-1,organic,,,0
UPI_02383,2,4,2.0,0.5,174739.58,33929.96,0.19417444111055496,0.3380437528213894,0.0,0.0,0.2,0.855244106214804,0.014646756841866289,0.05,2.2437954349051696,1.7450402914696326,4.000352654545356,0.1407942238267148,2,train,-1,organic,,,0
UPI_02384,1,5,5.0,0.2,177015.6,24166.32,0.13652084745762713,0.2435397953398505,0.0,0.0,0.0,1.0,0.014934304616255783,0.1,2.6026777579111937,2.038029598226764,3.3336272121211303,0.13090257023311416,5,train,-1,organic,,,0
UPI_02385,2,5,2.5,0.4,189053.18,89113.45,0.471367091997202,0.2818655070080276,0.0,0.0,0.16666666666666666,0.9234428912926236,0.01423472732380883,0.05263157894736842,1.398639160275489,1.3540907889692166,3.1669458515150732,0.12395709177592372,21,train,-1,organic,,,0
UPI_02386,1,4,4.0,0.25,46004.06,28788.91,0.625790652173913,0.2435043235856035,0.0,0.0,0.0,1.0,0.01121302954032586,0.14285714285714285,1.451022844555325,1.3326180658177562,2.8002468581817492,0.12321792260692464,7,train,-1,organic,,,0
UPI_02387,3,4,1.3333333333333333,0.75,245665.92,90850.29,0.369812345706755,0.26952953321029927,0.0,0.0,0.0,0.9316670130775578,0.010407352216154478,0.07692307692307693,1.5898012114622306,1.6578875801016675,1.857306589610344,0.1234676007005254,25,train,-1,organic,,,0
UPI_02388,2,8,4.0,0.25,196415.48,280758.57,0.6995885283789463,0.2846232139644537,0.011363636363636364,0.0,0.1111111111111111,0.797923059811108,0.022764400508800162,0.0625,1.743030724022325,1.503854528914031,3.5558690262625383,0.10630407911001236,13,train,-1,organic,,,0
UPI_02389,6,9,1.5,0.6666666666666666,183353.18,117219.98,0.6393125076430282,0.4353262233249394,0.08737864077669903,0.0,0.15384615384615385,0.22045212389296803,0.034941123801982506,0.041666666666666664,1.3450298237246625,1.118121671244725,3.692633219580329,0.12661498708010335,14,train,-1,organic,,,0
UPI_02390,2,5,2.5,0.4,55078.07,28720.77,0.5214557132224542,0.346432158505422,0.0,0.6666666666666666,0.16666666666666666,0.9275449969330827,0.021141046011976573,0.07142857142857142,2.225568852438436,1.6189341087246716,4.667078096969583,0.10630407911001236,13,train,-1,organic,,,0
UPI_02391,1,6,6.0,0.16666666666666666,78006.88,49176.62,0.6304138461538461,0.243732248474595,0.0,0.0,0.0,1.0,0.020488050568086082,0.07142857142857142,2.1740537528191832,1.6855650218798368,4.000352654545356,0.11512415349887133,11,train,-1,organic,,,0
UPI_02392,2,6,3.0,0.3333333333333333,118910.56,220430.02,0.5394481272428879,0.2629551795739481,0.0,0.0,0.14285714285714285,0.9849745038692312,0.012714954847193911,0.05555555555555555,1.3296003597793982,1.2731345732794332,2.571655277922015,0.11512415349887133,11,train,-1,organic,,,0
UPI_02393,5,10,2.0,0.5,275702.94,209954.3,0.7615235986364414,1.0608407842552352,0.038834951456310676,0.46153846153846156,0.15384615384615385,0.4331438346645701,0.038672029559435266,0.037037037037037035,1.8216183096388552,1.6280770110382798,4.15421237202787,0.12260967379077616,20,train,17,stealth_cycle,17,stealth_cycle,1
UPI_02394,2,4,2.0,0.5,88168.11,19931.93,0.22606729964970643,0.2922044131630633,0.0,0.0,0.2,0.5365614663959565,0.018285730335634777,0.10526315789473684,1.4243834082504871,1.3644487216153525,3.8003350218180882,0.12547528517110265,28,train,-1,organic,,,0
UPI_02395,4,2,0.5,0.5,1744437.28,942039.76,0.540025007402753,4.742053354810493,0.0,0.6666666666666666,0.0,0.3262047310698471,0.022538135107484668,0.034482758620689655,0.4294634488699526,0.42094598937023975,4.833759457575638,0.3680672268907563,31,train,-1,organic,,,0
UPI_02396,3,8,2.6666666666666665,0.375,148529.25,119088.16,0.8017825130948713,0.3750258760240725,0.018867924528301886,0.0,0.2222222222222222,0.7878290315156764,0.031673656616360776,0.04878048780487805,2.1786171095418525,1.836792755074815,4.555957189898877,0.12167606768734891,26,train,-1,organic,,,0
UPI_02397,2,7,3.5,0.2857142857142857,177660.43,78619.47,0.44252662208969057,0.6762348891426841,0.0,0.25,0.125,0.970667363371535,0.021198021193148082,0.06896551724137931,2.512087157465965,1.891598389816485,3.625319593181729,0.12611377655928718,32,train,-1,organic,,,0
UPI_02398,3,5,1.6666666666666667,0.6,215112.12,24497.08,0.11388051577279351,0.32746238942356926,0.03571428571428571,0.0,0.0,0.9097708585083388,0.01676402828261641,0.13043478260869565,2.7340323353402134,2.2338445798027773,2.8752534704544748,0.10888252148997135,12,train,-1,organic,,,0
UPI_02399,5,9,1.8,0.5555555555555556,143307.04,86227.93,0.6017005827373169,0.9712876516535052,0.0,0.2222222222222222,0.07692307692307693,0.435066362534804,0.03491890347368321,0.041666666666666664,1.3039237964667534,1.3134755584232405,3.692633219580329,0.11626248216833096,29,train,-1,organic,,,0
UPI_02400,3,5,1.6666666666666667,0.6,400311.01,51324.61,0.12821184857277879,0.8858490847888697,0.0,0.375,0.0,0.42387736150452593,0.02984115181872495,0.05,1.6020419534955543,1.683902318289234,5.000440818181695,0.11228070175438597,10,train,-1,organic,,,0
UPI_02401,2,10,5.0,0.2,258428.44,168572.99,0.6523004565766863,0.3339762275740756,0.023076923076923078,0.2222222222222222,0.09090909090909091,0.9516506793947273,0.0329822989020838,0.043478260869565216,2.7742866094385463,2.2994491960968215,4.182186866115599,0.145478374836173,30,train,-1,organic,,,0
UPI_02402,6,17,2.8333333333333335,0.35294117647058826,108470.87,226718.4,0.47843877687540903,0.542441828508064,0.05776892430278884,0.2,0.09523809523809523,0.6975409581243996,0.03895248505050839,0.03636363636363636,2.2707785283069044,1.660542777684587,2.6192785238094594,0.1330166270783848,1,train,-1,organic,,,0
UPI_02403,31,5,0.16129032258064516,0.16129032258064516,414685.16,2659724.05,0.15591285001387367,2.481284956936675,0.009523809523809525,0.25806451612903225,0.0,0.06794823209912625,0.14134836100558928,0.014925373134328358,3.177719483779475,3.0739015990278222,5.583825580302893,0.12167606768734891,26,train,-1,organic,,,0
UPI_02404,2,3,1.5,0.6666666666666666,335800.22,45398.4,0.1351946754602889,1.4613262534158793,0.0,0.4,0.0,0.6742692107787658,0.012360143686670358,0.125,1.7550543407918102,1.597987094479373,3.200282123636285,0.11626248216833096,29,train,-1,organic,,,0
UPI_02405,3,5,1.6666666666666667,0.6,136856.67,47208.84,0.3449509629937197,0.4781536018948526,0.0,0.375,0.0,0.3352969401232443,0.016720813940912273,0.047619047619047616,0.8540814193281356,0.9286832714534695,2.62523142954539,0.1407942238267148,2,train,13,stealth_cycle,13,stealth_cycle,1
UPI_02406,2,9,4.5,0.2222222222222222,150720.66,86130.71,0.5714592458218865,0.2584613432452981,0.045454545454545456,0.0,0.0,0.9775986119992641,0.03153532613513096,0.023809523809523808,2.8034308941407997,2.0659989892026123,3.8185184429751127,0.10567514677103718,27,train,-1,organic,,,0
UPI_02407,4,1,0.25,0.25,2414884.27,61984.05,0.025667505116162018,2.6455604226004423,0.05,0.0,0.0,0.42727624075409526,0.012429159376551742,0.058823529411764705,0.6635914066316212,0.7428982863692069,3.4002997563635526,0.10567514677103718,27,train,-1,organic,,,0
UPI_02408,1,7,7.0,0.14285714285714285,50004.41,47773.39,0.9553835999999999,0.2431153232862354,0.0,0.0,0.0,1.0,0.016974653439284147,0.043478260869565216,1.5780612353733336,1.4063405526697574,2.8752534704544748,0.11778115501519756,19,train,-1,organic,,,0
UPI_02409,2,4,2.0,0.5,80028.14,20892.13,0.2610598031094053,0.349987653117361,0.0,0.0,0.2,0.6248024115040693,0.014188116339772005,0.058823529411764705,1.5656929725024793,1.4605831282666502,3.4002997563635526,0.12661498708010335,14,train,-1,organic,,,0
UPI_02410,3,10,3.3333333333333335,0.3,269969.26,249616.58,0.9246111047764981,0.31885351616521246,0.013157894736842105,0.0,0.18181818181818182,0.8410922376907495,0.033973161202649906,0.06382978723404255,2.2940124418142847,1.8740369701160235,4.273103971900721,0.145478374836173,30,train,-1,organic,,,0
UPI_02411,3,6,2.0,0.5,288907.79,86541.63,0.2995475804819069,0.42678072388509625,0.0,0.0,0.2857142857142857,0.869606389885338,0.0162478301302255,0.047619047619047616,2.172321400805076,1.801057860355761,3.000264490909017,0.10630407911001236,13,train,-1,organic,,,0
UPI_02412,5,5,1.0,1.0,440945.64,71431.77,0.16199676407781174,1.3915433321881523,0.0,0.375,0.1111111111111111,0.3558050127227485,0.024970911860410224,0.05714285714285714,1.7514204449948723,1.5650300985577497,3.8892317474746516,0.1407942238267148,2,train,-1,organic,,,0
UPI_02413,2,7,3.5,0.2857142857142857,221754.18,632535.27,0.3505799421075317,1.5855855292342464,0.027777777777777776,0.75,0.0,0.9909145257970113,0.0291593717613354,0.025,2.57240737490399,2.3903616154100598,4.444836282828174,0.1407942238267148,2,train,-1,organic,,,0
UPI_02414,4,8,2.0,0.5,273262.81,183720.59,0.6723219534918039,0.3235055156443728,0.015873015873015872,0.3333333333333333,0.3333333333333333,0.7240175705037714,0.02340074244173747,0.06060606060606061,1.8965988662827409,1.7491480928031244,3.6669899333332427,0.11228070175438597,10,train,-1,organic,,,0
UPI_02415,3,1,0.3333333333333333,0.3333333333333333,689870.62,231362.18,0.33537038760539495,1.5611244418406691,0.08333333333333333,0.6666666666666666,0.0,0.5815996085642104,0.011339475549255847,0.08333333333333333,0.6844501641441951,0.8601673418557779,3.000264490909017,0.3680672268907563,31,train,-1,organic,,,0
UPI_02416,3,6,2.0,0.5,119634.55,110384.11,0.9226775563432088,0.3769064790750669,0.0,0.0,0.2857142857142857,0.428470199936408,0.02112557835986291,0.07142857142857142,0.9799413255552898,1.0969043714403326,4.000352654545356,0.13686313686313686,22,train,-1,organic,,,0
UPI_02417,1,4,4.0,0.25,78006.88,54135.47,0.6939833333333333,0.24300263629185762,0.0,0.0,0.0,1.0,0.009802264075469512,0.09090909090909091,1.1099254158148428,1.1018722616973666,2.200193959999946,0.11626248216833096,29,train,-1,organic,,,0
UPI_02418,2,7,3.5,0.2857142857142857,128827.73,99682.85,0.7737685823626298,0.2999832256624821,0.0,0.0,0.125,0.5985306465148226,0.01894128343789151,0.038461538461538464,1.3521608773098484,1.4509703742909508,3.2502865318181016,0.1,3,train,-1,organic,,,0
UPI_02419,4,4,1.0,1.0,267556.84,55724.94,0.2082732893948696,1.215379418798968,0.0,0.2857142857142857,0.14285714285714285,0.3029349732523142,0.023847911865297763,0.06451612903225806,0.788873463235756,0.8662054462598818,4.428961867532359,0.13090257023311416,5,train,-1,organic,,,0
UPI_02420,1,3,3.0,0.3333333333333333,236020.81,17632.7,0.07470826271186441,0.24306528793877566,0.0,0.0,0.0,1.0,0.009113254976216935,0.18181818181818182,1.9424396414954224,1.6085301794651223,2.7502424499999325,0.12260967379077616,20,train,-1,organic,,,0
UPI_02421,3,6,2.0,0.5,221448.68,90449.75,0.4084456627121739,0.5131938465428266,0.0,0.42857142857142855,0.2857142857142857,0.8282486818939783,0.019440633764660726,0.037037037037037035,2.2759458966631847,1.68207436916442,3.857482916883022,0.12642986152919927,6,train,-1,organic,,,0
UPI_02422,1,3,3.0,0.3333333333333333,155013.67,28642.89,0.18477651612903226,0.24323651184103853,0.0,0.0,0.0,1.0,0.006223255397863738,0.125,1.3941529880586485,1.382864296702706,2.000176327272678,0.11512415349887133,11,train,-1,organic,,,0
UPI_02423,3,3,1.0,1.0,649293.63,425430.58,0.6552206354298779,2.814653617368485,0.03333333333333333,0.5,0.0,0.5158753466083303,0.018059789189585774,0.041666666666666664,0.766968713901765,1.094045468853061,4.000352654545356,0.13090257023311416,5,train,-1,organic,,,0
UPI_02424,2,5,2.5,0.4,144420.79,57986.41,0.4015101373150502,0.25770054663166325,0.0,0.0,0.16666666666666666,0.9672053668977074,0.011904897232421417,0.0625,1.7681165514456434,1.608992136801455,2.6669017696969037,0.12395709177592372,21,train,-1,organic,,,0
UPI_02425,3,6,2.0,0.5,72340.95,83237.47,0.869091157252788,0.327905787832091,0.0,0.0,0.2857142857142857,0.5100453526051552,0.018690472791084645,0.07692307692307693,1.0210142312053636,1.0524572926578986,3.714613179220688,0.13169845594913715,24,train,-1,organic,,,0
UPI_02426,2,5,2.5,0.4,178981.26,87588.61,0.48937309027416903,0.3127493681701673,0.0,0.0,0.16666666666666666,0.8105148071990902,0.016208365832250275,0.09523809523809523,1.7908300019556993,1.4592112861919353,3.5003085727271865,0.1407942238267148,2,train,-1,organic,,,0
UPI_02427,1,4,4.0,0.25,62005.47,85251.66,0.7273227227114967,0.2431153232862354,0.0,0.0,0.0,1.0,0.012561989382938071,0.0625,1.0727864440864274,1.0326727514518639,3.200282123636285,0.11626248216833096,29,train,-1,organic,,,0
UPI_02428,2,2,1.0,1.0,1004394.9,1027018.53,0.9779715518319838,7.603279409668984,0.0,1.0,0.0,0.6929796250706601,0.013515390651103944,0.05555555555555555,0.7434320675253911,0.6811107461627145,4.500396736363525,0.3680672268907563,31,train,-1,organic,,,0
UPI_02429,2,5,2.5,0.4,164258.46,78033.4,0.47506471774490605,1.0497719910547427,0.0,0.0,0.16666666666666666,0.8517323041870064,0.01841205766600667,0.13636363636363635,1.9120075797413187,1.6231012598001804,3.6669899333332427,0.1281767955801105,9,train,-1,organic,,,0
UPI_02430,3,7,2.3333333333333335,0.42857142857142855,142459.86,104597.72,0.7342259207440225,0.2832698305808122,0.0,0.0,0.25,0.7684807580725515,0.018357659079203767,0.08695652173913043,1.5295722350238614,1.425873280653513,2.8752534704544748,0.12436224489795919,8,train,-1,organic,,,0
UPI_02431,2,3,1.5,0.6666666666666666,190622.73,276190.38,0.6901860087571234,1.942566033274842,0.0,0.8,0.0,0.5003704580000855,0.028232660864699426,0.02702702702702703,0.5809237272942617,0.4391908132530249,7.400652410908909,0.12321792260692464,7,train,-1,organic,,,0
UPI_02432,34,5,0.14705882352941177,0.14705882352941177,896904.15,1038482.95,0.8636676690504177,2.396701747599113,0.0310391363022942,0.2413793103448276,0.0,0.17606990831695643,0.14237411551728585,0.014705882352941176,3.4133858142737075,2.6490749829744686,5.231230394405466,0.11626248216833096,29,train,-1,organic,,,0
UPI_02433,1,4,4.0,0.25,48004.23,19660.88,0.40956562499999993,0.24348693321257983,0.0,0.0,0.0,1.0,0.008383383118491499,0.09090909090909091,1.3946074518290823,1.3038067547049577,2.200193959999946,0.12167606768734891,26,train,-1,organic,,,0
UPI_02434,3,9,3.0,0.3333333333333333,258222.8,153996.91,0.5963722158989596,0.3349736176146721,0.023076923076923078,0.0,0.09090909090909091,0.5293876324701879,0.02502191523805151,0.030303030303030304,1.8569022488091402,1.5197047417246705,3.000264490909017,0.11512415349887133,11,train,-1,organic,,,0
UPI_02435,3,10,3.3333333333333335,0.3,64666.44,104537.28,0.6185969585583048,0.3029235745376305,0.0,0.0,0.18181818181818182,0.6918237387526299,0.028190708577375472,0.025,2.0765131403581534,1.744783526407546,3.636684231404869,0.12547528517110265,28,train,-1,organic,,,0
UPI_02436,2,7,3.5,0.2857142857142857,240942.04,104960.74,0.43562652124681644,0.25700388587605,0.05714285714285714,0.0,0.125,0.8552648978527881,0.020048633529691134,0.04,2.152346153965345,1.8094568240078792,3.1252755113635593,0.12547528517110265,28,train,-1,organic,,,0
UPI_02437,1,6,6.0,0.16666666666666666,158013.93,96110.42,0.6082401898734177,0.24306528793877566,0.0,0.0,0.0,1.0,0.022606429184732622,0.03333333333333333,2.276164297867263,1.9294441253345629,4.286092129870024,0.12260967379077616,20,train,-1,organic,,,0
UPI_02438,3,8,2.6666666666666665,0.375,214257.57,98771.17,0.4609926648166428,0.3220165774027664,0.0,0.0,0.2222222222222222,0.7523949436362946,0.027950494180265156,0.05128205128205128,2.5115598030183786,1.7031296318494584,4.3337153757574685,0.13090257023311416,5,train,-1,organic,,,0
UPI_02439,2,5,2.5,0.4,315878.91,121259.24,0.3838788763286088,0.25724826237348486,0.0,0.0,0.0,0.6383567897578963,0.013055284222283706,0.058823529411764705,1.5154391415627342,1.2068465012221357,2.42878554025968,0.12642986152919927,6,train,-1,organic,,,0
UPI_02440,2,6,3.0,0.3333333333333333,93357.01,88851.54,0.9517393799897544,0.29066892860065624,0.037037037037037035,0.3333333333333333,0.14285714285714285,0.8732283235706755,0.01577460165645268,0.09090909090909091,1.4511546023523632,1.417911160975312,3.143134228571351,0.12167606768734891,26,train,-1,organic,,,0
UPI_02441,9,19,2.111111111111111,0.47368421052631576,243935.63,246493.38,0.9896234719084325,0.5790256469732217,0.05080213903743316,0.0,0.16666666666666666,0.4675759889003395,0.04000434355153182,0.03508771929824561,1.8542537471931584,1.5847074818175515,2.3752093886363053,0.12661498708010335,14,train,-1,organic,,,0
UPI_02442,1,4,4.0,0.25,140012.34,47233.65,0.3373535,0.24318110251457678,0.0,0.0,0.0,1.0,0.008756375736082836,0.08333333333333333,1.5818684446013054,1.4553453605440303,2.4002115927272136,0.11626248216833096,29,train,-1,organic,,,0
UPI_02443,2,8,4.0,0.25,146963.38,135314.83,0.9207384368142673,0.2845246306408895,0.0,0.375,0.1111111111111111,0.7271609193563241,0.02247047677787407,0.03125,1.6450626457522746,1.507664837040539,3.5558690262625383,0.11512415349887133,11,train,-1,organic,,,0
UPI_02444,1,7,7.0,0.14285714285714285,182016.05,143004.93,0.785672087912088,0.243732248474595,0.017857142857142856,0.0,0.0,1.0,0.020831208064335,0.07407407407407407,2.0036106328043197,1.7114320604180848,3.3752975522726443,0.1407942238267148,2,train,-1,organic,,,0
UPI_02445,2,9,4.5,0.2222222222222222,48267.85,44861.3,0.9294242305638681,0.2765663800911821,0.018518518518518517,0.0,0.1,0.8739047122068444,0.030184279819453288,0.047619047619047616,2.1137179169002676,1.7981374087067161,4.200370287272624,0.1,3,train,-1,organic,,,0
UPI_02446,2,6,3.0,0.3333333333333333,109753.57,41886.19,0.3816385586477753,0.2781589289275548,0.0,0.0,0.0,0.8688317747863392,0.015883546330620026,0.045454545454545456,2.05711217504331,1.8714343901756572,2.7502424499999325,0.1,3,train,-1,organic,,,0
UPI_02447,3,7,2.3333333333333335,0.42857142857142855,166478.87,146052.96,0.8773062843125601,0.36039281393971995,0.011363636363636364,0.0,0.1111111111111111,0.8101206710090456,0.0187204829884611,0.038461538461538464,1.7006107294631259,1.6218047301019705,2.8891435838383126,0.12642986152919927,6,train,-1,organic,,,0
UPI_02448,20,2,0.1,0.1,1283768.94,11760.52,0.009160929491245149,1.9053215810974815,0.004329004329004329,0.0,0.0,0.0771075721764454,0.039533015258945245,0.03636363636363636,1.2226605755604851,1.5272606803726103,2.5002204090908475,0.12167606768734891,26,train,-1,organic,,,0
UPI_02449,4,7,1.75,0.5714285714285714,231597.78,158292.6,0.6834806735857081,0.35870018319502517,0.019230769230769232,0.25,0.375,0.8645940671484591,0.02492630419468156,0.05714285714285714,2.2708771995923045,1.7844464191823215,4.375385715908983,0.12814645308924486,4,train,-1,organic,,,0
UPI_02450,2,4,2.0,0.5,138965.74,186614.85,0.7446660314343531,1.1063656133457647,0.06666666666666667,0.6,0.0,0.6643076238938739,0.02778729072696671,0.02631578947368421,0.7712335769448325,0.8665367993801946,6.3338917030301465,0.13686313686313686,22,train,-1,organic,,,0
UPI_02451,4,5,1.25,0.8,388344.63,64350.27,0.165704034710376,1.2600268884474035,0.0,0.0,0.0,0.3054428980680424,0.024082293331657574,0.030303030303030304,0.8756321908987977,1.1119519197039847,3.6669899333332427,0.12321792260692464,7,train,-1,organic,,,0
UPI_02452,2,7,3.5,0.2857142857142857,111943.23,67659.93,0.6044129292643409,0.3966810980858696,0.0,0.0,0.0,0.5039377058762016,0.02808653292755895,0.05128205128205128,1.424858361148891,1.341939659155719,4.3337153757574685,0.13090257023311416,5,train,-1,organic,,,0
UPI_02453,2,6,3.0,0.3333333333333333,141731.12,21754.0,0.1534877947945164,0.3052474529776105,0.037037037037037035,0.2857142857142857,0.14285714285714285,0.7707257526909521,0.018837291222638573,0.04,2.505724877474481,2.0690778776364933,3.571743441558354,0.13169845594913715,24,train,-1,organic,,,0
UPI_02454,1,3,3.0,0.3333333333333333,60005.29,9452.18,0.1575225,0.24306528793877566,0.0,0.0,0.0,1.0,0.007036094949929715,0.1111111111111111,1.5444196598963988,1.457963025634852,2.2501983681817626,0.11402027027027027,0,train,-1,organic,,,0
UPI_02455,4,8,2.0,0.5,299496.48,194108.14,0.6481149302127278,0.7134217102238624,0.0,0.2222222222222222,0.3333333333333333,0.5173274168381198,0.02919425084105798,0.025,1.7648207520432915,1.6946620682931786,4.444836282828174,0.11778115501519756,19,train,-1,organic,,,0
UPI_02456,2,3,1.5,0.6666666666666666,237618.91,55116.19,0.23195203359490124,0.4143842816178209,0.0,0.4,0.0,0.9460034218360278,0.011902771361932102,0.07142857142857142,1.8604148136222458,1.7193686754089563,2.8002468581817492,0.12167606768734891,26,train,-1,organic,,,0
UPI_02457,27,3,0.1111111111111111,0.1111111111111111,472150.21,1517969.64,0.3110406170279998,2.1648549329432365,0.02413793103448276,0.0,0.0,0.09413636417481104,0.07654183819008592,0.01834862385321101,2.4679069728140344,2.3254838280570462,3.6336536612120316,0.11512415349887133,11,train,-1,organic,,,0
UPI_02458,2,6,3.0,0.3333333333333333,197447.78,123356.51,0.6247551478528861,0.25927640768374693,0.05357142857142857,0.0,0.0,0.9956497892914211,0.016719419666520272,0.043478260869565216,1.9671156785381432,1.8409894429416933,2.8752534704544748,0.10888252148997135,12,train,-1,organic,,,0
UPI_02459,4,10,2.5,0.4,238542.11,65563.17,0.27484945984648396,0.6848450705098287,0.016853932584269662,0.4,0.16666666666666666,0.4803058751056345,0.032404426444652336,0.044444444444444446,2.221625655285731,2.0748331139860805,3.7503306136362715,0.12642986152919927,6,train,-1,organic,,,0
UPI_02460,2,4,2.0,0.5,90038.25,362373.16,0.2484683152656028,1.4981355965258139,0.0,0.4,0.0,0.5036004758556215,0.027981329814800147,0.05405405405405406,1.1351712970174188,1.1803630735381705,6.167210342424091,0.11376146788990826,15,train,-1,organic,,,0
UPI_02461,3,10,3.3333333333333335,0.3,193229.49,175621.03,0.9088728025097346,0.31518246234753017,0.006578947368421052,0.0,0.18181818181818182,0.770584479016804,0.02636389415872936,0.027777777777777776,2.1587251469571695,1.594732300115518,3.2730158082643825,0.12611377655928718,32,train,-1,organic,,,0
UPI_02462,2,6,3.0,0.3333333333333333,285603.52,162267.0,0.5681547837276455,0.29834936240419385,0.0,0.0,0.14285714285714285,0.8087798952652379,0.01889642076353249,0.038461538461538464,1.95905138889449,1.65856835113613,3.714613179220688,0.13169845594913715,24,train,-1,organic,,,0
UPI_02463,2,6,3.0,0.3333333333333333,217392.14,98810.86,0.45452820309129494,0.30972889383515295,0.0,0.0,0.14285714285714285,0.8080736100067334,0.015349069513418254,0.09523809523809523,1.8431924907480939,1.663730584075182,3.000264490909017,0.110055423594616,17,train,-1,organic,,,0
UPI_02464,2,3,1.5,0.6666666666666666,195920.16,19234.43,0.09817481508312613,0.2839332117923571,0.0,0.0,0.0,0.8769486466520076,0.010686134306898014,0.15384615384615385,1.9404761199586893,1.5966156182659774,2.6002292254544814,0.12260967379077616,20,train,-1,organic,,,0
UPI_02465,1,2,2.0,0.5,61596.41,104955.75,0.5868797911316718,0.985730199256211,0.0,0.6666666666666666,0.0,1.0,0.020779580598798246,0.034482758620689655,0.6106558697134638,0.47205604777553534,9.667518915151277,0.1407942238267148,2,train,-1,organic,,,0
UPI_02466,4,9,2.25,0.4444444444444444,407304.07,503819.82,0.808431995519591,2.0985921137415877,0.0,0.4166666666666667,0.08333333333333333,0.35019054853181236,0.03694210903131949,0.057692307692307696,1.4053262544596876,1.2485526627364743,4.3337153757574685,0.13686313686313686,22,train,36,stealth_cycle,36,stealth_cycle,1
UPI_02467,2,4,2.0,0.5,51704.2,42436.71,0.8207594869132552,0.5131511029147121,0.0,0.5,0.2,0.8038175223555319,0.014081376011202518,0.05555555555555555,1.3171089483684097,1.2458845091194028,3.6003173890908204,0.12661498708010335,14,train,-1,organic,,,0
UPI_02468,2,9,4.5,0.2222222222222222,269568.46,287592.29,0.9373285399218703,0.25885034354466624,0.05454545454545454,0.0,0.0,0.8048092520575942,0.03317050640110396,0.06382978723404255,2.2297660368919963,1.5295407985580545,4.273103971900721,0.12611377655928718,32,train,-1,organic,,,0
UPI_02469,2,8,4.0,0.25,174155.44,251614.61,0.6921515484388779,0.2878100477705416,0.0,0.3,0.0,0.9535814927491668,0.02770356670595614,0.05555555555555555,1.8883212218482657,1.5959284424372264,3.6003173890908204,0.11228070175438597,10,train,-1,organic,,,0
UPI_02470,2,9,4.5,0.2222222222222222,206132.3,288765.35,0.713840162507508,0.3157793947512994,0.018518518518518517,0.0,0.1,0.7436636623016413,0.027337145865675313,0.05128205128205128,1.6071916762917688,1.4676020344926166,3.900343838181722,0.1,3,train,-1,organic,,,0
UPI_02471,3,8,2.6666666666666665,0.375,301665.46,158242.19,0.5245618378029332,0.3988294994052687,0.018867924528301886,0.0,0.2222222222222222,0.6361675707438489,0.022503314550705696,0.03333333333333333,1.8495170090649065,1.584178038004475,3.3336272121211303,0.13686313686313686,22,train,-1,organic,,,0
UPI_02472,3,6,2.0,0.5,241358.09,92019.66,0.3812578362994025,0.28467014896917636,0.029411764705882353,0.0,0.2857142857142857,0.905609037666745,0.01462002256762928,0.1,1.5414207966230185,1.5318340336674934,2.857394753246683,0.11512415349887133,11,train,-1,organic,,,0
UPI_02473,1,8,8.0,0.125,244021.51,122629.56,0.5025358606557377,0.25696203561111375,0.0,0.3333333333333333,0.0,1.0,0.025863577237009258,0.029411764705882353,2.6829722871615855,1.9135496266471625,3.778110840403947,0.145478374836173,30,train,-1,organic,,,0
UPI_02474,4,8,2.0,0.5,246211.74,77299.57,0.3139556869951232,0.4839180163003461,0.0,0.375,0.3333333333333333,0.6489879075271009,0.0296407746122432,0.05263157894736842,2.511998136560873,2.0306762785183743,4.222594468686765,0.12661498708010335,14,train,-1,organic,,,0
UPI_02475,1,3,3.0,0.3333333333333333,122010.76,22427.71,0.18381745901639343,0.2429492733378004,0.0,0.0,0.0,1.0,0.00940535717823609,0.08333333333333333,1.8245887169495745,1.5038651961213865,3.000264490909017,0.13090257023311416,5,train,-1,organic,,,0
UPI_02476,4,6,1.5,0.6666666666666666,198284.96,93273.22,0.4703998860529221,0.8602480160740001,0.0,0.5,0.25,0.4110452558883355,0.02161742364345663,0.03333333333333333,0.9703348616347942,1.0143773475725943,3.7503306136362715,0.11778115501519756,19,train,-1,organic,,,0
UPI_02477,2,7,3.5,0.2857142857142857,249301.25,172985.04,0.6938795592589789,0.27137846184892306,0.0,0.0,0.125,0.9283225212537947,0.024356497941537637,0.03125,2.256462416242959,1.7596322565266291,4.000352654545356,0.1407942238267148,2,train,-1,organic,,,0
UPI_02478,3,5,1.6666666666666667,0.6,330516.79,20193.02,0.06109529357602319,1.477736958420215,0.05357142857142857,0.42857142857142855,0.0,0.6240001904579033,0.022407996501032843,0.03333333333333333,2.58911692826922,2.3061068707803107,3.7503306136362715,0.12642986152919927,6,train,-1,organic,,,0
UPI_02479,3,9,3.0,0.3333333333333333,157883.73,137229.98,0.8691837913784783,0.4172652695340365,0.015384615384615385,0.0,0.09090909090909091,0.9399786140259101,0.03283589577007742,0.022727272727272728,2.3648107756263563,1.9662079384319944,4.000352654545356,0.13169845594913715,24,train,-1,organic,,,0
UPI_02480,3,9,3.0,0.3333333333333333,171636.99,67297.55,0.3920923593299828,0.31305313859688383,0.0,0.0,0.2,0.7940739446946474,0.024976980540751627,0.05714285714285714,2.5785973520106453,2.074597209750441,3.5003085727271865,0.13686313686313686,22,train,-1,organic,,,0
UPI_02481,3,6,2.0,0.5,270002.0,197925.09,0.7330504462952935,0.39796601650489805,0.029411764705882353,0.0,0.2857142857142857,0.6772151405282903,0.026799672448447852,0.02857142857142857,1.847311875558036,1.6325682786819897,5.000440818181695,0.11778115501519756,19,train,-1,organic,,,0
UPI_02482,5,5,1.0,1.0,501869.93,159358.86,0.3175301965907724,1.7865343627195949,0.0,0.0,0.0,0.24104589843385943,0.028057842020710193,0.05,0.7309871043057099,0.8104762224793709,4.000352654545356,0.110055423594616,17,train,-1,organic,,,0
UPI_02483,2,5,2.5,0.4,237610.43,94610.8,0.39817613136743263,0.31700153326251,0.0,0.0,0.16666666666666666,0.8486944066143323,0.01716421824344956,0.13043478260869565,2.059625407849207,1.6687675393425507,3.8336712939393,0.1234676007005254,25,train,-1,organic,,,0
UPI_02484,2,9,4.5,0.2222222222222222,72963.2,121561.43,0.6002167325883988,0.2623006255715429,0.0,0.0,0.1,0.9477968236132472,0.03100478951893906,0.046511627906976744,1.702248088092655,1.4696801563779422,4.300379103636257,0.10888252148997135,12,train,-1,organic,,,0
UPI_02485,1,6,6.0,0.16666666666666666,268023.63,70009.45,0.2612062686567164,0.2429492733378004,0.0,0.0,0.0,1.0,0.01886424659343147,0.08,2.6667028213968997,1.9575316438848476,3.571743441558354,0.1281767955801105,9,train,-1,organic,,,0
UPI_02486,3,10,3.3333333333333335,0.3,202665.93,204963.88,0.9887884997502511,0.4208427254676109,0.012987012987012988,0.36363636363636365,0.08333333333333333,0.500133503136523,0.028728873056087737,0.025,1.4140629318205613,1.2451736275789715,3.3336272121211303,0.145478374836173,30,train,17,stealth_cycle,17,stealth_cycle,1
UPI_02487,1,5,5.0,0.2,256022.57,41161.79,0.16077406249999998,0.2435043235856035,0.0,0.0,0.0,1.0,0.01738061897254093,0.043478260869565216,2.754278741633434,2.0578667286443912,3.8336712939393,0.12611377655928718,32,train,-1,organic,,,0
UPI_02488,2,5,2.5,0.4,101989.68,63399.1,0.6216226817057229,0.26624298586290907,0.0,0.0,0.16666666666666666,0.729021016896596,0.019648156499587933,0.07407407407407407,1.3930393792893334,1.2954312287369885,4.500396736363525,0.1281767955801105,9,train,-1,organic,,,0
UPI_02489,1,5,5.0,0.2,278024.51,192833.2,0.6935834532374101,0.24323651184103853,0.0,0.0,0.0,1.0,0.013798251359103803,0.125,1.5324032751256704,1.208639844712188,2.6669017696969037,0.12395709177592372,21,train,-1,organic,,,0
UPI_02490,4,6,1.5,0.6666666666666666,241748.76,58799.37,0.2432251281350132,0.3524754409913723,0.0,0.3333333333333333,0.25,0.8044359942058222,0.023872963069657364,0.058823529411764705,2.812475774762474,2.276221242085117,4.250374695454441,0.12661498708010335,14,train,-1,organic,,,0
UPI_02491,1,5,5.0,0.2,171015.08,102309.6,0.5982490058479533,0.243732248474595,0.0,0.0,0.0,1.0,0.010283024879207417,0.07692307692307693,1.3482324716063065,1.3264920269911227,2.1668576878787342,0.13686313686313686,22,train,-1,organic,,,0
UPI_02492,3,8,2.6666666666666665,0.375,245103.05,118175.64,0.4821467508922748,0.30360366232091446,0.018518518518518517,0.0,0.1,0.9359815603981007,0.030913415309829897,0.045454545454545456,2.9665809439753903,2.249858874658729,4.400387919999892,0.12642986152919927,6,train,-1,organic,,,0
UPI_02493,1,3,3.0,0.3333333333333333,285719.52,241765.41,0.8461634502861851,0.6975063072577863,0.0,0.5,0.0,1.0,0.025771682933848385,0.05714285714285714,0.39543497398538996,0.28934100135684504,8.750771431817967,0.11402027027027027,0,train,-1,organic,,,0
UPI_02494,1,5,5.0,0.2,68506.04,95889.22,0.7144289725666576,0.24197076471309445,0.0,0.0,0.0,1.0,0.012937121993466753,0.08333333333333333,1.3387725826653758,1.2456156941269418,2.000176327272678,0.12321792260692464,7,train,-1,organic,,,0
UPI_02495,1,4,4.0,0.25,196017.28,140342.0,0.7159675,0.2429492733378004,0.0,0.0,0.0,1.0,0.011434350312920054,0.06666666666666667,1.3822393657656997,1.3065227419877983,3.000264490909017,0.12436224489795919,8,train,-1,organic,,,0
UPI_02496,1,4,4.0,0.25,156013.75,93087.05,0.5966592307692308,0.24306528793877566,0.0,0.0,0.0,1.0,0.009690817370748724,0.07692307692307693,1.35806907893658,1.3059105166787652,2.6002292254544814,0.12814645308924486,4,train,-1,organic,,,0
UPI_02497,3,6,2.0,0.5,64194.89,40130.23,0.6251311941271146,0.32443193006313725,0.029411764705882353,0.0,0.2857142857142857,0.9337070313837669,0.01739406931260525,0.047619047619047616,1.7657883426579768,1.4824009677805723,3.000264490909017,0.11778115501519756,19,train,-1,organic,,,0
UPI_02498,4,5,1.25,0.8,273267.98,21917.11,0.0802037330093639,0.9993556877977916,0.0,0.2857142857142857,0.2857142857142857,0.5189260247372246,0.02347658820381381,0.06451612903225806,1.7833948933043593,1.6429154682388774,4.428961867532359,0.11402027027027027,0,train,-1,organic,,,0
UPI_02499,1,5,5.0,0.2,47369.62,289331.98,0.16372063853255683,0.6193041805317557,0.0,0.75,0.0,1.0,0.0258757059665265,0.05555555555555555,0.7079304278090789,0.7638428965736042,6.000528981818034,0.1330166270783848,1,train,-1,organic,,,0
UPI_02500,2,7,3.5,0.2857142857142857,252259.79,89211.33,0.35364865381859284,0.42625825640242104,0.013888888888888888,0.0,0.0,0.9669647929413732,0.02424860045557256,0.029411764705882353,2.907115546413299,2.004340940933842,3.778110840403947,0.1407942238267148,2,train,-1,organic,,,0
UPI_02501,182,1,0.005494505494505495,0.005494505494505495,3456942.33,67368.9,0.01948800197907933,9.353883569561244,0.0011409355671650754,0.08522727272727272,0.0,0.19813108470826046,0.3174790849531654,0.008849557522123894,3.974589653881739,4.354741507188068,2.470163114555329,0.110055423594616,17,train,-1,organic,,,0
UPI_02502,32,48,1.5,0.6666666666666666,1230704.17,842894.42,0.6848879154199536,1.6121573111540555,0.07557034220532319,0.625,0.05263157894736842,0.14973123334460475,0.09533838456757962,0.014814814814814815,2.9142077742854258,2.41077263880955,1.7764723959329707,0.145478374836173,30,train,-1,organic,,,0
UPI_02503,2,5,2.5,0.4,185412.72,74571.41,0.40219147764327856,0.29506871983032085,0.0,0.0,0.16666666666666666,0.9744828300372559,0.014602463151596893,0.05,2.095467164656067,1.54379699513626,3.3336272121211303,0.145478374836173,30,train,-1,organic,,,0
UPI_02504,2,4,2.0,0.5,132470.42,41712.72,0.3148832610064085,0.2889829674602644,0.0,0.0,0.2,0.738804516873649,0.014592749794941464,0.05,1.8269336608851323,1.527483236018996,4.000352654545356,0.11402027027027027,0,train,-1,organic,,,0
UPI_02505,2,4,2.0,0.5,85551.38,18673.66,0.21827416211383543,0.3171582126921618,0.0,0.0,0.2,0.7838712294346036,0.011768872422153813,0.13333333333333333,1.732691133357622,1.5910880363383442,3.000264490909017,0.12395709177592372,21,train,-1,organic,,,0
UPI_02506,2,4,2.0,0.5,88488.9,34270.44,0.38728519423922164,0.4460274600921436,0.0,0.0,0.2,0.967082063440958,0.014609122670923532,0.05263157894736842,1.9943000985655261,1.5503954428536828,3.8003350218180882,0.1330166270783848,1,train,-1,organic,,,0
UPI_02507,14,0,0.0,0.0,773068.15,0.0,0.0,0.9755688208221828,0.0,0.0,0.0,0.08919148694038281,0.02472529016314321,0.06060606060606061,0.38651466455751154,0.384666907124874,2.3573506714285135,0.12321792260692464,7,train,-1,organic,,,0
UPI_02508,15,1,0.06666666666666667,0.06666666666666667,655283.91,987.25,0.0015065943492425379,0.785890133715358,0.025210084033613446,0.0,0.06666666666666667,0.09092503842183929,0.024565689335663825,0.05714285714285714,0.5685299187172392,0.5825358820090467,2.3335390484847913,0.10567514677103718,27,train,-1,organic,,,0
UPI_02509,0,90,90.0,0.0,0.0,13992368.64,0.0,0.24082620613995356,0.0009987515605493133,0.0,0.0,1.0,0.1291645925110024,0.03825136612021858,0.4447953306881659,0.43558778453798846,2.033512599393889,0.1,3,train,-1,organic,,,0
UPI_02510,1,5,5.0,0.2,156013.75,79822.3,0.5116362820512821,0.24300263629185762,0.0,0.0,0.0,1.0,0.014076651045110836,0.11764705882352941,1.717907047650432,1.547940317791839,2.833583130302961,0.11402027027027027,0,train,-1,organic,,,0
UPI_02511,3,8,2.6666666666666665,0.375,162858.16,244323.17,0.6665686184738104,0.3009367548745504,0.00909090909090909,0.0,0.0,0.9655409881880787,0.015973468266412803,0.05555555555555555,1.2173216591346616,1.2718144418807822,1.6365079041321913,0.12013536379018612,23,train,-1,organic,,,0
UPI_02512,2,6,3.0,0.3333333333333333,89620.52,74637.26,0.8328143960080624,0.37546437411296146,0.017857142857142856,0.0,0.0,0.8825814883029819,0.012493541431094343,0.058823529411764705,1.2686284572855817,1.2025169221660452,2.1251873477272203,0.13686313686313686,22,train,-1,organic,,,0
UPI_02513,1,7,7.0,0.14285714285714285,151013.31,97997.25,0.6489311920529801,0.24302917371621402,0.0,0.0,0.0,1.0,0.019004608226453595,0.037037037037037035,2.1607307228614454,1.6145956737411025,3.3752975522726443,0.11764705882352941,18,train,-1,organic,,,0
UPI_02514,1,6,6.0,0.16666666666666666,217019.13,97653.01,0.4499741935483871,0.24337124942681343,0.0,0.0,0.0,1.0,0.01823586264748254,0.04,2.3278093837013993,1.7948020456641918,3.571743441558354,0.145478374836173,30,train,-1,organic,,,0
UPI_02515,2,6,3.0,0.3333333333333333,287185.99,201982.08,0.7033145242348126,0.2719797291163106,0.037037037037037035,0.0,0.14285714285714285,0.9954091902780116,0.020336412853304973,0.07407407407407407,1.5927002714266696,1.344815476294916,3.857482916883022,0.12661498708010335,14,train,-1,organic,,,0
UPI_02516,3,9,3.0,0.3333333333333333,199376.24,123860.63,0.6212406824965617,0.5444218445299752,0.015384615384615385,0.0,0.09090909090909091,0.8383457864786128,0.03141511070883895,0.046511627906976744,2.513591806453396,2.0591218515456338,3.9094355487602344,0.12642986152919927,6,train,-1,organic,,,0
UPI_02517,1,4,4.0,0.25,167014.72,24215.26,0.1449888023952096,0.24306528793877566,0.0,0.0,0.0,1.0,0.01887275410237375,0.08695652173913043,2.7936745475987417,1.8783030463070265,4.6004055527271595,0.12814645308924486,4,train,-1,organic,,,0
UPI_02518,2,4,2.0,0.5,113292.16,36745.34,0.3243414210727072,0.26272601440562593,0.06666666666666667,0.0,0.0,0.8796978040576433,0.012505574316329371,0.0625,1.7773295399772155,1.650632263135669,2.6669017696969037,0.145478374836173,30,train,-1,organic,,,0
UPI_02519,3,5,1.6666666666666667,0.6,203548.22,95714.29,0.4702290489650975,0.9169892952024036,0.037037037037037035,0.2857142857142857,0.14285714285714285,0.5622196925943548,0.019323010763632662,0.037037037037037035,1.0208696822401402,0.8788998236047595,3.857482916883022,0.11402027027027027,0,train,-1,organic,,,0
UPI_02520,2,6,3.0,0.3333333333333333,129396.53,11839.82,0.09150032090243454,0.2868142654886903,0.0,0.0,0.14285714285714285,0.934513342346218,0.01990933877030338,0.037037037037037035,3.0982569517872345,2.26846271435056,3.857482916883022,0.11778115501519756,19,train,-1,organic,,,0
UPI_02521,2,5,2.5,0.4,245390.14,99506.98,0.40550521336254597,0.3037004697210977,0.0,0.0,0.16666666666666666,0.9729201938411911,0.015917062838711308,0.047619047619047616,2.125367110703939,1.7105516193454775,3.5003085727271865,0.11764705882352941,18,train,-1,organic,,,0
UPI_02522,3,6,2.0,0.5,254568.4,157997.08,0.6206468568583842,0.3368818424505961,0.0,0.0,0.2857142857142857,0.6858663242631273,0.025873731263106277,0.05714285714285714,2.0233366185676864,1.5582657052028028,5.000440818181695,0.12167606768734891,26,train,-1,organic,,,0
UPI_02523,40,3,0.075,0.075,831043.27,929756.25,0.893829181830983,3.0373826738681675,0.006644518272425249,0.16666666666666666,0.0,0.22685019321905475,0.14013477461949028,0.02,3.668006849158635,2.409218110903345,4.651572854122508,0.1234676007005254,25,train,-1,organic,,,0
UPI_02524,2,3,1.5,0.6666666666666666,248585.5,212798.65,0.8560380464411541,1.4845167841457796,0.0,0.75,0.0,0.5006931574097354,0.025173128384702897,0.027777777777777776,0.3414885956594173,0.5161301432547152,7.200634778181641,0.12167606768734891,26,train,-1,organic,,,0
UPI_02525,1,8,8.0,0.125,113009.96,108674.41,0.9616356637168142,0.24328858614406598,0.0,0.0,0.0,1.0,0.02703132610587862,0.02631578947368421,2.1463599725092646,1.5947793632650433,4.222594468686765,0.1234676007005254,25,train,-1,organic,,,0
UPI_02526,1,5,5.0,0.2,140012.34,51453.61,0.3674933571428572,0.24300263629185762,0.0,0.0,0.0,1.0,0.017290338634484072,0.047619047619047616,2.2362303075258656,1.6341874023953367,3.5003085727271865,0.13686313686313686,22,train,-1,organic,,,0
UPI_02527,1,7,7.0,0.14285714285714285,43003.79,46098.8,0.9328613199683954,0.2435043235856035,0.017857142857142856,0.0,0.0,1.0,0.017548316853189024,0.04,1.6231126706442103,1.3688185740733652,3.1252755113635593,0.145478374836173,30,train,-1,organic,,,0
UPI_02528,1,5,5.0,0.2,54004.76,90261.95,0.5983114984722558,0.2431947146323492,0.0,0.0,0.0,1.0,0.012030428964995461,0.06666666666666667,1.257118320727827,1.0787853081973247,2.5002204090908475,0.12321792260692464,7,train,-1,organic,,,0
UPI_02529,2,2,1.0,1.0,153531.11,105225.54,0.6853694541042139,2.529237795651674,0.0,1.0,0.0,0.5034202678383431,0.018409479938092225,0.07692307692307693,0.3947415538363251,0.37332099574465283,6.500573063636203,0.11764705882352941,18,train,-1,organic,,,0
UPI_02530,2,3,1.5,0.6666666666666666,353425.15,232290.96,0.6572564519277762,6.559441619743288,0.0,0.8,0.0,0.5068600140842902,0.020710789170558463,0.037037037037037035,0.74677833646336,0.6591798232304619,5.400476083636231,0.13686313686313686,22,train,24,stealth_cycle,24,stealth_cycle,1
UPI_02531,1,5,5.0,0.2,195017.19,48542.57,0.24891430769230768,0.24300263629185762,0.06666666666666667,0.0,0.0,1.0,0.010724988604699608,0.07692307692307693,1.8267734664871345,1.7345978247291667,2.1668576878787342,0.12321792260692464,7,train,-1,organic,,,0
UPI_02532,16,0,0.0,0.0,915780.73,0.0,0.0,0.776615349257371,0.0,0.0,0.0,0.0779323127242581,0.02637903745823319,0.08108108108108109,0.4314885368071158,0.42502878081743284,2.312703878409034,0.11512415349887133,11,train,-1,organic,,,0
UPI_02533,2,9,4.5,0.2222222222222222,104237.05,130736.08,0.7973089981950596,0.25582111487861486,0.0,0.0,0.1,0.8386061595136626,0.02977545615935213,0.05128205128205128,1.7389998081726012,1.512938750667775,3.900343838181722,0.12167606768734891,26,train,-1,organic,,,0
UPI_02534,2,5,2.5,0.4,276725.26,91431.49,0.3304052856790801,0.28278119259839496,0.0,0.0,0.16666666666666666,0.9736078103471646,0.016013023926126583,0.047619047619047616,2.2561030252011296,1.6749738039521993,3.5003085727271865,0.13686313686313686,22,train,-1,organic,,,0
UPI_02535,2,7,3.5,0.2857142857142857,205453.61,167159.52,0.8136119609317767,0.3117580455507465,0.0,0.0,0.125,0.844664305199093,0.026503678857868133,0.05714285714285714,2.0236045307156716,1.7714688984840365,4.375385715908983,0.145478374836173,30,train,-1,organic,,,0
UPI_02536,4,8,2.0,0.5,658979.26,125649.36,0.1906727021686069,0.30085702391051083,0.007575757575757576,0.0,0.0,0.38328156164109367,0.02205341969709838,0.1,2.3121774218628754,1.790222399738371,2.5002204090908475,0.11228070175438597,10,train,-1,organic,,,0
UPI_02537,1,3,3.0,0.3333333333333333,173015.25,32823.58,0.1897149710982659,0.25696203561111375,0.0,0.5,0.0,1.0,0.010347032391517555,0.15384615384615385,1.909551662470644,1.5299795386143664,3.2502865318181016,0.1281767955801105,9,train,-1,organic,,,0
UPI_02538,4,2,0.5,0.5,2284103.13,1026236.44,0.449295141971014,2.4228594023576533,0.0,0.4,0.0,0.32082853134996153,0.014735424801400297,0.10526315789473684,0.3999766442607026,0.5618507501400755,3.1669458515150732,0.3680672268907563,31,train,-1,organic,,,0
UPI_02539,2,5,2.5,0.4,180232.27,68552.39,0.38035582559143627,0.25869761622413473,0.047619047619047616,0.0,0.0,0.9543023481612258,0.014976384460429527,0.1111111111111111,1.9364189619967593,1.7001008747366881,2.571655277922015,0.12436224489795919,8,train,-1,organic,,,0
UPI_02540,1,7,7.0,0.14285714285714285,116010.23,105566.0,0.9099714655172414,0.2435043235856035,0.0,0.0,0.0,1.0,0.020391703911619815,0.08,1.760034474182659,1.517270978336737,3.1252755113635593,0.1234676007005254,25,train,-1,organic,,,0
UPI_02541,2,7,3.5,0.2857142857142857,224940.23,97244.35,0.432311964588361,0.26748435026999684,0.02857142857142857,0.0,0.125,0.932051613221085,0.015137890915561333,0.05263157894736842,1.8813979732537092,1.7522878315192034,2.3752093886363053,0.13169845594913715,24,train,-1,organic,,,0
UPI_02542,2,6,3.0,0.3333333333333333,217272.45,131533.4,0.6053845902455797,0.25834865625092035,0.017857142857142856,0.0,0.0,0.9885288747273313,0.03083301145981149,0.04878048780487805,2.715932049076287,1.9309584592925417,5.125451838636238,0.10567514677103718,27,train,-1,organic,,,0
UPI_02543,2,5,2.5,0.4,191398.0,72923.92,0.3810066854553529,0.2734654566304704,0.0,0.0,0.16666666666666666,0.8434642017794043,0.01735068769312968,0.047619047619047616,1.9613392653041268,1.6422309924703198,3.5003085727271865,0.1281767955801105,9,train,-1,organic,,,0
UPI_02544,3,6,2.0,0.5,205083.99,10649.15,0.05192579302917779,0.3157682002030538,0.04411764705882353,0.0,0.2857142857142857,0.897418203923836,0.014654221433427095,0.05263157894736842,2.590596262595824,2.2292081161373596,2.714525015584349,0.12547528517110265,28,train,-1,organic,,,0
UPI_02545,1,3,3.0,0.3333333333333333,229020.19,17083.54,0.0745940174672489,0.24322241648606138,0.0,0.0,0.0,1.0,0.010369499844457503,0.08333333333333333,2.050936615953569,1.6180684826124498,3.000264490909017,0.11626248216833096,29,train,-1,organic,,,0
UPI_02546,1,6,6.0,0.16666666666666666,61005.38,25507.95,0.4181262295081967,0.24499596870931775,0.0,0.0,0.0,1.0,0.017018306712862488,0.045454545454545456,2.2309309493731164,1.5563972139135727,3.143134228571351,0.11512415349887133,11,train,-1,organic,,,0
UPI_02547,5,7,1.4,0.7142857142857143,164951.07,107996.03,0.6547155442157052,0.9645403292291893,0.015873015873015872,0.4444444444444444,0.3333333333333333,0.3043401679353,0.030886906211783728,0.024390243902439025,0.995757531644274,1.1381793843427985,4.555957189898877,0.12661498708010335,14,train,-1,organic,,,0
UPI_02548,3,7,2.3333333333333335,0.42857142857142855,110422.66,493800.78,0.22361784054816408,0.3000785641397816,0.0,0.0,0.1111111111111111,0.797986407834037,0.013169191837683255,0.058823529411764705,2.583899905812463,2.0123385156483287,1.8890554202019736,0.13686313686313686,22,train,-1,organic,,,0
UPI_02549,2,7,3.5,0.2857142857142857,241224.98,129677.68,0.5375798324163422,0.3075245152649095,0.02857142857142857,0.0,0.125,0.9657513763989969,0.021372573706206953,0.034482758620689655,2.3617498587102785,1.8203444431851907,3.625319593181729,0.12395709177592372,21,train,-1,organic,,,0
UPI_02550,4,8,2.0,0.5,464395.58,274007.87,0.5900311666962129,1.863120001909601,0.0,0.4166666666666667,0.0,0.3837208285308445,0.04298451930936639,0.03278688524590164,2.168126496584925,1.784842717013082,5.083781498484723,0.12436224489795919,8,train,-1,organic,,,0
UPI_02551,2,5,2.5,0.4,167358.84,70639.94,0.42208667183884413,0.30004346967706563,0.0,0.3333333333333333,0.16666666666666666,0.9608320318999684,0.014399066334225065,0.10526315789473684,1.9280619788924869,1.6685784265016075,3.1669458515150732,0.145478374836173,30,train,-1,organic,,,0
UPI_02552,2,8,4.0,0.25,198859.77,115707.64,0.5818554447988517,0.302578782279934,0.0,0.3333333333333333,0.1111111111111111,0.8203379167786147,0.026498350418005513,0.05405405405405406,2.360456672897742,1.8783729539967122,4.11147356161606,0.12436224489795919,8,train,-1,organic,,,0
UPI_02553,1,4,4.0,0.25,158013.93,107375.43,0.6795313924050632,0.2429492733378004,0.05,0.0,0.0,1.0,0.011754017153029032,0.13333333333333333,1.5401515158640482,1.108719198747148,3.000264490909017,0.145478374836173,30,train,-1,organic,,,0
UPI_02554,1,4,4.0,0.25,35967.15,315929.61,0.11384545625830006,0.9636313698350095,0.0,0.0,0.0,1.0,0.018694321480015052,0.038461538461538464,1.812128937273983,1.3948916928106325,5.200458450908963,0.145478374836173,30,train,-1,organic,,,0
UPI_02555,2,5,2.5,0.4,171996.39,205217.21,0.8381187502168626,0.2510652440051115,0.0,0.0,0.0,0.9772253500149337,0.015932430757852622,0.1111111111111111,1.3742593437736905,1.2575754369852108,2.571655277922015,0.12167606768734891,26,train,-1,organic,,,0
UPI_02556,3,7,2.3333333333333335,0.42857142857142855,521673.07,70756.53,0.13563385167809922,0.7661324765589616,0.011111111111111112,0.0,0.0,0.38935872075003497,0.025380899825415665,0.02857142857142857,1.8214678265672848,1.8238434310243195,3.5003085727271865,0.11228070175438597,10,train,-1,organic,,,0
UPI_02557,3,7,2.3333333333333335,0.42857142857142855,115302.34,55899.91,0.4848115457613864,0.3014992996646883,0.023255813953488372,0.0,0.25,0.5628512034051966,0.020100821252553643,0.08,1.525072986367589,1.6121644424015544,3.1252755113635593,0.12436224489795919,8,train,-1,organic,,,0
UPI_02558,1,7,7.0,0.14285714285714285,83507.36,198051.64,0.42164438482286243,0.24275427992581472,0.0,0.0,0.0,1.0,0.017368555316134845,0.041666666666666664,1.8375620897079292,1.4536768781096396,3.000264490909017,0.1281767955801105,9,train,-1,organic,,,0
UPI_02559,2,6,3.0,0.3333333333333333,288105.28,33121.55,0.11496335669120661,0.5168210728968533,0.0,0.375,0.0,0.5348725565547473,0.025186185377320543,0.029411764705882353,1.5964274931756415,1.5498289509294714,4.250374695454441,0.13090257023311416,5,train,-1,organic,,,0
UPI_02560,5,5,1.0,1.0,81320.25,36377.78,0.4473397145945031,0.7989153623138836,0.06818181818181818,0.5,0.1111111111111111,0.41029563687182496,0.02011505313726537,0.07407407407407407,1.2624347813251395,1.4795994070985512,3.000264490909017,0.12814645308924486,4,train,-1,organic,,,0
UPI_02561,2,5,2.5,0.4,262942.5,120110.73,0.45679465472525943,0.28039591271520775,0.05,0.0,0.16666666666666666,0.9855065128073319,0.013614888158869024,0.05263157894736842,1.984044133402123,1.541220953161278,3.1669458515150732,0.12013536379018612,23,train,-1,organic,,,0
UPI_02562,2,2,1.0,1.0,1646795.77,1743087.1,0.9447581658654735,4.506978849977579,0.08333333333333333,1.0,0.0,0.5195121295482585,0.016203855302272793,0.05,0.4692165273042836,0.42815497117165835,5.000440818181695,0.3680672268907563,31,train,-1,organic,,,0
UPI_02563,3,5,1.6666666666666667,0.6,216947.95,104205.37,0.48032428332943494,0.35053876456508853,0.0,0.0,0.14285714285714285,0.7322090188009563,0.019574902712733516,0.04,1.8561757081029338,1.6474978353334548,3.571743441558354,0.11402027027027027,0,train,-1,organic,,,0
UPI_02564,7,14,2.0,0.5,131649.06,185855.14,0.7083422747762631,0.3603836296454369,0.10526315789473684,0.42857142857142855,0.05,0.5818954686847693,0.028024370261682818,0.02702702702702703,1.9974553565616309,1.6449081993385555,1.8501631027272272,0.10567514677103718,27,train,-1,organic,,,0
UPI_02565,4,3,0.75,0.75,3758602.44,2965544.38,0.7890018764213153,8.134417192569435,0.0,1.0,0.0,0.2902409005051743,0.030790210463420512,0.023255813953488372,0.1941149455051556,0.18118726892824774,6.143398719480369,0.3680672268907563,31,train,-1,organic,,,0
UPI_02566,3,10,3.3333333333333335,0.3,223028.86,136390.35,0.6115367886167925,0.35620209257407354,0.025974025974025976,0.2,0.08333333333333333,0.8656886104889652,0.02794560760926166,0.02702702702702703,2.384910714078093,2.1058693462998566,3.0836051712120454,0.1234676007005254,25,train,-1,organic,,,0
UPI_02567,1,8,8.0,0.125,221019.48,143828.32,0.6507495022624433,0.2435043235856035,0.0,0.0,0.0,1.0,0.02729526654585984,0.02564102564102564,2.819164381909528,1.6619770737104687,4.3337153757574685,0.12436224489795919,8,train,-1,organic,,,0
UPI_02568,3,8,2.6666666666666665,0.375,217208.31,149707.65,0.6892353651535832,0.31986175118070576,0.0,0.2222222222222222,0.2222222222222222,0.7959821373759832,0.03279995088684602,0.023809523809523808,2.3781158474518613,1.8207479270296012,4.667078096969583,0.11228070175438597,10,train,-1,organic,,,0
UPI_02569,2,5,2.5,0.4,257161.68,145942.76,0.5675136184120799,0.4097470164729528,0.05,0.0,0.16666666666666666,0.7156218319665442,0.02140797050457397,0.07407407407407407,1.8563971486050979,1.5171769798647528,4.500396736363525,0.10567514677103718,27,train,-1,organic,,,0
UPI_02570,2,6,3.0,0.3333333333333333,209615.59,73470.84,0.3505027335539121,0.289960695475053,0.0,0.0,0.14285714285714285,0.9570959616515722,0.012105066937237329,0.0625,1.8539059025353555,1.7419894564757787,2.285915802597346,0.11512415349887133,11,train,-1,organic,,,0
UPI_02571,3,5,1.6666666666666667,0.6,120532.17,177326.9,0.6797173129491431,0.5506474339572172,0.018518518518518517,0.42857142857142855,0.14285714285714285,0.4772795554429158,0.021992714476966123,0.07142857142857142,1.6449529725922152,1.1463127410985152,4.000352654545356,0.13090257023311416,5,train,-1,organic,,,0
UPI_02572,2,7,3.5,0.2857142857142857,55713.75,81348.21,0.6848798589248428,0.26426618771477134,0.013888888888888888,0.25,0.0,0.9748757751667152,0.022574969332423128,0.034482758620689655,1.5834029662224653,1.4193755161320059,3.222506305050426,0.11778115501519756,19,train,-1,organic,,,0
UPI_02573,3,8,2.6666666666666665,0.375,90772.86,88270.16,0.9724289774699153,0.2730781136852628,0.045454545454545456,0.0,0.0,0.8231084650884517,0.020061762794517823,0.038461538461538464,1.627091146222137,1.4490996382961243,2.363844750413165,0.1281767955801105,9,train,-1,organic,,,0
UPI_02574,2,5,2.5,0.4,236176.7,125052.95,0.5294889544990368,0.28745479000575364,0.0,0.0,0.16666666666666666,0.9819085694325065,0.014828713646359109,0.047619047619047616,1.9790936641899959,1.697600210442463,3.5003085727271865,0.10630407911001236,13,train,-1,organic,,,0
UPI_02575,3,6,2.0,0.5,308500.7,143409.09,0.46485824552190064,0.35201531153469723,0.029411764705882353,0.0,0.2857142857142857,0.7440230304005022,0.019974111742825502,0.07407407407407407,2.008099153381886,1.7591567043015661,3.857482916883022,0.11626248216833096,29,train,-1,organic,,,0
UPI_02576,4,7,1.75,0.5714285714285714,244013.09,111849.43,0.4583747111273266,0.7614022173099324,0.0,0.3333333333333333,0.2222222222222222,0.5121206358182081,0.02435243633006325,0.06060606060606061,1.75458245572192,1.5336727911204404,3.6669899333332427,0.12661498708010335,14,train,-1,organic,,,0
UPI_02577,4,4,1.0,1.0,275578.81,25596.59,0.09288299825384827,0.33417995365511827,0.05555555555555555,0.0,0.14285714285714285,0.9058956814308621,0.017132681694203036,0.08695652173913043,2.7807588828035756,2.261992759845034,3.286003966233685,0.145478374836173,30,train,-1,organic,,,0
UPI_02578,1,6,6.0,0.16666666666666666,79006.96,67988.54,0.8605386075949367,0.243732248474595,0.023809523809523808,0.0,0.0,1.0,0.018004785672031624,0.04,1.8351556788780463,1.4621838011117256,3.571743441558354,0.13090257023311416,5,train,-1,organic,,,0
UPI_02579,5,8,1.6,0.625,194700.0,259936.98,0.7490277075034837,0.6934096618715184,0.0,0.36363636363636365,0.18181818181818182,0.36965865845363166,0.029533455442299513,0.024390243902439025,1.4935673291485174,1.2908475453825714,3.7276013371899905,0.12260967379077616,20,train,20,stealth_cycle,20,stealth_cycle,1
UPI_02580,2,6,3.0,0.3333333333333333,230448.51,165530.01,0.7182950141647166,0.270185455305674,0.037037037037037035,0.0,0.14285714285714285,0.852844221391877,0.015618053648014283,0.05263157894736842,1.4685814952685738,1.3972442263678764,2.714525015584349,0.13169845594913715,24,train,-1,organic,,,0
UPI_02581,1,8,8.0,0.125,179015.78,144074.94,0.8048169832402234,0.24302917371621402,0.013888888888888888,0.0,0.0,1.0,0.02084379849078121,0.034482758620689655,2.1761246768557605,1.7595682008729374,3.222506305050426,0.12436224489795919,8,train,-1,organic,,,0
UPI_02582,1,4,4.0,0.25,121010.67,86570.68,0.7153971074380165,0.2435043235856035,0.0,0.0,0.0,1.0,0.016149901306158683,0.10526315789473684,1.6191292873371146,1.34105468297444,3.8003350218180882,0.12611377655928718,32,train,-1,organic,,,0
UPI_02583,1,5,5.0,0.2,235020.72,77690.14,0.33056719148936176,0.2429492733378004,0.0,0.0,0.0,1.0,0.009286747319096626,0.18181818181818182,1.5415777902123877,1.6321794194469845,1.8334949666666214,0.11512415349887133,11,train,-1,organic,,,0
UPI_02584,1,4,4.0,0.25,261023.01,68564.1,0.26267455938697315,0.24346976723146607,0.0,0.0,0.0,1.0,0.009455809412908056,0.08333333333333333,1.7029309672468589,1.5239415063438821,2.4002115927272136,0.11512415349887133,11,train,-1,organic,,,0
UPI_02585,3,5,1.6666666666666667,0.6,180754.49,71651.34,0.39640140985963374,0.41546355584747946,0.038461538461538464,0.0,0.3333333333333333,0.619426578893878,0.01845255239608167,0.038461538461538464,1.3885296212117701,1.3642893425895621,4.3337153757574685,0.12642986152919927,6,train,-1,organic,,,0
UPI_02586,1,6,6.0,0.16666666666666666,172015.16,92911.23,0.540133953488372,0.24330955140773808,0.0,0.0,0.0,1.0,0.01850517651471038,0.04,2.200846828866172,1.7671892042399584,3.571743441558354,0.11626248216833096,29,train,-1,organic,,,0
UPI_02587,1,4,4.0,0.25,55233.6,238226.84,0.23185296380642892,1.0439546584466912,0.0,0.75,0.0,1.0,0.021812804311586137,0.03225806451612903,0.7247077806283222,0.7981425393122312,6.200546614545302,0.12321792260692464,7,train,-1,organic,,,0
UPI_02588,3,8,2.6666666666666665,0.375,74733.36,112020.82,0.6671381384711171,0.3860521739069248,0.027777777777777776,0.0,0.1,0.6198744890259129,0.026678260182202634,0.05555555555555555,1.359823360869448,1.2668938246916583,3.6003173890908204,0.11778115501519756,19,train,-1,organic,,,0
UPI_02589,16,1,0.0625,0.0625,890732.8,50770.81,0.056998917694529014,1.5120659127074685,0.0,0.0,0.0,0.0796513487270194,0.033521314797011884,0.044444444444444446,0.49525069817661266,0.5147207361487653,2.647292197860897,0.11402027027027027,0,train,-1,organic,,,0
UPI_02590,2,7,3.5,0.2857142857142857,131378.2,109494.43,0.8334292227355776,0.2817125573415076,0.0,0.0,0.125,0.8051948605779855,0.020472306303352516,0.06896551724137931,1.2982632837573356,1.3946564578619969,3.625319593181729,0.12661498708010335,14,train,-1,organic,,,0
UPI_02591,0,70,70.0,0.0,0.0,11081245.29,0.0,0.24082620613995356,0.00020703933747412008,0.0,0.0,1.0,0.09951062181788027,0.0425531914893617,0.45452666160727384,0.46227634454297384,2.0144633010389112,0.12611377655928718,32,train,-1,organic,,,0
UPI_02592,32,5,0.15625,0.15625,756846.3,2340060.57,0.3234302180561433,3.5995655852070314,0.024774774774774775,0.26666666666666666,0.0,0.10247556112008496,0.11293017365254877,0.018633540372670808,2.290124505591819,2.13422461956589,4.351734982309476,0.110055423594616,17,train,-1,organic,,,0
UPI_02593,2,5,2.5,0.4,138636.32,31101.18,0.22433646097612175,0.2698366098676176,0.0,0.0,0.16666666666666666,0.8707881472639181,0.011834325084213903,0.07142857142857142,1.7785159256029017,1.5999597625493653,2.3335390484847913,0.12642986152919927,6,train,-1,organic,,,0
UPI_02594,4,2,0.5,0.5,3783480.91,1930211.9,0.51016826764536,6.134545725748546,0.03333333333333333,0.6666666666666666,0.0,0.33032909173088815,0.027180655861879826,0.05405405405405406,0.3044079158843391,0.29112267620686766,6.167210342424091,0.3680672268907563,31,train,-1,organic,,,0
UPI_02595,3,11,3.6666666666666665,0.2727272727272727,144763.11,159118.22,0.9097833941394001,0.40855855542568,0.0,0.3,0.16666666666666666,0.7795856662520092,0.0385272140067827,0.05555555555555555,2.114076815463501,1.9646320961666104,4.500396736363525,0.13090257023311416,5,train,-1,organic,,,0
UPI_02596,10,1,0.1,0.1,359705.8,44597.02,0.12398193597987556,0.9296699061126151,0.0,0.2727272727272727,0.0,0.13372076394655766,0.023312896251344774,0.06451612903225806,0.8565548357703425,0.6878169016183924,2.8184302793387737,0.13169845594913715,24,train,-1,organic,,,0
UPI_02597,4,6,1.5,0.6666666666666666,292766.08,157976.75,0.5396005817716845,0.5555024766187633,0.03488372093023256,0.2857142857142857,0.25,0.7563364957863635,0.024331070168328202,0.06666666666666667,2.047170475678973,1.8960538367154627,3.7503306136362715,0.11402027027027027,0,train,-1,organic,,,0
UPI_02598,1,4,4.0,0.25,85007.49,78315.96,0.9212830588235293,0.24318110251457678,0.0,0.0,0.0,1.0,0.009500915930996175,0.07692307692307693,1.1414015073720116,0.937475492351134,2.6002292254544814,0.1281767955801105,9,train,-1,organic,,,0
UPI_02599,2,5,2.5,0.4,293311.18,106442.35,0.3628990704342106,0.2734697575885449,0.0,0.0,0.16666666666666666,0.8890733619383615,0.013244591069308892,0.07142857142857142,1.6644826383073057,1.3681514077808508,2.3335390484847913,0.110055423594616,17,train,-1,organic,,,0
UPI_02600,1,6,6.0,0.16666666666666666,212018.69,60079.36,0.2833682075471698,0.2431153232862354,0.0,0.0,0.0,1.0,0.021706695143189337,0.034482758620689655,2.8338434784396838,2.074310069440805,4.143222392207691,0.110055423594616,17,train,-1,organic,,,0
UPI_02601,0,100,100.0,0.0,0.0,15267717.43,0.0,0.24082620613995356,0.0006060606060606061,0.0,0.0,1.0,0.14260688603784064,0.04455445544554455,0.5219204147925843,0.5768827658505983,2.020178090545405,0.12436224489795919,8,train,-1,organic,,,0
UPI_02602,2,6,3.0,0.3333333333333333,185064.27,203868.55,0.9077627348423536,0.2767520344571086,0.037037037037037035,0.2857142857142857,0.14285714285714285,0.7428051169095461,0.014732576454796455,0.16666666666666666,1.1782693370466364,1.1847603197046417,2.571655277922015,0.145478374836173,30,train,-1,organic,,,0
UPI_02603,3,6,2.0,0.5,214871.76,28955.23,0.13475587613883774,0.47944933958198066,0.0,0.2857142857142857,0.125,0.638873687121305,0.0223117971062625,0.06896551724137931,2.4571008430003847,2.0841191766914724,3.625319593181729,0.12661498708010335,14,train,-1,organic,,,0
UPI_02604,3,9,3.0,0.3333333333333333,132026.76,116777.5,0.8844987604450156,0.5644469648951144,0.015625,0.3,0.2,0.5108287346651634,0.02896284749530237,0.024390243902439025,1.5503232312389728,1.4469993262944592,4.1003614709089895,0.12167606768734891,26,train,-1,organic,,,0
UPI_02605,3,7,2.3333333333333335,0.42857142857142855,69481.68,103853.4,0.6690361449031743,0.32265401971762986,0.046511627906976744,0.0,0.25,0.79072107774617,0.018738655305766967,0.04,1.5510269828739345,1.4148472888546861,3.1252755113635593,0.10888252148997135,12,train,-1,organic,,,0
UPI_02606,5,7,1.4,0.7142857142857143,246468.37,127748.85,0.5183174337454955,0.5626305832444143,0.0,0.0,0.3333333333333333,0.9101840499991529,0.02041044431593424,0.07142857142857142,2.341350638094798,1.74133364379548,3.1113853979797215,0.13169845594913715,24,train,-1,organic,,,0
UPI_02607,139,0,0.0,0.0,910442.3,0.0,0.0,6.138868319571076,0.001094776352830779,0.0,0.0,0.03344431404585132,0.242098184263618,0.011560693641618497,1.7099969442265863,1.7089017128916728,2.489428090778225,0.1281767955801105,9,train,-1,organic,,,0
UPI_02608,1,3,3.0,0.3333333333333333,84193.16,354128.02,0.23774781359221547,0.9098649642793136,0.0,1.0,0.0,1.0,0.017247939530001633,0.041666666666666664,0.5153576593511687,0.6829833612407463,6.000528981818034,0.11778115501519756,19,train,-1,organic,,,0
UPI_02609,3,11,3.6666666666666665,0.2727272727272727,364994.21,260469.96,0.7136276614857716,0.33272161961365004,0.0,0.0,0.16666666666666666,0.8951384345355827,0.03127139543864055,0.045454545454545456,2.0636609003013,1.618113182450994,3.6669899333332427,0.13169845594913715,24,train,-1,organic,,,0
UPI_02610,2,5,2.5,0.4,130638.31,152268.71,0.8579458224407179,0.2974243437853441,0.0,0.0,0.0,0.9980606285418907,0.015340547367775135,0.05,1.3958974250288394,1.2925205841145144,2.857394753246683,0.1281767955801105,9,train,-1,organic,,,0
UPI_02611,2,8,4.0,0.25,259284.82,149723.71,0.5774488089189791,0.29724736490646786,0.011363636363636364,0.0,0.1111111111111111,0.7763295189026544,0.025919564551315537,0.027777777777777776,2.295886803411978,1.8232446220842813,4.000352654545356,0.11778115501519756,19,train,-1,organic,,,0
UPI_02612,2,7,3.5,0.2857142857142857,276618.09,116887.11,0.4225577444460954,0.2718042742223553,0.027777777777777776,0.0,0.0,0.9465987843598567,0.025800041894353743,0.05714285714285714,2.7333501511428593,2.0783956705950977,3.8892317474746516,0.11376146788990826,15,train,-1,organic,,,0
UPI_02613,5,5,1.0,1.0,73125.05,118958.47,0.6147107332129558,0.34639105203763937,0.03409090909090909,0.0,0.1111111111111111,0.42978946717428096,0.019394635946521088,0.07407407407407407,0.9214062248751976,0.9926796838328932,3.000264490909017,0.12611377655928718,32,train,-1,organic,,,0
UPI_02614,3,2,0.6666666666666666,0.6666666666666666,2977639.55,2802971.05,0.9413399455067339,5.002807086060098,0.05,1.0,0.0,0.39603781640902336,0.022014937542806822,0.03333333333333333,0.30056728485658957,0.2997649167177772,6.000528981818034,0.3680672268907563,31,train,-1,organic,,,0
UPI_02615,1,4,4.0,0.25,180131.92,142799.19,0.792747830787308,0.5568534178610239,0.0,0.0,0.0,1.0,0.020492720373297277,0.034482758620689655,0.6841724369970649,0.773311447571381,5.800511349090766,0.11626248216833096,29,train,-1,organic,,,0
UPI_02616,2,3,1.5,0.6666666666666666,179393.75,465673.77,0.38523482628110844,1.3616783347081656,0.0,0.8,0.0,0.723403742885265,0.03132709719029532,0.023255813953488372,0.633068516646214,0.49643984553254994,8.600758207272515,0.11402027027027027,0,train,-1,organic,,,0
UPI_02617,22,39,1.7727272727272727,0.5641025641025641,857642.05,1123809.29,0.7631562165555456,2.252053931157313,0.09841008771929824,0.8125,0.10909090909090909,0.259009373968548,0.06933077901417234,0.020202020202020204,2.5012816300179566,1.9759132807684472,1.8001586945454102,0.145478374836173,30,train,-1,organic,,,0
UPI_02618,1,5,5.0,0.2,218019.22,53686.34,0.24624591743119267,0.25696203561111375,0.0,0.0,0.0,1.0,0.015514241270349954,0.09090909090909091,2.496382126515867,2.028531456791516,3.6669899333332427,0.12642986152919927,6,train,-1,organic,,,0
UPI_02619,43,5,0.11627906976744186,0.11627906976744186,559196.59,1816970.54,0.30776315586399455,2.592044323714395,0.007978723404255319,0.35135135135135137,0.0,0.051314322219618715,0.1589177104959586,0.013215859030837005,2.90992897504909,3.0857479600458717,4.729583607196854,0.12661498708010335,14,train,-1,organic,,,0
UPI_02620,3,3,1.0,1.0,3322789.93,3110899.66,0.9362312172554822,5.6377877552057605,0.1,1.0,0.0,0.44995955269378973,0.024662312267934493,0.02857142857142857,0.3736930484684488,0.40278706486623794,5.833847621211977,0.3680672268907563,31,train,-1,organic,,,0
UPI_02621,133,1,0.007518796992481203,0.007518796992481203,1560479.55,1229.73,0.0007880451950667891,5.880524033973489,0.00039277297721916735,0.0,0.0,0.08281072016080757,0.22611429544823444,0.015479876160990712,2.200678802652865,1.9088981601355541,2.410660275033862,0.10888252148997135,12,train,-1,organic,,,0
UPI_02622,16,0,0.0,0.0,781968.94,0.0,0.0,1.0957782804042582,0.0,0.0,0.0,0.08398637605286285,0.02782383510180348,0.05263157894736842,0.49197963814641693,0.534642482021745,2.3752093886363053,0.11778115501519756,19,train,-1,organic,,,0
UPI_02623,6,5,0.8333333333333334,0.8333333333333334,642062.42,81923.97,0.12759502709804094,0.38348836566418903,0.07407407407407407,0.3333333333333333,0.1,0.450333578848081,0.015620134849698557,0.047619047619047616,2.394254809976301,2.0083659329386814,2.100185143636312,0.12167606768734891,26,train,-1,organic,,,0
UPI_02624,4,6,1.5,0.6666666666666666,93888.18,48428.29,0.5158081761910697,0.30096230710042987,0.022222222222222223,0.0,0.0,0.9196670600910041,0.01228239144583616,0.058823529411764705,1.6590128664978492,1.8622813740890358,1.7001498781817763,0.12167606768734891,26,train,-1,organic,,,0
UPI_02625,2,6,3.0,0.3333333333333333,132942.19,163532.41,0.8129409491885267,0.29366490298422826,0.0,0.0,0.14285714285714285,0.8243789893123205,0.01945184617432016,0.07407407407407407,1.4928412845518435,1.238967686011239,3.857482916883022,0.11402027027027027,0,train,-1,organic,,,0
UPI_02626,2,3,1.5,0.6666666666666666,401573.21,48854.41,0.1216575345669191,0.37849077864943437,0.0,0.4,0.0,0.7119995315684899,0.014111489276976644,0.05,1.6596773914581897,1.5603665454102849,4.000352654545356,0.10630407911001236,13,train,-1,organic,,,0
UPI_02627,4,9,2.25,0.4444444444444444,205140.76,129706.29,0.6322794729476039,0.3455018093044134,0.013157894736842105,0.0,0.18181818181818182,0.5088920478313106,0.034122699742829395,0.02127659574468085,1.9410322728528364,1.8160450021835057,4.273103971900721,0.12436224489795919,8,train,-1,organic,,,0
UPI_02628,2,2,1.0,1.0,159375.96,241100.11,0.6610364343020372,1.0575136802825733,0.0,1.0,0.0,0.5057244500660312,0.023551553881232704,0.0625,0.6107127612152307,0.4885392250107247,8.000705309090712,0.12642986152919927,6,train,-1,organic,,,0
UPI_02629,1,4,4.0,0.25,137012.08,80744.44,0.589323503649635,0.24328858614406598,0.0,0.0,0.0,1.0,0.0120868074511139,0.06666666666666667,1.5552423980768815,1.369123894389919,3.000264490909017,0.1234676007005254,25,train,-1,organic,,,0
UPI_02630,1,6,6.0,0.16666666666666666,38003.35,50020.8,0.7597509536373978,0.24499596870931775,0.023809523809523808,0.0,0.0,1.0,0.021815832759826063,0.03333333333333333,1.6342794079575658,1.3946138075012586,4.286092129870024,0.110055423594616,17,train,-1,organic,,,0
UPI_02631,1,4,4.0,0.25,156013.75,19252.87,0.12340493589743588,0.24393038772468417,0.0,0.0,0.0,1.0,0.00902780186816985,0.08333333333333333,1.9427158861439167,1.7698917695850491,2.4002115927272136,0.12321792260692464,7,train,-1,organic,,,0
UPI_02632,1,4,4.0,0.25,134011.81,67912.27,0.5067632835820896,0.24306528793877566,0.0,0.0,0.0,1.0,0.011235817288667987,0.14285714285714285,1.5529443757158403,1.398433376416051,2.8002468581817492,0.12167606768734891,26,train,-1,organic,,,0
UPI_02633,1,3,3.0,0.3333333333333333,66005.82,11027.23,0.16706454545454547,0.2419457470393646,0.0,0.0,0.0,1.0,0.009021114419471796,0.1111111111111111,2.3783603927560057,1.578870938479905,2.2501983681817626,0.12547528517110265,28,train,-1,organic,,,0
UPI_02634,39,6,0.15384615384615385,0.15384615384615385,595960.61,1499500.59,0.3974393951479835,5.046489616079281,0.012133468149646108,0.29411764705882354,0.022727272727272728,0.050405295886550336,0.1584187283039329,0.013215859030837005,3.0832684533978973,2.634997787613595,5.159545753305658,0.11228070175438597,10,train,-1,organic,,,0
UPI_02635,4,7,1.75,0.5714285714285714,107608.86,43721.79,0.40630293653206334,0.3483328588373178,0.0,0.0,0.1,0.9170996812003948,0.025099058231660618,0.029411764705882353,2.6812663075108136,2.150153458277899,3.4002997563635526,0.145478374836173,30,train,-1,organic,,,0
UPI_02636,2,8,4.0,0.25,243515.72,102998.07,0.4229627188321696,0.3386918052145635,0.0,0.0,0.1111111111111111,0.7568100808363543,0.023148856304253913,0.030303030303030304,2.332401919019726,1.823880227923911,3.6669899333332427,0.12661498708010335,14,train,-1,organic,,,0
UPI_02637,6,9,1.5,0.6666666666666666,160949.61,91952.24,0.5713107158138339,0.6565467540027129,0.025,0.3,0.5,0.45370177458446603,0.036387703705440734,0.02,1.9636243631801178,1.598560531348358,5.000440818181695,0.12436224489795919,8,train,-1,organic,,,0
UPI_02638,2,5,2.5,0.4,296484.7,56341.25,0.19003087649079858,0.9974740741157516,0.0,0.2857142857142857,0.0,0.5084144949231977,0.014055233554059065,0.05,1.0176160075014713,1.2897738447032865,2.857394753246683,0.11764705882352941,18,train,-1,organic,,,0
UPI_02639,1,5,5.0,0.2,194017.1,99134.05,0.510955206185567,0.243419573033526,0.0,0.0,0.0,1.0,0.014835047930868678,0.10526315789473684,1.8840113418633084,1.4939806007626066,3.1669458515150732,0.12814645308924486,4,train,-1,organic,,,0
UPI_02640,3,7,2.3333333333333335,0.42857142857142855,241183.36,244852.59,0.9850145610645711,0.6175525516017276,0.0,0.5714285714285714,0.25,0.7869222169135012,0.026299194157453534,0.029411764705882353,1.8153706525989297,1.2777372569016385,4.250374695454441,0.145478374836173,30,train,-1,organic,,,0
UPI_02641,4,5,1.25,0.8,326163.14,171265.49,0.5250914814595297,0.6758888890270299,0.0,0.2857142857142857,0.2857142857142857,0.4030445556281739,0.02838926412661612,0.02631578947368421,1.4792568987190353,1.2788445310917138,5.429050031168698,0.12661498708010335,14,train,-1,organic,,,0
UPI_02642,1,5,5.0,0.2,193017.02,105969.79,0.5490178756476684,0.24306528793877566,0.0,0.0,0.0,1.0,0.008617393599670276,0.09090909090909091,1.254689736006977,1.3348329496562379,1.8334949666666214,0.11764705882352941,18,train,-1,organic,,,0
UPI_02643,2,6,3.0,0.3333333333333333,437402.06,78764.2,0.1800727769921358,0.3766722021328785,0.018518518518518517,0.0,0.14285714285714285,0.8927663374494488,0.020835981424811603,0.07692307692307693,2.1719419653064085,1.8887450373177828,3.714613179220688,0.145478374836173,30,train,-1,organic,,,0
UPI_02644,1,4,4.0,0.25,197017.37,103815.58,0.5269361928934011,0.24300263629185762,0.0,0.0,0.0,1.0,0.009991393986799794,0.08333333333333333,1.3615065555072088,1.2928832792949634,2.4002115927272136,0.12013536379018612,23,train,-1,organic,,,0
UPI_02645,2,6,3.0,0.3333333333333333,265575.55,139723.36,0.5261152856836326,0.2892787912607702,0.0,0.375,0.0,0.5276506607442119,0.019483088799188284,0.07407407407407407,1.3727066678680135,1.3242986960398135,3.3752975522726443,0.13169845594913715,24,train,25,stealth_cycle,25,stealth_cycle,1
UPI_02646,2,8,4.0,0.25,80978.67,64355.39,0.7947203171287489,0.30497528271073376,0.03409090909090909,0.25,0.1111111111111111,0.8029555011275105,0.024235126164658748,0.0625,1.9074350570887801,1.7494421587707083,3.5558690262625383,0.12642986152919927,6,train,-1,organic,,,0
UPI_02647,2,9,4.5,0.2222222222222222,474757.75,243035.19,0.511914115368792,0.2873880437871786,0.00909090909090909,0.25,0.0,0.5052655520335672,0.02069643093616856,0.034482758620689655,1.525457720259745,1.4044313392807186,2.63659606776853,0.11778115501519756,19,train,31,stealth_cycle,31,stealth_cycle,1
UPI_02648,3,7,2.3333333333333335,0.42857142857142855,75682.66,110179.92,0.6869006603509242,0.30214972992293965,0.023255813953488372,0.2857142857142857,0.25,0.39134566997539066,0.020883631122024647,0.037037037037037035,0.99624313590682,1.1713271317426142,3.3752975522726443,0.110055423594616,17,train,-1,organic,,,0
UPI_02649,2,5,2.5,0.4,59155.79,42153.82,0.7125898004719481,0.2608026377264965,0.0,0.0,0.16666666666666666,0.5621212156043284,0.012819524554835725,0.058823529411764705,1.0060363669944845,1.0633701871964911,2.833583130302961,0.13686313686313686,22,train,-1,organic,,,0
UPI_02650,2,5,2.5,0.4,101115.82,238765.85,0.4234936635269124,0.4322141887928387,0.0,0.0,0.16666666666666666,0.9040825206285645,0.01844067192641548,0.13043478260869565,1.628654575296069,1.2788032193601,3.8336712939393,0.11402027027027027,0,train,-1,organic,,,0
UPI_02651,1,4,4.0,0.25,134011.81,93993.28,0.7013805223880596,0.2435397953398505,0.0,0.0,0.0,1.0,0.011787573196531998,0.0625,1.4636354201166826,1.2752686720372475,3.200282123636285,0.12661498708010335,14,train,-1,organic,,,0
UPI_02652,2,4,2.0,0.5,166882.57,45874.68,0.27489200137162423,0.2628743887677428,0.0,0.0,0.2,0.7634774134003338,0.012100403094678091,0.0625,1.68249953374748,1.565479351807307,3.200282123636285,0.12260967379077616,20,train,-1,organic,,,0
UPI_02653,5,6,1.2,0.8333333333333334,207297.86,51776.62,0.24976921268514674,0.3505274873007443,0.02830188679245283,0.0,0.2222222222222222,0.4579778700048244,0.021475963097136747,0.038461538461538464,1.8847793689239691,1.4476627922287113,2.8891435838383126,0.12661498708010335,14,train,-1,organic,,,0
UPI_02654,2,6,3.0,0.3333333333333333,217003.97,56863.65,0.26203968904002695,0.30719959287816617,0.0,0.0,0.14285714285714285,0.7295278886179981,0.024815046440482113,0.06060606060606061,2.5536814730321975,2.0764482575753997,4.714701342857027,0.11228070175438597,10,train,-1,organic,,,0
UPI_02655,1,6,6.0,0.16666666666666666,147012.96,49977.49,0.33995292517006803,0.2431153232862354,0.023809523809523808,0.0,0.0,1.0,0.014848379484983958,0.05,2.192256398241762,1.8600176710362577,2.857394753246683,0.11376146788990826,15,train,-1,organic,,,0
UPI_02656,4,5,1.25,0.8,225496.56,311910.1,0.7229537011683242,2.210833012033825,0.013888888888888888,0.4,0.0,0.3362224591351981,0.035938221492583244,0.0392156862745098,1.4657386959660128,1.3145509458436182,5.667166260605922,0.12395709177592372,21,train,-1,organic,,,0
UPI_02657,2,9,4.5,0.2222222222222222,429217.16,115337.46,0.2687158598415227,0.2809662403370573,0.0,0.0,0.1,0.887493016855696,0.024642730736692823,0.058823529411764705,2.3513375572455883,2.1926216729524532,3.4002997563635526,0.12260967379077616,20,train,-1,organic,,,0
UPI_02658,1,7,7.0,0.14285714285714285,238020.98,112309.8,0.47184831932773114,0.24322241648606138,0.03571428571428571,0.0,0.0,1.0,0.01970217302759883,0.038461538461538464,2.3769228004901435,1.772689433309148,3.2502865318181016,0.11764705882352941,18,train,-1,organic,,,0
UPI_02659,4,9,2.25,0.4444444444444444,158641.5,89358.86,0.5632754369024641,0.6549597751555619,0.0,0.2,0.18181818181818182,0.7949519598676563,0.02499122550722081,0.029411764705882353,2.2135028421217493,1.9399792274012988,3.0911815966941387,0.12260967379077616,20,train,-1,organic,,,0
UPI_02660,2,4,2.0,0.5,206242.13,22120.63,0.10725563155976789,0.2738429098068363,0.0,0.0,0.2,0.905761886889868,0.011651596549228644,0.06666666666666667,2.1345415465381006,1.7834584500051966,3.000264490909017,0.11512415349887133,11,train,-1,organic,,,0
UPI_02661,3,9,3.0,0.3333333333333333,56424.74,148356.31,0.3803326245491621,0.29701340637393764,0.007692307692307693,0.0,0.09090909090909091,0.5979247487080861,0.03392616715438947,0.043478260869565216,1.4312316340854867,1.6646294712046148,4.182186866115599,0.13686313686313686,22,train,-1,organic,,,0
UPI_02662,2,7,3.5,0.2857142857142857,73497.17,94410.12,0.7784882279787039,0.304803652869777,0.05714285714285714,0.5,0.125,0.5469061425539216,0.024399715177181005,0.058823529411764705,1.2027563214713455,1.2749472159675994,4.250374695454441,0.10567514677103718,27,train,-1,organic,,,0
UPI_02663,1,7,7.0,0.14285714285714285,41003.61,27265.08,0.6649434146341463,0.24328858614406598,0.017857142857142856,0.0,0.0,1.0,0.018540821501014198,0.07692307692307693,2.0537638467981996,1.6489570110037088,3.2502865318181016,0.145478374836173,30,train,-1,organic,,,0
UPI_02664,3,7,2.3333333333333335,0.42857142857142855,105809.1,119348.97,0.8865522386121152,1.3513088756928153,0.022727272727272728,0.5,0.1111111111111111,0.4171356693309406,0.02746273974229559,0.02702702702702703,1.1993189147398449,1.1772178514336333,4.11147356161606,0.12436224489795919,8,train,-1,organic,,,0
UPI_02665,2,6,3.0,0.3333333333333333,159636.54,64014.48,0.40100143795544574,0.26612154354053763,0.0,0.0,0.14285714285714285,0.9090544918712691,0.011802073974088329,0.06666666666666667,1.6577521360590255,1.6659471603858231,2.143046064935012,0.145478374836173,30,train,-1,organic,,,0
UPI_02666,3,10,3.3333333333333335,0.3,98071.24,165329.07,0.5931880748512683,0.3049551527644873,0.05921052631578947,0.0,0.18181818181818182,0.6680107719369686,0.01982458101196736,0.037037037037037035,1.5942074319660509,1.5007993716462098,2.454761856198287,0.13169845594913715,24,train,-1,organic,,,0
UPI_02667,2,6,3.0,0.3333333333333333,119299.84,47752.78,0.4002753138336274,0.2717573508340551,0.0,0.0,0.14285714285714285,0.9306712838825539,0.01433614045877862,0.05555555555555555,1.8523462169380083,1.699115543284942,2.571655277922015,0.11778115501519756,19,train,-1,organic,,,0
UPI_02668,1,6,6.0,0.16666666666666666,200017.63,169148.84,0.8456696499999999,0.24579742636011256,0.0,0.0,0.0,1.0,0.016075682364002163,0.09090909090909091,1.6075315403246724,1.4941267934417028,3.143134228571351,0.13090257023311416,5,train,-1,organic,,,0
UPI_02669,1,0,0.0,0.0,341794.01,0.0,0.0,0.612673488782088,0.0,0.0,0.0,1.0,0.0045003740935965295,0.25,0.21802309059445457,1.0,4.000352654545356,0.11778115501519756,19,train,-1,organic,,,0
UPI_02670,1,6,6.0,0.16666666666666666,112009.87,130373.1,0.8591486404624799,0.24499596870931775,0.0,0.0,0.0,1.0,0.020102542911849354,0.07142857142857142,1.717370005322847,1.4832985304341737,4.000352654545356,0.12814645308924486,4,train,-1,organic,,,0
UPI_02671,3,9,3.0,0.3333333333333333,133081.46,282586.74,0.47094021864170393,0.32763830606802374,0.007692307692307693,0.2222222222222222,0.09090909090909091,0.6793312316239063,0.025110221357679305,0.058823529411764705,1.7018204220165305,1.2462235293845183,3.0911815966941387,0.12661498708010335,14,train,37,stealth_cycle,37,stealth_cycle,1
UPI_02672,1,5,5.0,0.2,241021.25,136329.92,0.565634439834025,0.2431153232862354,0.0,0.0,0.0,1.0,0.015203050745516266,0.05263157894736842,1.7951011927411133,1.5273317020533357,3.1669458515150732,0.12642986152919927,6,train,-1,organic,,,0
UPI_02673,2,8,4.0,0.25,196449.86,124898.21,0.6357765368202233,0.34846231545738016,0.022727272727272728,0.0,0.1111111111111111,0.863850111913135,0.023118966543274697,0.030303030303030304,2.2493190148013347,1.743340362454117,3.6669899333332427,0.12661498708010335,14,train,-1,organic,,,0
UPI_02674,2,2,1.0,1.0,305610.67,257848.29,0.843714945164129,1.929008677516515,0.0,0.75,0.0,0.6265443927238079,0.027552875640055517,0.02631578947368421,0.5458975475923686,0.43955644026065543,9.500837554545221,0.11764705882352941,18,train,-1,organic,,,0
UPI_02675,2,7,3.5,0.2857142857142857,142890.52,195848.11,0.7295986679115507,0.27723940740773273,0.0,0.0,0.125,0.9275536027404785,0.01279665446941976,0.058823529411764705,1.6460708447623755,1.479799552878894,2.1251873477272203,0.11626248216833096,29,train,-1,organic,,,0
UPI_02676,1,5,5.0,0.2,261023.01,219503.91,0.8409370114942528,0.24499596870931775,0.0,0.0,0.0,1.0,0.013395152236525314,0.05555555555555555,1.4792492879286374,1.3557765870228122,3.000264490909017,0.10888252148997135,12,train,-1,organic,,,0
UPI_02677,2,6,3.0,0.3333333333333333,250775.89,127648.72,0.5090151382762804,0.293979815818388,0.0,0.0,0.14285714285714285,0.9940059599913316,0.016638578561191525,0.045454545454545456,2.0527019251708,1.608595174841322,3.143134228571351,0.12436224489795919,8,train,-1,organic,,,0
UPI_02678,1,7,7.0,0.14285714285714285,50004.41,27047.11,0.5408946,0.24393038772468417,0.0,0.0,0.0,1.0,0.019653221427554574,0.038461538461538464,2.1628716136580777,1.9150337208564372,3.2502865318181016,0.1407942238267148,2,train,-1,organic,,,0
UPI_02679,1,4,4.0,0.25,111009.79,62649.66,0.5643616216216216,0.24306528793877566,0.0,0.0,0.0,1.0,0.011200313608781046,0.21428571428571427,1.5141419486708352,1.384509360142729,2.8002468581817492,0.110055423594616,17,train,-1,organic,,,0
UPI_02680,3,5,1.6666666666666667,0.6,118515.77,60069.01,0.5068439965395647,0.32055055991901643,0.0,0.0,0.3333333333333333,0.6392851043485288,0.019592057597539486,0.03571428571428571,1.7668662848388912,1.651899234464956,4.667078096969583,0.11512415349887133,11,train,-1,organic,,,0
UPI_02681,2,5,2.5,0.4,82112.98,36700.73,0.44695401320297456,0.3015569919558571,0.0,0.0,0.16666666666666666,0.7841343334055266,0.014558054499056066,0.05263157894736842,1.6702851862954766,1.516617243754247,3.1669458515150732,0.12642986152919927,6,train,-1,organic,,,0
UPI_02682,4,6,1.5,0.6666666666666666,305538.63,173814.67,0.5688795410741894,0.3618286834658739,0.045454545454545456,0.0,0.1111111111111111,0.815341204464777,0.021737050430885935,0.038461538461538464,1.9666597364008067,1.6522620195220368,2.8891435838383126,0.12167606768734891,26,train,-1,organic,,,0
UPI_02683,162,0,0.0,0.0,2501818.08,0.0,0.0,6.8367741489970255,0.0009585154512690745,0.0,0.0,0.18380403400693343,0.27123709982915634,0.010309278350515464,4.359240351136947,4.419073329843166,2.3952728857462935,0.11778115501519756,19,train,-1,organic,,,0
UPI_02684,2,9,4.5,0.2222222222222222,252376.31,224569.33,0.8898193672810336,0.2786989422585129,0.0,0.0,0.1,0.8787876160424433,0.03658624070398622,0.0392156862745098,2.65848456909346,1.8602719943010273,5.1004496345453285,0.11402027027027027,0,train,-1,organic,,,0
UPI_02685,3,6,2.0,0.5,281026.75,144713.47,0.5149455174657488,0.5404187250794411,0.0,0.0,0.125,0.9928876044967353,0.01606645670728924,0.045454545454545456,2.056777284714159,2.052195524740977,2.7502424499999325,0.12642986152919927,6,train,-1,organic,,,0
UPI_02686,1,7,7.0,0.14285714285714285,190016.75,153780.71,0.8093007894736843,0.2435397953398505,0.0,0.0,0.0,1.0,0.022109219544550075,0.10344827586206896,2.0126310680316224,1.6263678573242806,3.625319593181729,0.13169845594913715,24,train,-1,organic,,,0
UPI_02687,8,4,0.5,0.5,6605163.82,3181568.97,0.48167904063759953,8.459429933850023,0.015151515151515152,1.0,0.0,0.1584944827721293,0.04161142225569382,0.034482758620689655,0.3429298370223644,0.5206620503341053,4.833759457575638,0.3680672268907563,31,train,-1,organic,,,0
UPI_02688,4,11,2.75,0.36363636363636365,286888.59,266694.17,0.9296088415632117,0.398407887509833,0.0,0.5,0.25,0.8075971393428345,0.04142713758373684,0.05084745762711865,2.4889338198174937,1.951038712127982,4.917100137878667,0.11512415349887133,11,train,-1,organic,,,0
UPI_02689,4,5,1.25,0.8,292053.62,61427.81,0.21033057563992094,0.334830837823877,0.014705882352941176,0.0,0.2857142857142857,0.8507815307866284,0.018348997940834676,0.041666666666666664,2.4565087402210124,2.0803536897867434,3.428873703896019,0.12013536379018612,23,train,-1,organic,,,0
UPI_02690,21,2,0.09523809523809523,0.09523809523809523,964784.83,129738.12,0.13447362867647797,1.0803116434043072,0.0,0.0,0.0,0.06624437976058609,0.03741877155428124,0.05660377358490566,0.6548083666422405,0.764438648937748,2.3045509857706943,0.12167606768734891,26,train,-1,organic,,,0
UPI_02691,3,5,1.6666666666666667,0.6,147920.79,70653.99,0.47764745255066077,0.9263780380325837,0.0,0.0,0.14285714285714285,0.5325658279148037,0.023306538661192377,0.030303030303030304,1.3042076806387901,1.1362124597493661,4.714701342857027,0.11626248216833096,29,train,-1,organic,,,0
UPI_02692,4,6,1.5,0.6666666666666666,190304.44,117947.64,0.619783962869689,0.46841351772246415,0.03409090909090909,0.0,0.1111111111111111,0.7548648993550319,0.022019882993157453,0.07142857142857142,1.8389540883047266,1.7028069368447898,3.1113853979797215,0.12661498708010335,14,train,-1,organic,,,0
UPI_02693,1,5,5.0,0.2,158013.93,49427.02,0.31280164556962026,0.24328858614406598,0.0,0.0,0.0,1.0,0.010325489546517406,0.08333333333333333,1.6170692803917295,1.5889593889945628,2.000176327272678,0.12260967379077616,20,train,-1,organic,,,0
UPI_02694,2,6,3.0,0.3333333333333333,74978.16,88220.54,0.8498946184202829,0.2570327888450165,0.0,0.0,0.0,0.9744180354973495,0.019553588471452537,0.07142857142857142,1.7069269689539879,1.5441555308278523,3.5003085727271865,0.12013536379018612,23,train,-1,organic,,,0
UPI_02695,35,4,0.11428571428571428,0.11428571428571428,462888.89,1144148.82,0.4045705216763815,3.1800251082022792,0.005398110661268556,0.125,0.0,0.07120340401721717,0.15822204258299838,0.017857142857142856,3.583169195304908,2.7751396173652267,5.744096119347178,0.11764705882352941,18,train,-1,organic,,,0
UPI_02696,3,4,1.3333333333333333,0.75,293207.66,65336.7,0.2228342201721178,0.6438771388847988,0.0,0.0,0.0,0.34687860822949634,0.017067297103122624,0.08333333333333333,1.0354719553416234,1.1413127433357684,3.428873703896019,0.11778115501519756,19,train,-1,organic,,,0
UPI_02697,2,6,3.0,0.3333333333333333,187386.06,72042.38,0.3844596619066258,0.2898678870582488,0.037037037037037035,0.4,0.14285714285714285,0.9646800196095646,0.018850445383662068,0.08,2.3562535055919014,1.7317915771770778,3.571743441558354,0.12611377655928718,32,train,-1,organic,,,0
UPI_02698,1,6,6.0,0.16666666666666666,130011.46,59875.02,0.46053646153846156,0.2435397953398505,0.0,0.0,0.0,1.0,0.024451668157751464,0.0625,2.6356171141386397,1.8744764166625243,4.571831605194692,0.1407942238267148,2,train,-1,organic,,,0
UPI_02699,3,9,3.0,0.3333333333333333,126106.44,233912.76,0.5391173897506775,0.5354350375588718,0.0,0.3333333333333333,0.2,0.5711798393330718,0.03403625303499981,0.0425531914893617,1.8172618399652407,1.3629993349976237,4.700414369090794,0.11512415349887133,11,train,-1,organic,,,0
UPI_02700,3,3,1.0,1.0,2694218.25,1869544.42,0.6939097901642756,3.4139045392266345,0.03333333333333333,1.0,0.0,0.3581879019628518,0.018189189396753513,0.04,0.5674822039976812,0.5001560093361302,4.167034015151413,0.3680672268907563,31,train,-1,organic,,,0
UPI_02701,2,5,2.5,0.4,192798.69,70476.22,0.36554306583783963,0.25238574398667657,0.05,0.0,0.16666666666666666,0.9715579589056855,0.015898033545734006,0.1,2.116531663051471,1.6544675568430458,3.3336272121211303,0.11402027027027027,0,train,-1,organic,,,0
UPI_02702,3,7,2.3333333333333335,0.42857142857142855,118649.44,119901.45,0.9895580047456486,0.3780093009753342,0.0,0.5,0.25,0.7404176409269843,0.028671140426467286,0.05,2.001842671317326,1.5100283649554536,5.000440818181695,0.12395709177592372,21,train,-1,organic,,,0
UPI_02703,14,0,0.0,0.0,594910.36,0.0,0.0,1.1220035010879397,0.0,0.0,0.0,0.09568705284292033,0.02391807077459672,0.058823529411764705,0.5895191642433684,0.5254215383469617,2.42878554025968,0.11402027027027027,0,train,-1,organic,,,0
UPI_02704,6,7,1.1666666666666667,0.8571428571428571,277498.0,174643.99,0.6293522258014224,0.8159415273779977,0.07142857142857142,0.0,0.08333333333333333,0.8994697719653202,0.020999763752657784,0.038461538461538464,2.0821802657795847,1.941421567508687,2.1668576878787342,0.12167606768734891,26,train,-1,organic,,,0
UPI_02705,1,4,4.0,0.25,60005.29,60720.98,0.9882134139100591,0.25696203561111375,0.0,0.5,0.0,1.0,0.008361844901713482,0.18181818181818182,1.2078222963810308,0.9843812639735412,2.200193959999946,0.13090257023311416,5,train,-1,organic,,,0
UPI_02706,1,4,4.0,0.25,56004.94,45953.08,0.8205183928571428,0.24322241648606138,0.0,0.0,0.0,1.0,0.013035282405772411,0.06666666666666667,1.2610487691066457,1.1941939337015555,3.000264490909017,0.12167606768734891,26,train,-1,organic,,,0
UPI_02707,1,4,4.0,0.25,187016.49,17595.41,0.0940848128342246,0.2435043235856035,0.05,0.0,0.0,1.0,0.009884954339114764,0.07692307692307693,2.109720995846105,1.8615320604219021,2.6002292254544814,0.145478374836173,30,train,-1,organic,,,0
UPI_02708,1,3,3.0,0.3333333333333333,158651.24,290423.1,0.5462762248297592,0.9636418132160172,0.0,1.0,0.0,1.0,0.024506461929066994,0.030303030303030304,0.5643645465966843,0.49019803635716547,8.250727349999798,0.12321792260692464,7,train,-1,organic,,,0
UPI_02709,3,4,1.3333333333333333,0.75,140022.38,38821.7,0.277253545531449,0.3316969919583548,0.0,0.0,0.16666666666666666,0.5010664738603562,0.015515305309962398,0.05,1.4038309852576587,1.454831615314525,3.3336272121211303,0.13090257023311416,5,train,-1,organic,,,0
UPI_02710,25,4,0.16,0.16,1352915.59,122699.4,0.09069257373497289,3.013787564740311,0.0,0.07692307692307693,0.0,0.05818554782234801,0.05604672116950825,0.025,0.6533498804277021,0.6116363728233128,2.7588638996864527,0.12321792260692464,7,train,-1,organic,,,0
UPI_02711,1,4,4.0,0.25,114010.05,60218.02,0.5281816666666667,0.24393038772468417,0.0,0.0,0.0,1.0,0.009149632712139635,0.08333333333333333,1.345873867560936,1.3139449541559602,2.4002115927272136,0.11376146788990826,15,train,-1,organic,,,0
UPI_02712,3,9,3.0,0.3333333333333333,192005.07,93281.19,0.48582672867188564,0.29717604989927143,0.015625,0.0,0.2,0.9794499128269247,0.027410739387123982,0.05128205128205128,2.9027998435806674,2.0405168899303576,3.900343838181722,0.11402027027027027,0,train,-1,organic,,,0
UPI_02713,2,5,2.5,0.4,191820.08,151147.59,0.7879654439496491,0.3568906688731345,0.0,0.0,0.0,0.9030034346138001,0.017231907313225815,0.045454545454545456,1.6574999559739663,1.4990267907853565,3.143134228571351,0.12321792260692464,7,train,-1,organic,,,0
UPI_02714,3,8,2.6666666666666665,0.375,268716.46,86059.82,0.3202625437223338,0.3643360037546152,0.009433962264150943,0.0,0.2222222222222222,0.8295518627192212,0.02534508724792052,0.027777777777777776,2.8442463038856256,2.0983203261491714,4.000352654545356,0.110055423594616,17,train,-1,organic,,,0
UPI_02715,4,6,1.5,0.6666666666666666,184228.59,63744.28,0.34600644310764184,0.40084155063210153,0.023809523809523808,0.0,0.42857142857142855,0.7211771953372165,0.01925410546257988,0.037037037037037035,2.131845559961257,1.926496397667398,3.857482916883022,0.11228070175438597,10,train,-1,organic,,,0
UPI_02716,2,6,3.0,0.3333333333333333,198395.63,88874.81,0.44796760368859184,0.28526790617733166,0.0,0.0,0.14285714285714285,0.8569798373019271,0.013541905426341814,0.06666666666666667,1.5449755293279928,1.3686427007777526,2.143046064935012,0.11512415349887133,11,train,-1,organic,,,0
UPI_02717,1,5,5.0,0.2,246021.69,33541.65,0.13633613821138213,0.2431947146323492,0.0,0.0,0.0,1.0,0.013293657991106716,0.058823529411764705,2.3683702419192207,2.0560226918347486,2.833583130302961,0.11764705882352941,18,train,-1,organic,,,0
UPI_02718,1,5,5.0,0.2,108009.52,61766.0,0.5718569444444445,0.24302917371621402,0.06666666666666667,0.0,0.0,1.0,0.010604982849386069,0.06666666666666667,1.5441218896599542,1.381498110008908,2.5002204090908475,0.10888252148997135,12,train,-1,organic,,,0
UPI_02719,1,4,4.0,0.25,139012.25,54095.16,0.3891394964028777,0.24300263629185762,0.0,0.0,0.0,1.0,0.008103538667999248,0.09090909090909091,1.4355865359086606,1.3945404229618186,2.200193959999946,0.12436224489795919,8,train,-1,organic,,,0
UPI_02720,3,7,2.3333333333333335,0.42857142857142855,208928.61,126680.27,0.6063327978400671,0.30542974100720743,0.0,0.0,0.25,0.8067742064788315,0.020210786862905367,0.07407407407407407,1.9123088351617916,1.5967101812614912,3.3752975522726443,0.1234676007005254,25,train,-1,organic,,,0
UPI_02721,4,9,2.25,0.4444444444444444,239680.27,155589.74,0.6491553795945358,1.6520182764441855,0.019736842105263157,0.5454545454545454,0.18181818181818182,0.7754300018574743,0.029058340268321485,0.025,2.3236598969101405,1.865604619898394,3.636684231404869,0.1234676007005254,25,train,-1,organic,,,0
UPI_02722,4,8,2.0,0.5,239811.82,110824.55,0.4621313055202979,0.4206154458147968,0.015625,0.0,0.2,0.6185400116122679,0.032244215735787965,0.045454545454545456,2.3791745383653424,2.077101394835415,4.400387919999892,0.11512415349887133,11,train,-1,organic,,,0
UPI_02723,3,10,3.3333333333333335,0.3,104804.13,89921.59,0.8579966065139245,0.27226928495767605,0.0,0.2,0.18181818181818182,0.7984286179476426,0.027177069934401766,0.05555555555555555,1.9121899757696572,1.9062127721046718,3.2730158082643825,0.12013536379018612,23,train,-1,organic,,,0
UPI_02724,2,4,2.0,0.5,81873.7,35893.24,0.4383977422749824,0.25228652368541216,0.07142857142857142,0.0,0.2,0.7880114047619142,0.010717846937662322,0.07142857142857142,1.3707567541034784,1.3247880042076223,2.8002468581817492,0.12436224489795919,8,train,-1,organic,,,0
UPI_02725,155,0,0.0,0.0,3734912.57,0.0,0.0,7.559900142766051,0.000754084625052367,0.0,0.0,0.27422457364808994,0.26658019698873503,0.010526315789473684,3.531333367680881,3.88424213783558,2.4518290463342507,0.11402027027027027,0,train,-1,organic,,,0
UPI_02726,2,4,2.0,0.5,53693.78,58897.15,0.9116533054766729,0.2776851095153994,0.03333333333333333,0.0,0.0,0.9390597254614141,0.013630443342790503,0.06666666666666667,1.0580233598200732,1.1061773317566876,2.5002204090908475,0.145478374836173,30,train,-1,organic,,,0
UPI_02727,3,11,3.6666666666666665,0.2727272727272727,257307.97,211812.28,0.8231858494514009,0.29298733815889,0.011235955056179775,0.2727272727272727,0.16666666666666666,0.9300353859398667,0.03637922128255777,0.0392156862745098,2.6863498546500977,1.8385278706009647,4.250374695454441,0.1,3,train,-1,organic,,,0
UPI_02728,5,7,1.4,0.7142857142857143,112912.61,107078.26,0.948328586766689,0.4114306564516771,0.0,0.25,0.3333333333333333,0.6120212625314038,0.023804476564064966,0.029411764705882353,1.5461973702389458,1.5056696122835187,3.778110840403947,0.10888252148997135,12,train,-1,organic,,,0
UPI_02729,3,10,3.3333333333333335,0.3,129008.81,118542.8,0.9188736613687839,0.3218515022945302,0.02631578947368421,0.0,0.18181818181818182,0.5253676669569509,0.03298303479008404,0.0425531914893617,1.695020416881664,1.6711465391477593,4.273103971900721,0.12661498708010335,14,train,-1,organic,,,0
UPI_02730,2,4,2.0,0.5,210826.08,296582.95,0.7108502991669724,0.9236171831284237,0.06666666666666667,0.75,0.0,0.5616238142544233,0.026013843870604927,0.029411764705882353,0.6219842757515641,0.8288356360196167,5.667166260605922,0.1407942238267148,2,train,-1,organic,,,0
UPI_02731,1,4,4.0,0.25,176015.52,54204.46,0.30795272727272727,0.24328858614406598,0.0,0.0,0.0,1.0,0.010851256402857827,0.09090909090909091,1.5364439564010415,1.4326962951619389,2.200193959999946,0.12611377655928718,32,train,-1,organic,,,0
UPI_02732,6,3,0.5,0.5,4654222.44,2646191.21,0.5685570990839351,8.15736527417148,0.027777777777777776,0.875,0.0,0.24518545440152392,0.03720726853531162,0.038461538461538464,0.39439794966598557,0.5707127107191747,5.778287167676625,0.3680672268907563,31,train,-1,organic,,,0
UPI_02733,1,7,7.0,0.14285714285714285,126011.11,61717.96,0.4897819047619048,0.24322241648606138,0.0,0.0,0.0,1.0,0.01874252251445517,0.04,2.257048290425906,1.75896637930305,3.1252755113635593,0.12642986152919927,6,train,-1,organic,,,0
UPI_02734,3,9,3.0,0.3333333333333333,339520.05,158976.1,0.4682377501884297,0.5078509713937575,0.022727272727272728,0.4,0.0,0.4347697533420056,0.026400015644453715,0.05555555555555555,1.6484968966363986,1.4817974079080505,3.000264490909017,0.1407942238267148,2,train,13,stealth_cycle,13,stealth_cycle,1
UPI_02735,3,6,2.0,0.5,329112.77,117591.24,0.35729769831242963,0.6868877470355247,0.029411764705882353,0.3333333333333333,0.2857142857142857,0.8432049275457851,0.01769481965722431,0.08333333333333333,1.709732658992374,1.5675473841591245,3.428873703896019,0.10567514677103718,27,train,-1,organic,,,0
UPI_02736,2,4,2.0,0.5,323963.34,70614.95,0.21797202510949887,0.5596137126087659,0.0,0.0,0.0,0.6410720682203619,0.015096361406892082,0.058823529411764705,1.6456619230540948,1.522040105985963,2.833583130302961,0.1407942238267148,2,train,-1,organic,,,0
UPI_02737,3,5,1.6666666666666667,0.6,286002.29,130966.27,0.45792033403516114,0.46870508343757294,0.0,0.2857142857142857,0.14285714285714285,0.4972565461315879,0.017915945549858286,0.04,1.430637285960292,1.3243145671876484,3.571743441558354,0.12395709177592372,21,train,-1,organic,,,0
UPI_02738,1,8,8.0,0.125,99008.73,146000.91,0.6781377433384269,0.24306528793877566,0.0,0.0,0.0,1.0,0.023916779271480407,0.06060606060606061,1.9579821798392594,1.3293289117517635,3.6669899333332427,0.11228070175438597,10,train,-1,organic,,,0
UPI_02739,5,6,1.2,0.8333333333333334,248265.89,103892.26,0.4184717455406777,1.695822610533144,0.018867924528301886,0.375,0.2222222222222222,0.4587569789022054,0.022647193487830966,0.0625,1.6393680660839083,1.591351327830016,3.5558690262625383,0.12395709177592372,21,train,-1,organic,,,0
UPI_02740,2,5,2.5,0.4,140414.38,120782.72,0.8601876753892395,0.4426390185025191,0.0,0.0,0.16666666666666666,0.6858449013583503,0.016971549902198367,0.043478260869565216,1.3266978781871115,1.287172498344306,3.8336712939393,0.10567514677103718,27,train,-1,organic,,,0
UPI_02741,2,6,3.0,0.3333333333333333,151457.45,53374.39,0.35240514486863467,0.27184756535054777,0.0,0.0,0.14285714285714285,0.648580398799256,0.016882423272784927,0.045454545454545456,1.3552753060731066,1.4769560583461134,3.143134228571351,0.12167606768734891,26,train,-1,organic,,,0
UPI_02742,3,9,3.0,0.3333333333333333,70778.42,111891.17,0.6325648135510747,0.5490581652531463,0.0,0.3333333333333333,0.2,0.475575502008995,0.03375834326445625,0.06521739130434782,1.7243800798956157,1.5773554526760911,4.6004055527271595,0.12611377655928718,32,train,-1,organic,,,0
UPI_02743,3,7,2.3333333333333335,0.42857142857142855,306085.56,44685.89,0.1459914961377655,0.30321213284571474,0.011627906976744186,0.0,0.25,0.8412598249911574,0.02204185897714841,0.07142857142857142,2.8314033016352487,2.309320597392188,3.5003085727271865,0.12321792260692464,7,train,-1,organic,,,0
UPI_02744,4,11,2.75,0.36363636363636365,140070.46,166837.56,0.839561906537384,0.6801104193430618,0.02912621359223301,0.42857142857142855,0.15384615384615385,0.7322364802199604,0.02984294557767811,0.047619047619047616,1.7513383689657467,1.5998792455046245,3.2310540671327876,0.145478374836173,30,train,-1,organic,,,0
UPI_02745,3,7,2.3333333333333335,0.42857142857142855,258401.27,70360.42,0.272291319606365,0.5074442077515668,0.023255813953488372,0.25,0.25,0.7919936071562861,0.024665961015324037,0.06060606060606061,2.684800577794359,2.24042436372554,4.125363674999899,0.13686313686313686,22,train,-1,organic,,,0
UPI_02746,5,4,0.8,0.8,539411.08,37837.28,0.07014552874941322,0.4096562256154857,0.08571428571428572,0.0,0.125,0.5080668785003418,0.014079366873102295,0.05263157894736842,2.4564511913966616,1.9054561899806601,2.3752093886363053,0.13169845594913715,24,train,-1,organic,,,0
UPI_02747,1,6,6.0,0.16666666666666666,37003.26,29158.01,0.787984864864865,0.24328858614406598,0.0,0.0,0.0,1.0,0.019286923545206405,0.037037037037037035,1.9592975428791728,1.4377093256326865,3.857482916883022,0.13090257023311416,5,train,-1,organic,,,0
UPI_02748,24,0,0.0,0.0,1181044.37,0.0,0.0,2.171713967421651,0.005434782608695652,0.0,0.0,0.050580797163147756,0.05161086692085841,0.029411764705882353,0.46632721025979623,0.44565121517614575,2.833583130302961,0.11228070175438597,10,train,-1,organic,,,0
UPI_02749,2,6,3.0,0.3333333333333333,60625.37,106337.33,0.5701231360029855,0.26636915416440177,0.018518518518518517,0.0,0.14285714285714285,0.805440958019285,0.02007278775177608,0.03571428571428571,1.7740427220875647,1.232685494566617,4.000352654545356,0.10630407911001236,13,train,-1,organic,,,0
UPI_02750,1,3,3.0,0.3333333333333333,114010.05,13796.69,0.12101289473684211,0.24489658993979904,0.0,0.0,0.0,1.0,0.008726172700653493,0.16666666666666666,1.484980602548266,1.5118787711898667,3.000264490909017,0.11764705882352941,18,train,-1,organic,,,0
UPI_02751,1,4,4.0,0.25,233020.54,63082.83,0.2707178969957082,0.243732248474595,0.0,0.0,0.0,1.0,0.007654677103393637,0.1,1.5088437705618107,1.5088437542228088,2.000176327272678,0.12611377655928718,32,train,-1,organic,,,0
UPI_02752,3,8,2.6666666666666665,0.375,235613.24,142407.49,0.6044121019657377,0.3125674969666214,0.06481481481481481,0.0,0.1,0.7295244421116073,0.024443105576442917,0.058823529411764705,2.1111509205729284,1.9210424711955623,3.4002997563635526,0.12436224489795919,8,train,-1,organic,,,0
UPI_02753,3,7,2.3333333333333335,0.42857142857142855,216898.15,127771.29,0.5890842927506638,0.27739432022787713,0.03333333333333333,0.0,0.0,0.9737177534168525,0.02833912159219035,0.05128205128205128,2.736590242665784,2.028311821387718,3.900343838181722,0.11764705882352941,18,train,-1,organic,,,0
UPI_02754,1,6,6.0,0.16666666666666666,153013.49,221988.26,0.6892864034112198,0.2446823537116759,0.0,0.0,0.0,1.0,0.01265215534738074,0.0625,1.2440369140952912,0.9844929437891597,2.285915802597346,0.12436224489795919,8,train,-1,organic,,,0
UPI_02755,1,3,3.0,0.3333333333333333,165014.55,64674.75,0.3919336363636363,0.2435397953398505,0.0,0.0,0.0,1.0,0.008572411986656477,0.09090909090909091,1.423787487805781,1.0940700713320475,2.7502424499999325,0.12611377655928718,32,train,-1,organic,,,0
UPI_02756,3,7,2.3333333333333335,0.42857142857142855,50712.64,49260.02,0.9713558978760226,0.3229392241663263,0.011363636363636364,0.0,0.1111111111111111,0.7636141996126007,0.020443471907262357,0.037037037037037035,1.488672061822153,1.4357004342289061,3.000264490909017,0.10567514677103718,27,train,-1,organic,,,0
UPI_02757,2,4,2.0,0.5,282404.32,61930.11,0.21929590336292923,0.6825111606246987,0.03333333333333333,0.0,0.0,0.9694630748032143,0.012817919451393047,0.0625,2.0995209312833585,1.7705534507734602,2.6669017696969037,0.11626248216833096,29,train,-1,organic,,,0
UPI_02758,2,7,3.5,0.2857142857142857,156766.24,92561.79,0.5904446642673843,0.2809694416544581,0.0,0.0,0.125,0.7340542320361314,0.019633882627558878,0.03571428571428571,1.4486538760879453,1.4399236473853907,3.5003085727271865,0.10567514677103718,27,train,-1,organic,,,0
UPI_02759,1,3,3.0,0.3333333333333333,125625.42,366359.07,0.3429024583707055,0.5519052773207086,0.0,0.0,0.0,1.0,0.02047704854335417,0.034482758620689655,0.2854293229335206,0.203078024537216,7.250639186363458,0.12814645308924486,4,train,-1,organic,,,0
UPI_02760,2,4,2.0,0.5,245739.66,78554.75,0.31966652829666525,0.3433732644551098,0.0,0.0,0.0,0.9781217904278845,0.011014014896892212,0.07142857142857142,1.7810822490854559,1.652519465838083,2.3335390484847913,0.12547528517110265,28,train,-1,organic,,,0
UPI_02761,4,4,1.0,1.0,292252.27,81655.17,0.2793995999883789,0.43974799673510284,0.0,0.0,0.14285714285714285,0.8868110851764898,0.01739007780127585,0.05,2.1757184899065187,1.81002327760456,2.857394753246683,0.11402027027027027,0,train,-1,organic,,,0
UPI_02762,2,5,2.5,0.4,97936.33,43775.36,0.4469777192765683,0.3005035257651507,0.0,0.0,0.16666666666666666,0.9614051313600633,0.013262316086673658,0.13333333333333333,1.6446579172555227,1.4938074180606078,2.5002204090908475,0.110055423594616,17,train,-1,organic,,,0
UPI_02763,2,4,2.0,0.5,295633.01,89888.84,0.30405550343116083,0.2583751936752768,0.1,0.0,0.0,0.6903519344764519,0.009961200273549884,0.07692307692307693,1.4202397296211091,1.174923051686741,2.1668576878787342,0.12642986152919927,6,train,-1,organic,,,0
UPI_02764,51,3,0.058823529411764705,0.058823529411764705,749303.15,2307187.57,0.3247690627856841,2.7221518408040946,0.027952480782669462,0.2702702702702703,0.0,0.04678808373986533,0.16384674183440667,0.01282051282051282,3.5681359263725376,3.1272107557694984,4.3337153757574685,0.145478374836173,30,train,-1,organic,,,0
UPI_02765,4,5,1.25,0.8,298166.57,112695.13,0.3779603346451543,1.8363546041839383,0.0,0.0,0.125,0.4066555075251157,0.02245480969548783,0.07142857142857142,1.445514706071658,1.4105958456041408,3.5003085727271865,0.145478374836173,30,train,-1,organic,,,0
UPI_02766,1,5,5.0,0.2,160014.11,88596.71,0.553680625,0.24312818349492235,0.03333333333333333,0.0,0.0,1.0,0.011219273753396049,0.07692307692307693,1.4009711815676018,1.414723030427592,2.1668576878787342,0.12611377655928718,32,train,-1,organic,,,0
UPI_02767,1,4,4.0,0.25,163514.41,48282.98,0.2952826911314984,0.24518526964191573,0.0,0.0,0.0,1.0,0.010029758931560028,0.07142857142857142,1.3823948628738427,1.4447921339505552,2.8002468581817492,0.13090257023311416,5,train,-1,organic,,,0
UPI_02768,2,8,4.0,0.25,190609.26,105453.21,0.5532428197841615,0.3153063036253916,0.022727272727272728,0.0,0.1111111111111111,0.9235016325831804,0.024592141752983396,0.03225806451612903,2.334987938822962,1.8132061559061994,3.4447481191918348,0.12321792260692464,7,train,-1,organic,,,0
UPI_02769,1,4,4.0,0.25,125011.02,20132.77,0.161048,0.2431947146323492,0.0,0.0,0.0,1.0,0.00848439684069343,0.1,1.656100921268794,1.6127357579914807,2.000176327272678,0.11626248216833096,29,train,-1,organic,,,0
UPI_02770,2,5,2.5,0.4,82106.79,58657.35,0.7144031849139246,0.3312677538609374,0.0,0.0,0.16666666666666666,0.9501615357887683,0.01594806247653475,0.1,1.619707893170542,1.366678085397414,3.3336272121211303,0.12260967379077616,20,train,-1,organic,,,0
UPI_02771,3,6,2.0,0.5,224347.87,162812.53,0.7257146441179079,0.28840068544429615,0.0,0.0,0.125,0.8340793811467888,0.01705565085846776,0.08695652173913043,1.6828953318931823,1.6867458116149885,2.8752534704544748,0.1,3,train,-1,organic,,,0
UPI_02772,4,5,1.25,0.8,256314.03,24317.67,0.09487453404118897,1.089374145161191,0.058823529411764705,0.42857142857142855,0.2857142857142857,0.4504923847504484,0.021139051243713472,0.037037037037037035,1.6777736826909506,1.6805137324818922,3.857482916883022,0.1,3,train,-1,organic,,,0
UPI_02773,3,6,2.0,0.5,161544.89,170882.06,0.9453589634042852,0.37489271898671983,0.0,0.0,0.125,0.4927901220989409,0.017746886953830445,0.043478260869565216,1.1324904269922962,0.9239292039119739,2.8752534704544748,0.12260967379077616,20,train,19,stealth_cycle,19,stealth_cycle,1
UPI_02774,2,8,4.0,0.25,212005.58,123411.9,0.5821162808700104,0.25445102387882307,0.0,0.0,0.0,0.9814302906030208,0.025768459027202775,0.029411764705882353,2.48975518492825,1.9856379656443914,3.4002997563635526,0.12611377655928718,32,train,-1,organic,,,0
UPI_02775,136,0,0.0,0.0,814604.09,0.0,0.0,7.002813915591193,0.0003812636165577342,0.0,0.0,0.027379686799154826,0.22057114967770763,0.012779552715654952,1.6232669940317976,1.6077735122527625,2.30167349425128,0.10567514677103718,27,train,-1,organic,,,0
UPI_02776,12,13,1.0833333333333333,0.9230769230769231,1999066.04,860959.77,0.43068100387184416,2.867913727061879,0.008361204013377926,0.5333333333333333,0.041666666666666664,0.3642169694515109,0.06075138633250787,0.11627906976744186,0.907027753279873,1.1171931103825525,3.583649253030215,0.12642986152919927,6,train,7,fast_cycle,7,fast_cycle,1
UPI_02777,2,6,3.0,0.3333333333333333,119141.56,165793.38,0.7186147368939181,0.2884977464541875,0.018518518518518517,0.0,0.14285714285714285,0.7419377066574442,0.023046366942974114,0.03333333333333333,2.0540892631663215,1.4251477449816279,4.286092129870024,0.12661498708010335,14,train,-1,organic,,,0
UPI_02778,3,9,3.0,0.3333333333333333,334851.16,191154.35,0.5708636395186405,0.30093504636808477,0.0,0.0,0.2,0.8575638397360377,0.0335291379504066,0.02127659574468085,2.269141969752282,1.8636454580876622,4.700414369090794,0.11764705882352941,18,train,-1,organic,,,0
UPI_02779,2,5,2.5,0.4,138924.35,79793.44,0.5743661639266846,0.2770148949742384,0.0,0.0,0.16666666666666666,0.7149865201456749,0.01624609830393742,0.047619047619047616,1.515906194955994,1.4409719394986966,3.5003085727271865,0.13169845594913715,24,train,-1,organic,,,0
UPI_02780,1,7,7.0,0.14285714285714285,180015.87,104412.27,0.5800170555555556,0.24322241648606138,0.0,0.0,0.0,1.0,0.019353909937814613,0.037037037037037035,2.244211871894443,1.6892429546528271,3.3752975522726443,0.10567514677103718,27,train,-1,organic,,,0
UPI_02781,1,78,78.0,0.01282051282051282,11991.95,13440184.83,0.0008922457028052683,0.39671962012988543,0.0,0.28205128205128205,0.0,1.0,0.11789902062624932,0.059880239520958084,0.46560362326210114,0.4492810072946239,2.1141104218641598,0.10888252148997135,12,train,-1,organic,,,0
UPI_02782,27,8,0.2962962962962963,0.2962962962962963,1994051.92,428634.2,0.21495638748631793,1.1388360075798303,0.004208754208754209,0.16666666666666666,0.029411764705882353,0.04862251952960125,0.06483930355470414,0.060240963855421686,0.8710799262329206,0.6377047712463624,2.441391693582828,0.10567514677103718,27,train,27,layered_fanin,27,layered_fanin,1
UPI_02783,38,4,0.10526315789473684,0.10526315789473684,529678.79,3444415.39,0.15377901182729922,3.028891592693287,0.011033681765389082,0.14705882352941177,0.0,0.04380211338308383,0.14326197023645215,0.01951219512195122,3.1047378930470875,2.793317919844011,4.881382703463084,0.110055423594616,17,train,-1,organic,,,0
UPI_02784,6,5,0.8333333333333334,0.8333333333333334,3810773.68,3197588.34,0.839091639376845,8.404418055991158,0.02727272727272727,1.0,0.0,0.21836033718131412,0.038202929480811575,0.018518518518518517,0.431145950954857,0.47058202410541217,4.909523712396574,0.3680672268907563,31,train,-1,organic,,,0
UPI_02785,2,5,2.5,0.4,252653.78,47661.53,0.18864364940066264,0.2586739273788634,0.0,0.0,0.0,0.5903126652852769,0.011142615530020395,0.07142857142857142,1.5632841756229008,1.3390676796015535,2.000176327272678,0.12395709177592372,21,train,-1,organic,,,0
UPI_02786,2,4,2.0,0.5,187331.8,44079.42,0.2353012933434318,0.3033658578050648,0.0,0.0,0.2,0.8498458951441026,0.01811724879511908,0.047619047619047616,2.2140238255915348,1.691295945243291,4.200370287272624,0.12814645308924486,4,train,-1,organic,,,0
UPI_02787,2,5,2.5,0.4,57370.64,47776.47,0.8327687090412056,0.25474763761425295,0.0,0.0,0.16666666666666666,0.9535236094614099,0.018731438230593957,0.08695652173913043,1.631671417802093,1.4540124905924774,3.8336712939393,0.11778115501519756,19,train,-1,organic,,,0
UPI_02788,4,9,2.25,0.4444444444444444,251893.01,212578.13,0.8439223204912996,0.42316968230884344,0.0,0.18181818181818182,0.18181818181818182,0.7829808088954162,0.03071710420594762,0.023809523809523808,2.1394248072546964,1.9216658207781747,3.8185184429751127,0.13090257023311416,5,train,-1,organic,,,0
UPI_02789,134,0,0.0,0.0,4974740.08,0.0,0.0,8.279858204507532,0.0007855459544383347,0.0,0.0,0.1618860681349675,0.23274565121118793,0.012012012012012012,3.1917863767590227,3.940897343422209,2.48529372008135,0.11402027027027027,0,train,-1,organic,,,0
UPI_02790,3,8,2.6666666666666665,0.375,281264.59,35428.84,0.12596268828105722,0.27812456859450735,0.11818181818181818,0.0,0.0,0.9565273437698801,0.022033706762402537,0.03571428571428571,3.0985590779220873,2.6750471385980603,2.545678961983408,0.145478374836173,30,train,-1,organic,,,0
UPI_02791,1,8,8.0,0.125,29002.56,78376.22,0.3700428139535744,0.24216526486277856,0.013888888888888888,0.0,0.0,1.0,0.025489071560568406,0.02857142857142857,1.7144107796997972,1.6415163626276184,3.8892317474746516,0.12642986152919927,6,train,-1,organic,,,0
UPI_02792,6,5,0.8333333333333334,0.8333333333333334,484505.89,221667.86,0.4575132417699937,1.088088422935901,0.0,0.5,0.1,0.3335813663881443,0.0193873433788494,0.038461538461538464,1.2555885012760866,1.0766636880955882,2.6002292254544814,0.12642986152919927,6,train,24,stealth_cycle,24,stealth_cycle,1
UPI_02793,1,4,4.0,0.25,98334.38,228311.55,0.4307026080962657,0.872051615751852,0.0,0.75,0.0,1.0,0.023443252067462842,0.03125,0.6105238063112031,0.6632673444407226,6.40056424727257,0.10630407911001236,13,train,-1,organic,,,0
UPI_02794,1,6,6.0,0.16666666666666666,39003.44,34122.74,0.8748648717948718,0.2435397953398505,0.0,0.0,0.0,1.0,0.010932291661394535,0.13333333333333333,1.2446197683416478,1.1573987379811252,2.143046064935012,0.11228070175438597,10,train,-1,organic,,,0
UPI_02795,3,7,2.3333333333333335,0.42857142857142855,335350.56,114215.71,0.3405860056483191,1.1534312210983542,0.0,0.0,0.1111111111111111,0.6597633200854013,0.024142807070765444,0.029411764705882353,2.331265238888602,1.8867893387062558,3.778110840403947,0.13169845594913715,24,train,-1,organic,,,0
UPI_02796,1,4,4.0,0.25,37003.26,21785.82,0.5887540540540541,0.2435043235856035,0.0,0.0,0.0,1.0,0.010646325612940016,0.08333333333333333,1.2774179374225143,1.178998847597224,2.4002115927272136,0.12436224489795919,8,train,-1,organic,,,0
UPI_02797,3,8,2.6666666666666665,0.375,46542.36,55872.51,0.8330101285933631,0.3289532505694264,0.0,0.0,0.2222222222222222,0.7243717938005828,0.025108304472068004,0.05714285714285714,1.6263839684351404,1.3992226088016493,3.8892317474746516,0.13686313686313686,22,train,-1,organic,,,0
UPI_02798,4,4,1.0,1.0,228572.46,39030.95,0.17075963922657353,1.230785443656047,0.037037037037037035,0.3333333333333333,0.14285714285714285,0.46730202780114144,0.019786823441278734,0.037037037037037035,1.8086216221633005,1.4616309656307975,3.857482916883022,0.145478374836173,30,train,-1,organic,,,0
UPI_02799,143,1,0.006993006993006993,0.006993006993006993,1090017.44,266.09,0.00024411853203903195,6.60180232005977,0.00033993783993783994,0.0,0.0,0.030495826869600118,0.23571127084152588,0.01488095238095238,1.6193599626205455,1.5770890959976391,2.3335390484847913,0.11512415349887133,11,train,-1,organic,,,0
UPI_02800,3,8,2.6666666666666665,0.375,276911.5,165945.01,0.5992709158090397,0.5365947362541027,0.0,0.375,0.2222222222222222,0.8138306413051202,0.022354717621623634,0.03333333333333333,2.1025993186597827,1.7510053563667207,3.3336272121211303,0.13686313686313686,22,train,-1,organic,,,0
UPI_02801,1,9,9.0,0.1111111111111111,136011.99,105394.49,0.7748911764705882,0.2429492733378004,0.0,0.0,0.0,1.0,0.030621687080787177,0.023809523809523808,2.5813616281962735,1.8009967120753556,4.200370287272624,0.12395709177592372,21,train,-1,organic,,,0
UPI_02802,2,4,2.0,0.5,224132.79,19476.51,0.08689717862455387,0.2660792574846935,0.0,0.0,0.2,0.9901165740126538,0.010030212801251976,0.07692307692307693,2.1132220263430606,1.877452637722405,2.6002292254544814,0.12661498708010335,14,train,-1,organic,,,0
UPI_02803,4,5,1.25,0.8,259253.13,114819.72,0.4428865331627154,1.3040888429847557,0.0,0.5,0.0,0.5594359614290564,0.02535729814737304,0.07692307692307693,1.8088525004485738,1.494092345269452,2.8891435838383126,0.1330166270783848,1,train,-1,organic,,,0
UPI_02804,2,8,4.0,0.25,187629.96,128188.17,0.6831967030929879,0.3107120284855048,0.022727272727272728,0.0,0.1111111111111111,0.6990889486290832,0.03159594019473631,0.044444444444444446,2.2021657243650377,1.9199757984193762,5.000440818181695,0.10567514677103718,27,train,-1,organic,,,0
UPI_02805,37,2,0.05405405405405406,0.05405405405405406,482314.67,443417.37,0.9193528591688322,3.344064938867957,0.01282051282051282,0.12903225806451613,0.0,0.06717911824751875,0.13354927704738948,0.015789473684210527,2.6637463114727398,2.212730361427952,4.872224386946266,0.11512415349887133,11,train,-1,organic,,,0
UPI_02806,22,0,0.0,0.0,783169.04,0.0,0.0,1.1971097560793689,0.0,0.0,0.0,0.06581403004254688,0.03654664275433367,0.08,0.5718470878114389,0.5494290057424431,2.2729276446280435,0.1,3,train,-1,organic,,,0
UPI_02807,3,7,2.3333333333333335,0.42857142857142855,301397.29,160279.83,0.5317892196030193,0.46861627468017275,0.0,0.4444444444444444,0.1111111111111111,0.8257077901887524,0.027954970926614534,0.027777777777777776,2.4469643867057793,2.06043935101933,4.000352654545356,0.11512415349887133,11,train,-1,organic,,,0
UPI_02808,3,4,1.3333333333333333,0.75,80404.66,26836.06,0.3337624507805398,0.9130486829336266,0.0,0.6,0.16666666666666666,0.46916947468665965,0.015080983484926697,0.05555555555555555,0.9832477783000176,1.1222587908145334,3.000264490909017,0.12814645308924486,4,train,-1,organic,,,0
UPI_02809,3,6,2.0,0.5,245425.9,130962.82,0.5336144938967237,1.4836346992812597,0.04285714285714286,0.25,0.125,0.5503653687183034,0.018555331379663108,0.08,1.4382069386857177,1.3555266635538237,3.1252755113635593,0.11402027027027027,0,train,-1,organic,,,0
UPI_02810,9,17,1.8888888888888888,0.5294117647058824,715931.55,648336.63,0.9055846630143382,1.2634597753989274,0.07253086419753087,0.6,0.04,0.2703132049829649,0.03732154900859256,0.03773584905660377,2.477476272925598,2.0058361025399956,2.120186906909039,0.11376146788990826,15,train,-1,organic,,,0
UPI_02811,2,8,4.0,0.25,395054.89,225540.0,0.5709080192028729,0.29048028896524225,0.0,0.0,0.1111111111111111,0.8384112650302353,0.02466729879978678,0.029411764705882353,1.8991379114445637,1.6186104323409212,3.778110840403947,0.12395709177592372,21,train,-1,organic,,,0
UPI_02812,2,3,1.5,0.6666666666666666,173899.53,347693.27,0.5001521302462716,2.683591515097953,0.0,0.5,0.0,0.67287453753256,0.03009149845512396,0.023809523809523808,0.6522906476800534,0.6782426396690576,8.400740574545248,0.145478374836173,30,train,-1,organic,,,0
UPI_02813,1,3,3.0,0.3333333333333333,64005.64,30590.69,0.47793734375,0.2431153232862354,0.0,0.0,0.0,1.0,0.008759296716066668,0.1,1.2129092268578472,1.0969918839651336,2.5002204090908475,0.12436224489795919,8,train,-1,organic,,,0
UPI_02814,2,7,3.5,0.2857142857142857,206675.69,74527.38,0.36060061124332937,0.3287249513343664,0.0,0.0,0.125,0.8935448449007553,0.024962362712103607,0.029411764705882353,2.18180732167564,1.8209525006566776,4.250374695454441,0.12321792260692464,7,train,-1,organic,,,0
UPI_02815,6,13,2.1666666666666665,0.46153846153846156,426404.26,251515.36,0.5898518990708163,0.342149250246005,0.14619883040935672,0.0,0.0,0.5035253371270779,0.024816143886365695,0.05714285714285714,2.4056994407969583,2.0865225109075243,1.842267669856414,0.1,3,train,-1,organic,,,0
UPI_02816,1,7,7.0,0.14285714285714285,155013.67,112350.96,0.7247810322580646,0.24318110251457678,0.017857142857142856,0.0,0.0,1.0,0.032895184368370835,0.044444444444444446,2.67786416916728,1.8725926382137068,5.625495920454407,0.10888252148997135,12,train,-1,organic,,,0
UPI_02817,1,6,6.0,0.16666666666666666,51004.5,16199.03,0.3176,0.24322241648606138,0.0,0.0,0.0,1.0,0.015865014746489235,0.047619047619047616,2.2809043770915607,1.8449225868530543,3.000264490909017,0.12611377655928718,32,train,-1,organic,,,0
UPI_02818,2,5,2.5,0.4,116583.33,45321.78,0.38875005843975086,0.30598783960853293,0.0,0.0,0.16666666666666666,0.6480203209632918,0.014630446472458185,0.05263157894736842,1.5140302507733612,1.478239791004852,3.1669458515150732,0.11228070175438597,10,train,-1,organic,,,0
UPI_02819,2,4,2.0,0.5,212161.99,120702.3,0.5689157550069106,0.2562813324393016,0.03333333333333333,0.0,0.0,0.9986500330390322,0.013339044420500035,0.06666666666666667,1.5661294640331962,1.5157632897634985,2.5002204090908475,0.12661498708010335,14,train,-1,organic,,,0
UPI_02820,3,11,3.6666666666666665,0.2727272727272727,202403.91,171226.46,0.8459642009946633,0.6526607176431989,0.011111111111111112,0.3,0.07692307692307693,0.5753609930527289,0.02960111890625069,0.04878048780487805,1.9810473878555888,1.6940320833056282,3.1541242083915306,0.11228070175438597,10,train,-1,organic,,,0
UPI_02821,1,4,4.0,0.25,175015.43,66460.12,0.37973862857142854,0.243732248474595,0.0,0.0,0.0,1.0,0.01002981512564701,0.07692307692307693,1.6274028409260317,1.4229718216258034,2.6002292254544814,0.10630407911001236,13,train,-1,organic,,,0
UPI_02822,1,7,7.0,0.14285714285714285,85007.49,62275.79,0.7325917647058824,0.24302917371621402,0.0,0.0,0.0,1.0,0.02747602208258071,0.02564102564102564,2.4488755723667937,1.9018123844934713,4.875429797727152,0.11402027027027027,0,train,-1,organic,,,0
UPI_02823,2,5,2.5,0.4,63031.18,59947.04,0.9510697395757471,0.30705645425400985,0.025,0.5,0.16666666666666666,0.8270692050558959,0.014991504813938768,0.047619047619047616,1.328378461731346,1.3436588202414472,3.5003085727271865,0.1281767955801105,9,train,-1,organic,,,0
UPI_02824,19,1,0.05263157894736842,0.05263157894736842,732564.58,111555.82,0.15228121501706485,1.058214768332839,0.005263157894736842,0.15,0.0,0.06866651912078184,0.03555118519709161,0.0425531914893617,0.7149304688606489,0.6645205256507147,2.350207184545397,0.11764705882352941,18,train,-1,organic,,,0
UPI_02825,1,6,6.0,0.16666666666666666,273024.07,112988.18,0.4138396336996337,0.24337124942681343,0.0,0.0,0.0,1.0,0.020327655880391402,0.07407407407407407,2.48558393413513,1.799749558430663,3.857482916883022,0.1,3,train,-1,organic,,,0
UPI_02826,4,11,2.75,0.36363636363636365,150397.51,153626.46,0.9789817809595702,0.5471093545099213,0.00980392156862745,0.3,0.25,0.35002409557104924,0.03617838112597976,0.04,1.138618065284466,1.4295701829492249,4.167034015151413,0.11764705882352941,18,train,-1,organic,,,0
UPI_02827,3,2,0.6666666666666666,0.6666666666666666,1161799.05,1293292.64,0.8983264980182978,1.73725004384629,0.15,1.0,0.0,0.9501712839163479,0.011700237138734864,0.07142857142857142,0.5059234542463922,1.0982989889047747,2.8002468581817492,0.3680672268907563,31,train,-1,organic,,,0
UPI_02828,2,4,2.0,0.5,52164.13,48242.25,0.9248166154871411,0.2579582991883601,0.03333333333333333,0.0,0.0,0.6636492366654076,0.016644347059602715,0.05,1.0834152483211195,1.0611885542380706,3.3336272121211303,0.10888252148997135,12,train,-1,organic,,,0
UPI_02829,1,5,5.0,0.2,104009.17,66477.8,0.6391532692307692,0.25696203561111375,0.0,0.3333333333333333,0.0,1.0,0.01233314127035209,0.0625,1.5205607016766076,1.3232376932710912,2.6669017696969037,0.12814645308924486,4,train,-1,organic,,,0
UPI_02830,2,8,4.0,0.25,95078.18,61208.78,0.6437731014475679,0.3160930093424943,0.0,0.0,0.1111111111111111,0.9375053638051614,0.026657396617032272,0.05405405405405406,2.4188369401324468,1.9355107090320984,4.11147356161606,0.13169845594913715,24,train,-1,organic,,,0
UPI_02831,7,14,2.0,0.5,302366.27,528715.86,0.5718880188321903,0.4873741220055702,0.07211538461538461,0.4166666666666667,0.10526315789473684,0.3076664854296655,0.04066170300481806,0.034482758620689655,3.388001243373994,1.8248612626282568,3.052900710047772,0.12814645308924486,4,train,-1,organic,,,0
UPI_02832,2,6,3.0,0.3333333333333333,144216.41,52903.48,0.3668339994050083,0.32543465338528776,0.037037037037037035,0.42857142857142855,0.14285714285714285,0.8005190849137409,0.025699307836437292,0.0625,2.442658999240763,1.8610919862240194,4.571831605194692,0.11626248216833096,29,train,-1,organic,,,0
UPI_02833,1,7,7.0,0.14285714285714285,78006.88,82462.68,0.9459658256504939,0.24337124942681343,0.017857142857142856,0.0,0.0,1.0,0.025987815427109744,0.05714285714285714,2.008324963374661,1.664449704890232,4.375385715908983,0.145478374836173,30,train,-1,organic,,,0
UPI_02834,3,8,2.6666666666666665,0.375,184726.24,173919.86,0.9415005557902778,1.1178111276766387,0.0,0.5,0.1,0.4971472220499185,0.03386129254510724,0.041666666666666664,1.95649621854994,1.5629675677508255,4.800423185454427,0.12661498708010335,14,train,-1,organic,,,0
UPI_02835,1,8,8.0,0.125,163014.37,87355.81,0.5358779754601226,0.2429492733378004,0.013888888888888888,0.0,0.0,1.0,0.021194069977716792,0.03333333333333333,2.4014274626842758,1.8034031109902822,3.3336272121211303,0.11778115501519756,19,train,-1,organic,,,0
UPI_02836,2,8,4.0,0.25,461911.72,432412.05,0.9361356958977723,0.2719591667637799,0.011111111111111112,0.25,0.0,0.5003302959322233,0.02049109138025754,0.06896551724137931,1.5345467915256172,1.3642325618206532,2.900255674545383,0.11764705882352941,18,train,31,stealth_cycle,31,stealth_cycle,1
UPI_02837,28,3,0.10714285714285714,0.10714285714285714,428233.26,2233636.24,0.1917202335646163,2.800898232166849,0.026881720430107527,0.17391304347826086,0.0,0.06281888020053362,0.11082598496790223,0.012738853503184714,2.7733379481204428,2.582741414783439,5.064962635190491,0.12167606768734891,26,train,-1,organic,,,0
UPI_02838,1,4,4.0,0.25,137012.08,88647.33,0.6470037956204379,0.24300263629185762,0.0,0.0,0.0,1.0,0.012538031514618785,0.13333333333333333,1.4770704148647813,1.3247404054685425,3.000264490909017,0.145478374836173,30,train,-1,organic,,,0
UPI_02839,2,4,2.0,0.5,59647.71,51736.9,0.867374495849852,1.1608237224418747,0.0,0.4,0.0,0.6659217915599529,0.013410163082483264,0.1111111111111111,1.1188793406673312,1.103505023992026,3.000264490909017,0.12260967379077616,20,train,-1,organic,,,0
UPI_02840,3,3,1.0,1.0,173146.71,30434.61,0.17577355240772255,0.36820485241272777,0.0,0.0,0.2,0.7415232545087637,0.014095571270423124,0.05263157894736842,2.021068539237589,1.6563741336069444,3.8003350218180882,0.11228070175438597,10,train,-1,organic,,,0
UPI_02841,1,4,4.0,0.25,107009.43,72206.53,0.6747678504672897,0.24323651184103853,0.0,0.0,0.0,1.0,0.009173054974236063,0.07692307692307693,1.291762929219614,1.1868014242886167,2.6002292254544814,0.1407942238267148,2,train,-1,organic,,,0
UPI_02842,2,4,2.0,0.5,147585.56,65041.31,0.4407024206060003,0.28813579974672765,0.03333333333333333,0.0,0.0,0.7902041118441123,0.012912408508095679,0.058823529411764705,1.553816819956968,1.4241762657989558,2.833583130302961,0.12013536379018612,23,train,-1,organic,,,0
UPI_02843,2,2,1.0,1.0,527277.54,100360.27,0.19033669981430915,2.573301376238308,0.0,1.0,0.0,0.7173091371209854,0.02546745925711826,0.02857142857142857,0.5543958549949938,0.4813880563371565,8.750771431817967,0.11626248216833096,29,train,-1,organic,,,0
UPI_02844,2,9,4.5,0.2222222222222222,228157.35,91872.73,0.40267266317414907,0.255441824464377,0.01818181818181818,0.0,0.0,0.9900799099792537,0.021751233217240443,0.07142857142857142,2.523196317741456,2.2157059881699563,2.545678961983408,0.12642986152919927,6,train,-1,organic,,,0
UPI_02845,1,4,4.0,0.25,201017.72,82051.75,0.40818169154228856,0.24348693321257983,0.0,0.0,0.0,1.0,0.010003702759424148,0.08333333333333333,1.5227066887119582,1.3910952527952738,2.4002115927272136,0.13090257023311416,5,train,-1,organic,,,0
UPI_02846,1,5,5.0,0.2,113009.96,64821.45,0.5735906194690266,0.2431153232862354,0.0,0.0,0.0,1.0,0.012479299384400783,0.06666666666666667,1.5143234545433182,1.4320701302938206,2.5002204090908475,0.11228070175438597,10,train,-1,organic,,,0
UPI_02847,2,9,4.5,0.2222222222222222,267401.2,116240.61,0.4347048778912432,0.27166776354043826,0.027777777777777776,0.0,0.1,0.9049411067877875,0.03056996610009116,0.047619047619047616,2.967619094302355,1.981257856278626,4.200370287272624,0.12642986152919927,6,train,-1,organic,,,0
UPI_02848,1,5,5.0,0.2,68006.0,56053.96,0.8242502941176472,0.2429492733378004,0.0,0.0,0.0,1.0,0.013436323025793593,0.1111111111111111,1.486497088089046,1.3464169101777126,3.000264490909017,0.145478374836173,30,train,-1,organic,,,0
UPI_02849,1,7,7.0,0.14285714285714285,276024.33,143917.39,0.5213938405797102,0.2448433823084285,0.0,0.0,0.0,1.0,0.016801438225342583,0.043478260869565216,1.7767500549741728,1.457913508437273,2.8752534704544748,0.11228070175438597,10,train,-1,organic,,,0
UPI_02850,3,6,2.0,0.5,289203.42,116657.66,0.40337580395571687,0.3358283073145853,0.029411764705882353,0.2857142857142857,0.2857142857142857,0.8554368941418218,0.017649682050783235,0.04,2.18037311107013,1.784048954238207,3.571743441558354,0.13090257023311416,5,train,-1,organic,,,0
UPI_02851,1,5,5.0,0.2,36003.17,26398.0,0.7332130555555555,0.2435043235856035,0.0,0.0,0.0,1.0,0.010252788188788007,0.07692307692307693,1.2055433778825824,1.1894888835365918,2.1668576878787342,0.12611377655928718,32,train,-1,organic,,,0
UPI_02852,2,5,2.5,0.4,234176.5,183956.85,0.7855478398020874,0.2837288733774516,0.0,0.0,0.16666666666666666,0.9817556467158406,0.015041785722599626,0.047619047619047616,1.7451062368677315,1.3311444802068007,3.5003085727271865,0.12260967379077616,20,train,-1,organic,,,0
UPI_02853,140,0,0.0,0.0,781087.21,0.0,0.0,6.504324852495645,0.0009249743062692703,0.0,0.0,0.028691967222204316,0.24570553378422005,0.014204545454545454,1.7443544251844234,1.7184257884018022,2.5145073828570808,0.11764705882352941,18,train,-1,organic,,,0
UPI_02854,2,5,2.5,0.4,215670.4,86732.39,0.4021524739534486,0.5166079419865567,0.0,0.0,0.0,0.621598751721998,0.013609440494810604,0.05263157894736842,1.4346750465388358,1.3760955604361536,2.714525015584349,0.145478374836173,30,train,-1,organic,,,0
UPI_02855,3,6,2.0,0.5,266475.69,92729.28,0.3479840286550458,0.41113492396234047,0.029411764705882353,0.3333333333333333,0.2857142857142857,0.7700874763145237,0.019824786237477594,0.037037037037037035,1.7359415955006297,1.6123349155086595,3.857482916883022,0.12642986152919927,6,train,-1,organic,,,0
UPI_02856,1,4,4.0,0.25,158013.93,84206.1,0.5329030379746835,0.2435397953398505,0.0,0.0,0.0,1.0,0.009495285986144795,0.08333333333333333,1.3746248602458173,1.2623706380768567,2.4002115927272136,0.3680672268907563,31,train,-1,organic,,,0
UPI_02857,3,6,2.0,0.5,243321.17,84938.22,0.3490786179285369,0.30019356378207956,0.014705882352941176,0.0,0.2857142857142857,0.9182163161119086,0.018392041069018993,0.04,2.3695915712734132,1.7816606152704475,3.571743441558354,0.12321792260692464,7,train,-1,organic,,,0
UPI_02858,4,8,2.0,0.5,175590.49,123710.11,0.7045376218403747,0.7350309115601268,0.05303030303030303,0.25,0.0,0.6040036079770936,0.017361575096749588,0.041666666666666664,1.1222485041171977,1.1581113842944248,2.000176327272678,0.13686313686313686,22,train,-1,organic,,,0
UPI_02859,2,9,4.5,0.2222222222222222,84804.4,121119.01,0.7001741333564752,0.3015359016803778,0.018518518518518517,0.3,0.1,0.5087273968123146,0.0282618269858055,0.05,1.239554396547913,1.1542507597489613,4.000352654545356,0.12436224489795919,8,train,-1,organic,,,0
UPI_02860,2,7,3.5,0.2857142857142857,242580.03,75908.28,0.3129205658095475,0.26969717857949643,0.0,0.0,0.125,0.8380390566757785,0.02389350990585098,0.058823529411764705,2.7301399986656065,2.09558038065226,4.250374695454441,0.11402027027027027,0,train,-1,organic,,,0
UPI_02861,2,7,3.5,0.2857142857142857,186344.63,58002.47,0.3112645321534797,2.1140198279112488,0.0,0.25,0.0,0.9546213546345186,0.029589826071563675,0.04878048780487805,3.2962756344580804,2.0663579095041658,4.555957189898877,0.1,3,train,-1,organic,,,0
UPI_02862,1,7,7.0,0.14285714285714285,149013.14,102939.07,0.6908053691275168,0.2431153232862354,0.0,0.0,0.0,1.0,0.01887438872489187,0.038461538461538464,2.0058957678095775,1.6828822119880005,3.2502865318181016,0.12260967379077616,20,train,-1,organic,,,0
UPI_02863,2,4,2.0,0.5,266981.3,20631.69,0.07727765621048063,0.2657446011412402,0.06666666666666667,0.0,0.0,0.5531551102195211,0.01404555948030512,0.058823529411764705,1.9731888372751274,1.345484539287079,2.833583130302961,0.11764705882352941,18,train,-1,organic,,,0
UPI_02864,1,7,7.0,0.14285714285714285,76006.7,75628.07,0.9950184210526315,0.2429492733378004,0.0,0.0,0.0,1.0,0.020713674950191486,0.038461538461538464,2.118301279959237,1.4296675531692418,3.2502865318181016,0.1234676007005254,25,train,-1,organic,,,0
UPI_02865,1,5,5.0,0.2,254022.39,166816.25,0.6566989763779527,0.243732248474595,0.0,0.0,0.0,1.0,0.013372242367892676,0.07692307692307693,1.3634901844353216,1.350678685073079,2.1668576878787342,0.12611377655928718,32,train,-1,organic,,,0
UPI_02866,2,8,4.0,0.25,188455.15,72902.57,0.38684305238195965,0.27368914965988644,0.011363636363636364,0.0,0.1111111111111111,0.8149705399634475,0.0218858160497161,0.03225806451612903,2.4081821439266933,2.0756011733119837,3.4447481191918348,0.10567514677103718,27,train,-1,organic,,,0
UPI_02867,5,9,1.8,0.5555555555555556,226821.87,121684.94,0.5364779840660043,2.092066144018862,0.033707865168539325,0.4166666666666667,0.16666666666666666,0.5324858001604684,0.04043369956317164,0.03571428571428571,2.4026314937527626,1.9071697157578231,4.667078096969583,0.12642986152919927,6,train,-1,organic,,,0
UPI_02868,3,7,2.3333333333333335,0.42857142857142855,179881.36,127827.29,0.7106199910488671,0.3279914075891432,0.0,0.0,0.25,0.6690331807098232,0.022354722248785704,0.06666666666666667,1.7203144668698094,1.4084291377375155,3.7503306136362715,0.11512415349887133,11,train,-1,organic,,,0
UPI_02869,2,10,5.0,0.2,208109.22,227301.82,0.915563359280273,0.2769645185361793,0.0,0.0,0.09090909090909091,0.9077178412719209,0.0307070569216355,0.02631578947368421,2.0885620118586212,1.688229061835088,3.454850019834626,0.12260967379077616,20,train,-1,organic,,,0
UPI_02870,2,5,2.5,0.4,56914.05,35302.2,0.6202722133903881,0.28136477190957865,0.0,0.0,0.16666666666666666,0.7123948685947612,0.017451270961521402,0.1,1.4014154613971195,1.4666785137189629,3.3336272121211303,0.12395709177592372,21,train,-1,organic,,,0
UPI_02871,1,6,6.0,0.16666666666666666,52004.58,18898.46,0.36339980769230773,0.24322241648606138,0.0,0.0,0.0,1.0,0.015543993510999535,0.047619047619047616,2.194628395081464,1.8126935715173302,3.000264490909017,0.12547528517110265,28,train,-1,organic,,,0
UPI_02872,1,4,4.0,0.25,164014.46,20432.27,0.12457603658536585,0.2446823537116759,0.05,0.5,0.0,1.0,0.007920542874008583,0.1,1.7253888235351846,1.7548200471674487,2.000176327272678,0.12260967379077616,20,train,-1,organic,,,0
UPI_02873,2,6,3.0,0.3333333333333333,86699.67,44028.18,0.5078240756387872,0.2806254898672173,0.0,0.0,0.14285714285714285,0.7500607512328169,0.01191343154606351,0.0625,1.349897005258531,1.4141469035640768,2.285915802597346,0.11512415349887133,11,train,-1,organic,,,0
UPI_02874,7,3,0.42857142857142855,0.42857142857142855,5656518.83,4519790.17,0.7990409482574389,9.551182323018013,0.05555555555555555,1.0,0.0,0.3005652907772548,0.04209001913669091,0.03389830508474576,0.5076406834797117,0.6545489379059998,5.900520165454401,0.3680672268907563,31,train,-1,organic,,,0
UPI_02875,1,4,4.0,0.25,164014.46,68440.45,0.4172830487804878,0.24330955140773808,0.0,0.0,0.0,1.0,0.014656749218735268,0.15789473684210525,1.9651592059825949,1.624181384787709,3.8003350218180882,0.10888252148997135,12,train,-1,organic,,,0
UPI_02876,2,4,2.0,0.5,194820.18,50220.47,0.257778563072511,0.2784393508644261,0.0,0.0,0.2,0.9816602203268665,0.012007983975123015,0.06666666666666667,1.969062092926439,1.5376444299632122,3.000264490909017,0.12547528517110265,28,train,-1,organic,,,0
UPI_02877,2,6,3.0,0.3333333333333333,214373.95,120513.66,0.5621656219435931,0.2918117883898898,0.0,0.0,0.14285714285714285,0.9601915748599475,0.01648859636897553,0.047619047619047616,1.9064917382546165,1.5590215509959011,3.000264490909017,0.12013536379018612,23,train,-1,organic,,,0
UPI_02878,4,7,1.75,0.5714285714285714,284797.66,66381.58,0.233083315087778,0.5360462436165139,0.0,0.2222222222222222,0.2222222222222222,0.6950245594008307,0.02946480456377084,0.047619047619047616,2.9420779778424277,2.34242617115969,4.667078096969583,0.11402027027027027,0,train,-1,organic,,,0
UPI_02879,1,7,7.0,0.14285714285714285,265023.36,90699.81,0.34223324528301885,0.2431947146323492,0.0,0.0,0.0,1.0,0.020316031041494327,0.06896551724137931,2.6940703802235815,2.0491087494330027,3.625319593181729,0.11402027027027027,0,train,-1,organic,,,0
UPI_02880,5,7,1.4,0.7142857142857143,286798.35,100298.81,0.34971892583916614,0.9624899030316896,0.0,0.375,0.2,0.28233802861881685,0.027413055227086505,0.02631578947368421,1.1483632432948123,1.3571538836526311,3.8003350218180882,0.12321792260692464,7,train,-1,organic,,,0
UPI_02881,1,6,6.0,0.16666666666666666,71006.26,65066.58,0.9163498591549295,0.24322241648606138,0.0,0.0,0.0,1.0,0.020819635548690128,0.06896551724137931,1.9059806012967075,1.5788569765988671,4.143222392207691,0.11764705882352941,18,train,-1,organic,,,0
UPI_02882,3,8,2.6666666666666665,0.375,381109.97,114954.24,0.30163011681884133,0.5727356975559574,0.009259259259259259,0.0,0.1,0.4314183920800644,0.030617042758158165,0.047619047619047616,1.8933560165501853,1.8369744206606697,4.200370287272624,0.12642986152919927,6,train,-1,organic,,,0
UPI_02883,16,0,0.0,0.0,1001780.34,0.0,0.0,3.586829386708348,0.0,0.0,0.0,0.09874639625674608,0.03386572127366541,0.041666666666666664,0.5242399318972498,0.5362774152819508,3.000264490909017,0.13686313686313686,22,train,-1,organic,,,0
UPI_02884,3,7,2.3333333333333335,0.42857142857142855,221637.9,122937.65,0.5546779156744955,0.31208769741718934,0.011363636363636364,0.0,0.1111111111111111,0.9334180128152672,0.024209243817149007,0.058823529411764705,2.466069829825693,2.0621250696669686,3.778110840403947,0.12611377655928718,32,train,-1,organic,,,0
UPI_02885,3,5,1.6666666666666667,0.6,165404.02,28983.54,0.1752287207695969,0.3633142970855131,0.0,0.0,0.14285714285714285,0.6520475549835868,0.019935078095668437,0.04,2.191193771237669,1.9231486677580356,3.571743441558354,0.12260967379077616,20,train,-1,organic,,,0
UPI_02886,1,2,2.0,0.5,105376.25,220357.31,0.47820628935887005,2.3941881457839242,0.0,0.6666666666666666,0.0,1.0,0.019113559517009004,0.07407407407407407,0.39485121612841884,0.2249245471436104,9.00079347272705,0.12611377655928718,32,train,-1,organic,,,0
UPI_02887,1,3,3.0,0.3333333333333333,127225.9,162979.11,0.7806270239807704,1.0878542274653922,0.0,0.75,0.0,1.0,0.023347641783575727,0.06451612903225806,0.41137424666894984,0.3210532113922285,7.750683268181628,0.13686313686313686,22,train,-1,organic,,,0
UPI_02888,2,10,5.0,0.2,195789.66,245380.34,0.7979027930168039,0.28580603502214363,0.007692307692307693,0.0,0.09090909090909091,0.778949622891328,0.02295604576160189,0.03333333333333333,1.539027728088872,1.4452832194112177,2.7275131735536515,0.1330166270783848,1,train,-1,organic,,,0
UPI_02889,2,6,3.0,0.3333333333333333,253450.55,126240.73,0.4980881962588143,0.36655347603343896,0.037037037037037035,0.0,0.14285714285714285,0.9733112944938753,0.014364144072365045,0.05263157894736842,1.8404341429774556,1.6259311325129744,2.714525015584349,0.10888252148997135,12,train,-1,organic,,,0
UPI_02890,3,8,2.6666666666666665,0.375,156770.32,120872.27,0.7710149818348841,0.32630660795555305,0.018867924528301886,0.0,0.2222222222222222,0.5209774026571286,0.029388252464202978,0.024390243902439025,1.6226446518865287,1.4032990592284336,4.555957189898877,0.1281767955801105,9,train,-1,organic,,,0
UPI_02891,42,7,0.16666666666666666,0.16666666666666666,699508.65,2074921.52,0.33712535159850976,7.177529708853507,0.00977891156462585,0.4318181818181818,0.0,0.05328668331286346,0.20153822116186434,0.010452961672473868,3.3335472056317244,2.8574118678125804,5.857659244155699,0.11626248216833096,29,train,-1,organic,,,0
UPI_02892,4,9,2.25,0.4444444444444444,147339.52,121330.3,0.8234742242283178,0.36792703132707405,0.0,0.0,0.18181818181818182,0.5669446807005482,0.03580540129756014,0.04081632653061224,1.9365141600073579,1.6565300456770222,4.454938183470964,0.1330166270783848,1,train,-1,organic,,,0
UPI_02893,2,10,5.0,0.2,110831.39,166560.99,0.6654102393502443,0.2681889768095981,0.046153846153846156,0.0,0.09090909090909091,0.8688057067839945,0.03217122892875901,0.045454545454545456,1.9640732875677207,1.5719874213901601,4.000352654545356,0.145478374836173,30,train,-1,organic,,,0
UPI_02894,1,6,6.0,0.16666666666666666,257022.66,99756.07,0.3881217120622568,0.24393038772468417,0.07142857142857142,0.0,0.0,1.0,0.012364349915682001,0.06666666666666667,1.7695920947826982,1.6376306513292107,2.143046064935012,0.12321792260692464,7,train,-1,organic,,,0
UPI_02895,5,11,2.2,0.45454545454545453,244918.43,150086.79,0.6128031705104892,0.5267009681786521,0.0,0.18181818181818182,0.3333333333333333,0.46754081471377706,0.03937789181393009,0.03571428571428571,2.212722893122965,1.7316878894209107,4.667078096969583,0.12661498708010335,14,train,-1,organic,,,0
UPI_02896,3,7,2.3333333333333335,0.42857142857142855,162474.45,132180.06,0.8135436676063229,0.7218124175377212,0.0,0.0,0.1111111111111111,0.47575513383334345,0.022091325813646027,0.037037037037037035,1.3007484687970132,1.0212297862777806,3.000264490909017,0.11626248216833096,29,train,-1,organic,,,0
UPI_02897,2,9,4.5,0.2222222222222222,82168.69,201085.64,0.4086253743822174,0.2989866650215246,0.009259259259259259,0.0,0.1,0.6695078553761213,0.039558778340156045,0.03571428571428571,1.9565358109899544,1.3825844638699003,5.6004937163634985,0.12611377655928718,32,train,-1,organic,,,0
UPI_02898,3,8,2.6666666666666665,0.375,308043.18,211603.24,0.6869272254086004,0.31004120089909193,0.018518518518518517,0.0,0.1,0.6639544063691116,0.032103839784853316,0.023809523809523808,2.0927761038460675,1.8244897037499421,4.200370287272624,0.1281767955801105,9,train,-1,organic,,,0
UPI_02899,23,4,0.17391304347826086,0.17391304347826086,274250.46,390618.38,0.7020930763307883,1.6796260370093228,0.009971509971509971,0.4583333333333333,0.0,0.08248687345242221,0.0981721284652424,0.014285714285714285,3.2334581792195354,2.8866079746839968,5.1856423299662024,0.145478374836173,30,train,-1,organic,,,0
UPI_02900,32,5,0.15625,0.15625,1026425.7,2620087.43,0.39175246033041233,2.510621442474282,0.016516516516516516,0.32142857142857145,0.0,0.18304415013049494,0.13087091647370086,0.016216216216216217,2.7892031511072,2.5451079078605545,5.000440818181695,0.1407942238267148,2,train,-1,organic,,,0
UPI_02901,2,7,3.5,0.2857142857142857,168589.32,69573.52,0.41268048552550607,0.26264912194187107,0.08333333333333333,0.0,0.0,0.5009701581441852,0.018676662671936038,0.038461538461538464,2.008274093430872,1.6426156410293902,2.8891435838383126,0.1407942238267148,2,train,-1,organic,,,0
UPI_02902,3,8,2.6666666666666665,0.375,91413.31,75562.29,0.8266005508436333,0.34372506945767806,0.0,0.0,0.2222222222222222,0.8102834738117545,0.02752768526679845,0.02702702702702703,2.014195325603541,1.7959817557668327,4.11147356161606,0.13686313686313686,22,train,-1,organic,,,0
UPI_02903,3,9,3.0,0.3333333333333333,164795.6,142441.05,0.8643498309605586,0.30147095386716916,0.0078125,0.0,0.2,0.8131121711642452,0.029637363961286696,0.04878048780487805,2.136638569786668,1.7961172703028911,4.1003614709089895,0.11778115501519756,19,train,-1,organic,,,0
UPI_02904,3,10,3.3333333333333335,0.3,259042.95,256326.78,0.9895145979206016,0.29335377076254343,0.013157894736842105,0.0,0.18181818181818182,0.8821819296520909,0.02631677806285364,0.05555555555555555,2.007592369253686,1.6658098644989991,3.2730158082643825,0.1234676007005254,25,train,-1,organic,,,0
UPI_02905,26,70,2.6923076923076925,0.37142857142857144,1432486.12,1712228.17,0.8366210442504398,2.728968544770187,0.05970149253731343,0.6666666666666666,0.043478260869565216,0.15448527507332455,0.10887097482251397,0.012903225806451613,2.5281686224237427,2.1650714853212745,1.6849311452568754,0.145478374836173,30,train,-1,organic,,,0
UPI_02906,1,5,5.0,0.2,180015.87,100637.5,0.5590479444444444,0.2446823537116759,0.0,0.0,0.0,1.0,0.01212550401888884,0.125,1.5884745774419393,1.4572569035080842,2.6669017696969037,0.12642986152919927,6,train,-1,organic,,,0
UPI_02907,2,5,2.5,0.4,140399.78,107576.54,0.7662159139637887,0.2788082151483117,0.0,0.0,0.16666666666666666,0.8160386461564284,0.017880986486250104,0.08695652173913043,1.5394027063605524,1.415594353186187,3.8336712939393,0.12321792260692464,7,train,-1,organic,,,0
UPI_02908,3,7,2.3333333333333335,0.42857142857142855,91948.31,89073.31,0.9687325022133954,0.36631145069945553,0.0,0.0,0.25,0.4620958439188074,0.022622923777242752,0.03125,1.0389659869175913,1.3189052181919578,4.000352654545356,0.13169845594913715,24,train,-1,organic,,,0
UPI_02909,3,6,2.0,0.5,41861.79,37167.15,0.887853724846565,0.5922486743199992,0.02857142857142857,0.5,0.125,0.7572659970044858,0.01370242538939228,0.05263157894736842,1.947720168477106,1.6094528630460785,2.3752093886363053,0.13090257023311416,5,train,-1,organic,,,0
UPI_02910,1,3,3.0,0.3333333333333333,163014.37,16301.5,0.1000003680981595,0.24348693321257983,0.0,0.0,0.0,1.0,0.009336353816688474,0.1,1.7745289170172405,1.605865179429559,2.5002204090908475,0.1234676007005254,25,train,-1,organic,,,0
UPI_02911,5,6,1.2,0.8333333333333334,108146.59,50682.63,0.46864747386326217,0.9258483682481488,0.028846153846153848,0.25,0.375,0.4817923774068615,0.028679443093014203,0.05,1.8642444382380197,1.8052477509593061,5.000440818181695,0.12013536379018612,23,train,-1,organic,,,0
UPI_02912,5,9,1.8,0.5555555555555556,195837.05,195700.49,0.9993026751790509,0.3161234657255352,0.028089887640449437,0.0,0.16666666666666666,0.8298995912231254,0.026233855248249307,0.05714285714285714,1.8583004806247456,1.9115177165308572,2.9169238106059887,0.10630407911001236,13,train,-1,organic,,,0
UPI_02913,2,6,3.0,0.3333333333333333,214756.76,125519.92,0.5844747988745159,0.27252090218604763,0.0,0.0,0.14285714285714285,0.8255070377692442,0.013623774832640968,0.05555555555555555,1.5554015196002327,1.3176220431480894,2.571655277922015,0.10630407911001236,13,train,-1,organic,,,0
UPI_02914,2,8,4.0,0.25,208613.59,59179.28,0.28367891495106307,0.30677375047765315,0.022222222222222223,0.0,0.0,0.886529618802053,0.018483106034627158,0.041666666666666664,2.3739194761371625,2.1497483170959555,2.4002115927272136,0.11626248216833096,29,train,-1,organic,,,0
UPI_02915,39,4,0.10256410256410256,0.10256410256410256,506794.11,894756.57,0.566404455664922,3.5682027758218577,0.009413067552602437,0.34285714285714286,0.0,0.06547754064066691,0.19118368315990392,0.011029411764705883,2.8999669518968836,2.5017704020913976,6.326139081606609,0.13686313686313686,22,train,-1,organic,,,0
UPI_02916,154,0,0.0,0.0,1353000.39,0.0,0.0,7.176982372785802,0.00089126559714795,0.0,0.0,0.020701064346226927,0.2721882289281043,0.012853470437017995,1.5184744994649455,1.4926973859664014,2.5261967250294535,0.13090257023311416,5,train,-1,organic,,,0
UPI_02917,23,1,0.043478260869565216,0.043478260869565216,789396.29,62331.66,0.07896118299304965,1.1352542470752973,0.0018115942028985507,0.0,0.0,0.07027005040950379,0.03351438761568109,0.06382978723404255,0.6908494737699663,0.755471216968226,1.9585059871211639,0.110055423594616,17,train,-1,organic,,,0
UPI_02918,1,3,3.0,0.3333333333333333,186806.1,317549.81,0.5882733665358809,1.6030869971585406,0.0,0.75,0.0,1.0,0.017976239007280178,0.08,0.3334238981007318,0.23420964203622244,6.250551022727119,0.1281767955801105,9,train,-1,organic,,,0
UPI_02919,4,8,2.0,0.5,104867.05,57851.91,0.5516690649938235,0.42604048909715253,0.031746031746031744,0.3333333333333333,0.3333333333333333,0.5102854960471792,0.031455237231467294,0.05,1.903593665970811,1.6524266997691792,4.444836282828174,0.11376146788990826,15,train,-1,organic,,,0
UPI_02920,4,8,2.0,0.5,99253.09,98696.69,0.9943941387488698,0.38931308847389345,0.0,0.25,0.2,0.367847422695045,0.024050389209392044,0.06060606060606061,0.9507609137428855,1.1758699079895774,3.3002909399999187,0.12642986152919927,6,train,-1,organic,,,0
UPI_02921,8,7,0.875,0.875,6385492.56,5664174.11,0.8870379313999772,12.468842704756073,0.009523809523809525,1.0,0.0,0.1573972582795926,0.05172239715597668,0.0273972602739726,0.35560112693159185,0.4537423815086449,4.86709572969685,0.3680672268907563,31,train,-1,organic,,,0
UPI_02922,1,5,5.0,0.2,241021.25,106352.48,0.4412576763485477,0.25696203561111375,0.0,0.0,0.0,1.0,0.009784934253814086,0.07692307692307693,1.544628399463055,1.3700368038076027,2.1668576878787342,0.11626248216833096,29,train,-1,organic,,,0
UPI_02923,28,0,0.0,0.0,1600347.62,0.0,0.0,1.4915836058326393,0.003968253968253968,0.0,0.0,0.042533741501418504,0.052526822238144553,0.04,0.3655034998433878,0.3589813490172996,2.678807581168765,0.12814645308924486,4,train,-1,organic,,,0
UPI_02924,10,10,1.0,1.0,400432.84,248672.35,0.6210088853193252,10.159594589288599,0.0481283422459893,0.5,0.17647058823529413,0.36464090285434764,0.039396016908673184,0.018518518518518517,1.8885748318788844,1.7055869838048412,3.1767506374330767,0.11626248216833096,29,train,-1,organic,,,0
UPI_02925,1,7,7.0,0.14285714285714285,88007.76,67255.36,0.7641980681818181,0.24300263629185762,0.0,0.0,0.0,1.0,0.018006071647359487,0.04,1.8497903832167957,1.5571422121566776,3.1252755113635593,0.1,3,train,-1,organic,,,0
UPI_02926,8,11,1.375,0.7272727272727273,546249.53,153897.67,0.28173510439931704,0.43309244741730407,0.05325443786982249,0.4,0.11764705882352941,0.42481703846729396,0.03167938611558234,0.022727272727272728,2.1901069020975807,2.0040901669985165,2.5884634823528776,0.145478374836173,30,train,-1,organic,,,0
UPI_02927,2,4,2.0,0.5,72375.97,60368.05,0.8340897053582866,0.25187393961975807,0.0,0.0,0.2,0.9366584014163217,0.01553811703421065,0.13636363636363635,1.6436211836360248,1.3119154958671937,4.400387919999892,0.13090257023311416,5,train,-1,organic,,,0
UPI_02928,2,9,4.5,0.2222222222222222,289035.26,184957.72,0.6399140195186473,0.2952995235914548,0.0,0.0,0.1,0.8771017293377155,0.03156438960120927,0.044444444444444446,2.6740592757007535,1.9225187079866772,4.500396736363525,0.11402027027027027,0,train,-1,organic,,,0
UPI_02929,2,6,3.0,0.3333333333333333,260431.79,367498.81,0.7086602282913423,0.29938928394175535,0.0,0.0,0.14285714285714285,0.9232531591908382,0.02200274772409078,0.03571428571428571,1.5547591718260398,1.3236504018707096,4.000352654545356,0.10630407911001236,13,train,-1,organic,,,0
UPI_02930,3,8,2.6666666666666665,0.375,215886.16,149517.84,0.6925772348944464,0.4117595485107799,0.0,0.0,0.1,0.837879250382472,0.022613538809439056,0.06666666666666667,2.383090728788774,1.6734378215186434,3.000264490909017,0.110055423594616,17,train,-1,organic,,,0
UPI_02931,2,7,3.5,0.2857142857142857,195196.67,196645.27,0.9926334473439251,0.2941731259143369,0.0,0.0,0.125,0.6611915621540461,0.028211798842450096,0.05263157894736842,1.8869298332907265,1.452000587038635,4.7504187772726105,0.13169845594913715,24,train,-1,organic,,,0
UPI_02932,3,7,2.3333333333333335,0.42857142857142855,172524.78,111966.46,0.6489877054357043,0.6670568132354624,0.022727272727272728,0.375,0.1111111111111111,0.682845717443278,0.023278638636114263,0.03125,1.8175808631692305,1.7729351648189657,3.5558690262625383,0.1330166270783848,1,train,-1,organic,,,0
UPI_02933,1,3,3.0,0.3333333333333333,169014.9,45243.23,0.26768781065088754,0.24322241648606138,0.0,0.0,0.0,1.0,0.009939369843951893,0.1,1.4957067922664717,1.390525561279824,2.5002204090908475,0.110055423594616,17,train,-1,organic,,,0
UPI_02934,39,5,0.1282051282051282,0.1282051282051282,637622.12,1122927.1,0.5678214718012361,3.4908762772574775,0.011627906976744186,0.1875,0.0,0.05375751889978716,0.11919161285999923,0.011834319526627219,1.9989262420440261,1.9397233506161375,3.8412477194213928,0.12321792260692464,7,train,-1,organic,,,0
UPI_02935,1,7,7.0,0.14285714285714285,263023.19,165937.84,0.6308867300380228,0.24579742636011256,0.017857142857142856,0.0,0.0,1.0,0.018957867310141933,0.07407407407407407,2.1421849536824227,1.7475510715680431,3.3752975522726443,0.12167606768734891,26,train,-1,organic,,,0
UPI_02936,3,7,2.3333333333333335,0.42857142857142855,173948.95,111640.39,0.6417997279651858,0.3105982690174618,0.0,0.0,0.1111111111111111,0.9836213037496054,0.01717709593925051,0.041666666666666664,1.5086605849895414,1.681974958572096,2.6669017696969037,0.12395709177592372,21,train,-1,organic,,,0
UPI_02937,2,4,2.0,0.5,72117.74,50609.86,0.7017671829328463,0.2632196111664247,0.03333333333333333,0.0,0.0,0.9969156610939194,0.012228224871620622,0.06666666666666667,1.3893813200052756,1.393914074007277,2.5002204090908475,0.12321792260692464,7,train,-1,organic,,,0
UPI_02938,2,4,2.0,0.5,245399.88,112962.64,0.4603206681928818,0.29502559077528534,0.0,0.3333333333333333,0.0,0.7474508242995629,0.012494462217522054,0.058823529411764705,1.500943728958221,1.3923200231917228,2.833583130302961,0.1330166270783848,1,train,-1,organic,,,0
UPI_02939,6,3,0.5,0.5,4526051.16,2319349.18,0.5124443147658966,8.121770108009162,0.013888888888888888,0.7777777777777778,0.0,0.2517321719871882,0.037832934283122406,0.03773584905660377,0.49291996151778295,0.5247663250485891,5.8894080747473305,0.3680672268907563,31,train,-1,organic,,,0
UPI_02940,1,3,3.0,0.3333333333333333,271023.89,35928.35,0.13256523985239851,0.2429492733378004,0.0,0.0,0.0,1.0,0.008313454170929237,0.09090909090909091,1.822917895327329,1.58148052864865,2.7502424499999325,0.1234676007005254,25,train,-1,organic,,,0
UPI_02941,1,8,8.0,0.125,63005.55,98742.15,0.638081622793491,0.25696203561111375,0.0,0.4444444444444444,0.0,1.0,0.03226862489414404,0.022727272727272728,1.8604977361452761,1.49885583979492,4.8893199111109915,0.11402027027027027,0,train,-1,organic,,,0
UPI_02942,3,8,2.6666666666666665,0.375,94857.68,82869.85,0.8736229210710206,0.313312241797859,0.018867924528301886,0.4444444444444444,0.2222222222222222,0.6971163808975438,0.026768391914981014,0.05405405405405406,1.9030810185512232,1.6845389199965386,4.11147356161606,0.13090257023311416,5,train,-1,organic,,,0
UPI_02943,36,4,0.1111111111111111,0.1111111111111111,484114.22,779888.05,0.6207483451615008,4.627228490584869,0.035256410256410256,0.13333333333333333,0.0,0.07100300746754805,0.10976715859275495,0.012987012987012988,2.3371917039230907,2.1033270588919684,3.8503394299999054,0.12436224489795919,8,train,-1,organic,,,0
UPI_02944,1,8,8.0,0.125,163014.37,160849.97,0.9867226380368098,0.24337124942681343,0.0,0.0,0.0,1.0,0.028155415547537782,0.025,2.185626190877961,1.7764035780690823,4.444836282828174,0.12611377655928718,32,train,-1,organic,,,0
UPI_02945,4,8,2.0,0.5,222922.29,200035.54,0.8973330688232316,0.43457806932466736,0.015625,0.0,0.2,0.6262722199673817,0.02960133173102421,0.05,1.7584175096643924,1.452363501300664,4.000352654545356,0.11376146788990826,15,train,-1,organic,,,0
UPI_02946,34,7,0.20588235294117646,0.20588235294117646,978199.88,3117498.03,0.3137772264751526,2.2896804608984835,0.00853658536585366,0.32432432432432434,0.0,0.1797743545572694,0.1700571503219286,0.01646090534979424,2.7391945068113857,2.5427940697877576,5.927351799112936,0.11402027027027027,0,train,37,stealth_cycle,37,stealth_cycle,1
UPI_02947,1,2,2.0,0.5,103976.99,170793.81,0.6087866318262665,0.9636418132160172,0.0,0.0,0.0,1.0,0.014815890948457778,0.05,0.37851074885021985,0.3002327420428249,6.667254424242261,0.12321792260692464,7,train,-1,organic,,,0
UPI_02948,2,6,3.0,0.3333333333333333,220349.9,121732.44,0.5524506437988355,0.27570132277654336,0.018518518518518517,0.0,0.14285714285714285,0.8627508304048155,0.011933281258469803,0.058823529411764705,1.5955399576144078,1.3159663344025367,2.42878554025968,0.1281767955801105,9,train,-1,organic,,,0
UPI_02949,3,7,2.3333333333333335,0.42857142857142855,129876.53,200613.01,0.647398354059307,0.3918773346634188,0.0,0.0,0.25,0.5392691212482912,0.022272486549892844,0.03333333333333333,1.7072629568636244,1.3271816403390424,3.7503306136362715,0.12611377655928718,32,train,-1,organic,,,0
UPI_02950,1,5,5.0,0.2,152013.4,116925.79,0.7691807894736842,0.2446823537116759,0.0,0.3333333333333333,0.0,1.0,0.01236729845812424,0.0625,1.4118859436154165,1.286727079956735,2.6669017696969037,0.145478374836173,30,train,-1,organic,,,0
UPI_02951,2,7,3.5,0.2857142857142857,252378.73,146194.29,0.5792654898340632,0.3269298624414632,0.02857142857142857,0.25,0.125,0.9285964439941021,0.021140093047728067,0.03333333333333333,2.2219983426504735,1.7518054370488116,3.7503306136362715,0.1,3,train,-1,organic,,,0
UPI_02952,1,7,7.0,0.14285714285714285,107009.43,74078.9,0.6922651401869159,0.24306528793877566,0.0,0.0,0.0,1.0,0.0200591229791398,0.038461538461538464,2.012960830824012,1.6029606226504192,3.2502865318181016,0.1,3,train,-1,organic,,,0
UPI_02953,28,6,0.21428571428571427,0.21428571428571427,701497.57,2471549.07,0.2838291091207407,2.1223161689173056,0.030303030303030304,0.4827586206896552,0.0,0.062006525397384944,0.1164926304683141,0.01818181818181818,2.450939066964351,2.206094988319702,4.8533690294116445,0.3680672268907563,31,train,-1,organic,,,0
UPI_02954,1,7,7.0,0.14285714285714285,116010.23,79572.15,0.6859063793103447,0.24322241648606138,0.017857142857142856,0.0,0.0,1.0,0.016952858767944848,0.043478260869565216,1.87600194633831,1.5824840135791416,2.8752534704544748,0.110055423594616,17,train,-1,organic,,,0
UPI_02955,40,6,0.15,0.15,608901.18,2875765.11,0.2117353663665811,3.18215546323267,0.011594202898550725,0.2,0.0,0.05135438498909835,0.14123913331170634,0.009950248756218905,2.7628169854196183,2.5603267940315324,4.36995045415009,0.12661498708010335,14,train,-1,organic,,,0
UPI_02956,1,3,3.0,0.3333333333333333,207018.25,20948.45,0.10119130434782608,0.2446823537116759,0.0,0.0,0.0,1.0,0.010603913938297845,0.07142857142857142,2.188676486998155,1.631857412368677,3.5003085727271865,0.110055423594616,17,train,-1,organic,,,0
UPI_02957,2,3,1.5,0.6666666666666666,235955.35,240426.92,0.9814015656532631,2.9857629379201716,0.0,0.6,0.0,0.5794303340578854,0.03202240274357596,0.045454545454545456,0.4208797928976138,0.28573133780912907,8.800775839999783,0.10567514677103718,27,train,-1,organic,,,0
UPI_02958,4,8,2.0,0.5,157330.2,107903.27,0.6858395438032404,0.5110735923151459,0.03125,0.0,0.2,0.7764439367711526,0.025409064370021852,0.05555555555555555,2.1284813055539518,1.9242418532937398,3.6003173890908204,0.12642986152919927,6,train,-1,organic,,,0
UPI_02959,3,8,2.6666666666666665,0.375,56862.65,212744.71,0.26728115364951227,0.3682709721187127,0.0,0.0,0.1,0.6430882219784626,0.023790355654155094,0.029411764705882353,2.1144581817625223,1.816781147122911,3.4002997563635526,0.11512415349887133,11,train,-1,organic,,,0
UPI_02960,3,5,1.6666666666666667,0.6,195875.92,35012.16,0.1787466113955141,0.39487535237552085,0.038461538461538464,0.0,0.3333333333333333,0.8218645207155689,0.020377168904674472,0.034482758620689655,2.75801877595006,2.0036195101792464,4.833759457575638,0.12661498708010335,14,train,-1,organic,,,0
UPI_02961,2,10,5.0,0.2,305587.31,184053.37,0.6022938773113804,0.2798300036266126,0.015384615384615385,0.0,0.09090909090909091,0.8305351858440138,0.03598393941316396,0.04081632653061224,2.7429154910568974,2.0648533517796395,4.454938183470964,0.13090257023311416,5,train,-1,organic,,,0
UPI_02962,2,2,1.0,1.0,292580.47,150296.46,0.5136927223314287,3.0780605445247304,0.08333333333333333,1.0,0.0,0.5052468572504388,0.027338309785016567,0.02631578947368421,0.46293275590155436,0.41313870258941543,9.500837554545221,0.12436224489795919,8,train,-1,organic,,,0
UPI_02963,2,0,0.0,0.0,627854.78,0.0,0.0,1.619015112314906,0.0,0.0,0.0,0.5055867619371162,0.008963979065034346,0.09090909090909091,0.32487065943293275,0.17198033565587714,5.500484899999865,0.10567514677103718,27,train,-1,organic,,,0
UPI_02964,2,2,1.0,1.0,332705.12,107060.77,0.3217887601619583,2.016566145186958,0.0,1.0,0.0,0.526304887560331,0.03573497306124846,0.020833333333333332,0.46024034250583556,0.3766278325590145,12.001057963636068,0.11626248216833096,29,train,-1,organic,,,0
UPI_02965,2,3,1.5,0.6666666666666666,551643.16,362711.14,0.657510436153165,2.252243509562538,0.0,1.0,0.0,0.5185668560325987,0.033960829092324125,0.020833333333333332,0.33414493990581834,0.21849070980098378,9.600846370908855,0.10630407911001236,13,train,-1,organic,,,0
UPI_02966,31,3,0.0967741935483871,0.0967741935483871,540661.35,1358739.09,0.39791403377006335,3.3938729449688565,0.015151515151515152,0.4666666666666667,0.0,0.07206006043621203,0.11203736446104776,0.01875,3.464781110725818,2.6816703375771036,4.706297240641596,0.1330166270783848,1,train,-1,organic,,,0
UPI_02967,1,2,2.0,0.5,136011.99,33145.05,0.24369213235294115,0.24328858614406598,0.0,0.0,0.0,1.0,0.010850808912733876,0.08333333333333333,1.7228954111993169,1.2023910076451283,4.000352654545356,0.11512415349887133,11,train,-1,organic,,,0
UPI_02968,2,6,3.0,0.3333333333333333,207289.29,61842.86,0.29834083896533153,1.3165181377295314,0.037037037037037035,0.0,0.14285714285714285,0.9504322894577886,0.013756372936968637,0.05555555555555555,2.0614119052223314,1.8065281126887456,2.571655277922015,0.1281767955801105,9,train,-1,organic,,,0
UPI_02969,3,8,2.6666666666666665,0.375,217110.7,167057.56,0.7694579651092839,0.7933037209590302,0.0,0.0,0.0,0.4646472718169658,0.03444702066163397,0.020833333333333332,1.944934050503492,1.7197713679438795,4.364021077685843,0.11228070175438597,10,train,-1,organic,,,0
UPI_02970,1,9,9.0,0.1111111111111111,136011.99,182139.31,0.7467470517904771,0.2431153232862354,0.0,0.0,0.0,1.0,0.027344763497779038,0.05263157894736842,1.8726905544927017,1.5386178185511656,3.8003350218180882,0.12260967379077616,20,train,-1,organic,,,0
UPI_02971,1,5,5.0,0.2,220519.44,167619.09,0.7601102494331066,0.24427917217240672,0.0,0.0,0.0,1.0,0.012821799693041636,0.058823529411764705,1.2359738804476126,1.1979297610350763,2.833583130302961,0.1234676007005254,25,train,-1,organic,,,0
UPI_02972,4,6,1.5,0.6666666666666666,298075.64,104754.63,0.3514364197930169,0.5359570915386566,0.046511627906976744,0.0,0.25,0.788969024911396,0.022271389355321157,0.06896551724137931,2.3663691723885516,1.8881605304608247,3.625319593181729,0.11402027027027027,0,train,-1,organic,,,0
UPI_02973,156,1,0.00641025641025641,0.00641025641025641,2807727.78,6987.08,0.00248851616146359,8.697154998317954,0.0007757635146170178,0.0,0.0,0.16028007693659493,0.2775416181675861,0.010050251256281407,4.2482785159992416,4.29246290927336,2.535255344759636,0.11764705882352941,18,train,-1,organic,,,0
UPI_02974,0,91,91.0,0.0,0.0,14106743.59,0.0,0.24082620613995356,0.0009768009768009768,0.0,0.0,1.0,0.1312919294482347,0.043010752688172046,0.46771344904186274,0.4681145770090144,2.044136246553396,0.12642986152919927,6,train,-1,organic,,,0
UPI_02975,1,3,3.0,0.3333333333333333,75377.78,470705.6,0.16013785627584515,0.5548138762011116,0.0,0.75,0.0,1.0,0.0237111502881763,0.06060606060606061,0.4623589721698912,0.39551583036344956,8.250727349999798,0.1330166270783848,1,train,-1,organic,,,0
UPI_02976,24,0,0.0,0.0,1223167.71,0.0,0.0,2.6659927252867517,0.0,0.0,0.0,0.050303954985179186,0.045299076010240566,0.04918032786885246,0.4190939043386408,0.417149722597502,2.5418907492423615,0.11626248216833096,29,train,-1,organic,,,0
UPI_02977,37,3,0.08108108108108109,0.08108108108108109,496081.91,548211.58,0.9049095866970287,3.1669216062650274,0.007692307692307693,0.1875,0.0,0.04935369785122193,0.1500880211047089,0.009389671361502348,2.489167812822601,2.12245259778919,5.325469471363506,0.11778115501519756,19,train,-1,organic,,,0
UPI_02978,2,6,3.0,0.3333333333333333,124706.15,62120.19,0.4981324856554176,0.42316980318487235,0.0,0.0,0.14285714285714285,0.7920792628583209,0.020891168418636603,0.034482758620689655,2.1021325430124094,1.8129844539197106,4.143222392207691,0.10888252148997135,12,train,-1,organic,,,0
UPI_02979,5,6,1.2,0.8333333333333334,463087.39,92027.39,0.19872575667713077,1.1886160351578667,0.0,0.5555555555555556,0.2222222222222222,0.3395601620628961,0.0316895271394392,0.05,1.6236658236339598,1.608085684464638,4.444836282828174,0.12661498708010335,14,train,-1,organic,,,0
UPI_02980,2,3,1.5,0.6666666666666666,75969.97,40927.44,0.5387318107817107,0.2529866099935944,0.0,0.0,0.0,0.9250249477892691,0.012153752113501747,0.11764705882352941,1.5864591230586846,1.4306521059953328,3.4002997563635526,0.13090257023311416,5,train,-1,organic,,,0
UPI_02981,4,7,1.75,0.5714285714285714,203610.53,173862.95,0.8538995871067602,0.40873523930313627,0.019230769230769232,0.2857142857142857,0.375,0.48365734866715443,0.024047644395458503,0.03125,2.0311050120571137,1.7237176129175453,4.000352654545356,0.11778115501519756,19,train,-1,organic,,,0
UPI_02982,2,4,2.0,0.5,197870.58,46457.97,0.2347896525675559,0.48120958282406134,0.0,0.0,0.0,0.9053595918941587,0.015647475418386597,0.0625,1.9797672288349677,1.73551853147386,2.6669017696969037,0.1407942238267148,2,train,-1,organic,,,0
UPI_02983,3,9,3.0,0.3333333333333333,181011.9,196090.74,0.9231027454252475,0.2956993707585266,0.0,0.0,0.2,0.7468034225421376,0.025153081365491742,0.029411764705882353,1.9933838586686339,1.5757470864141956,3.4002997563635526,0.12167606768734891,26,train,-1,organic,,,0
UPI_02984,1,9,9.0,0.1111111111111111,260022.92,163814.12,0.6299987692307693,0.24306528793877566,0.022222222222222223,0.0,0.0,1.0,0.01847691402372112,0.038461538461538464,2.099787545374789,2.026570962858995,2.6002292254544814,0.11764705882352941,18,train,-1,organic,,,0
UPI_02985,2,8,4.0,0.25,186758.48,136327.08,0.7299645789415794,0.2898557848765794,0.0,0.2222222222222222,0.1111111111111111,0.9107562750302161,0.025558617758003374,0.03125,2.1135398125658926,1.928325293394104,3.5558690262625383,0.1407942238267148,2,train,-1,organic,,,0
UPI_02986,46,2,0.043478260869565216,0.043478260869565216,745469.37,784110.85,0.9507193577566337,5.206762588432228,0.007978723404255319,0.09302325581395349,0.0,0.038119592577965905,0.16981996265370114,0.012448132780082987,3.9624089314625555,3.105293355045352,5.021275988257452,0.10888252148997135,12,train,-1,organic,,,0
UPI_02987,1,7,7.0,0.14285714285714285,256022.57,167565.58,0.6544953515624999,0.2435397953398505,0.017857142857142856,0.0,0.0,1.0,0.019299522192491703,0.07692307692307693,2.068499026415977,1.7006594525413403,3.2502865318181016,0.11402027027027027,0,train,-1,organic,,,0
UPI_02988,2,10,5.0,0.2,189717.96,127086.64,0.6698714251946903,0.3375975002045325,0.015384615384615385,0.0,0.09090909090909091,0.5808843732704978,0.02913437738098528,0.04878048780487805,1.8439771847116555,1.76880690437795,3.7276013371899905,0.12642986152919927,6,train,-1,organic,,,0
UPI_02989,2,7,3.5,0.2857142857142857,221948.73,291816.83,0.7605754939064283,0.2902135085965049,0.0,0.0,0.125,0.8219043758460265,0.02104663583724269,0.07142857142857142,1.5083532755513742,1.3222162435750913,3.5003085727271865,0.10630407911001236,13,train,-1,organic,,,0
UPI_02990,1,3,3.0,0.3333333333333333,42003.7,9391.08,0.22357738095238094,0.2435397953398505,0.0,0.0,0.0,1.0,0.006907362672995857,0.1111111111111111,1.4364333731054921,1.3596918155358,2.2501983681817626,0.12611377655928718,32,train,-1,organic,,,0
UPI_02991,3,6,2.0,0.5,351322.51,131426.34,0.3740902784052243,0.6103132964834779,0.02857142857142857,0.2857142857142857,0.125,0.4703821326535515,0.01845775982680879,0.04,1.2970218623159384,1.2235184385089592,3.1252755113635593,0.1407942238267148,2,train,-1,organic,,,0
UPI_02992,3,9,3.0,0.3333333333333333,171118.39,89038.44,0.5203323956931281,0.33860073193443246,0.015625,0.0,0.2,0.6618447461195909,0.026529939220646188,0.05555555555555555,2.1593041026678867,1.8057948755559199,3.6003173890908204,0.10630407911001236,13,train,-1,organic,,,0
UPI_02993,5,12,2.4,0.4166666666666667,196602.89,177922.62,0.9049847811812829,0.42767228714276134,0.011363636363636364,0.36363636363636365,0.3076923076923077,0.6745553397163768,0.03617359635065011,0.02040816326530612,2.095655409776551,1.8400072306069892,3.7695630783215854,0.12436224489795919,8,train,-1,organic,,,0
UPI_02994,1,7,7.0,0.14285714285714285,141012.43,162784.1,0.8662543255119578,0.24312818349492235,0.0,0.0,0.0,1.0,0.01670875148284895,0.09090909090909091,1.7432664759358454,1.3669073276952992,2.7502424499999325,0.12167606768734891,26,train,-1,organic,,,0
UPI_02995,2,7,3.5,0.2857142857142857,213536.04,109168.14,0.5112398896913326,0.2608877161004482,0.0,0.0,0.125,0.9951669743898219,0.02046900418091594,0.03571428571428571,2.383267170549044,1.887394655670464,3.5003085727271865,0.10630407911001236,13,train,-1,organic,,,0
UPI_02996,1,3,3.0,0.3333333333333333,112009.87,27008.61,0.2411270535714286,0.24203135899049602,0.0,0.0,0.0,1.0,0.008698808585401896,0.1111111111111111,2.224051984999068,1.5873312448832368,2.2501983681817626,0.1234676007005254,25,train,-1,organic,,,0
UPI_02997,3,3,1.0,1.0,2155640.71,2458164.69,0.8769309557278305,3.6399685747293997,0.13333333333333333,1.0,0.0,0.6266349265462335,0.02235691573926868,0.03225806451612903,0.6078813081177786,0.8153677078704422,5.167122178787752,0.3680672268907563,31,train,-1,organic,,,0
UPI_02998,19,0,0.0,0.0,879627.54,0.0,0.0,1.008510696284226,0.0,0.0,0.0,0.07574587796592035,0.0339129211173287,0.041666666666666664,0.49207180162091196,0.47934619838018655,2.526538518660225,0.10630407911001236,13,train,-1,organic,,,0
UPI_02999,2,11,5.5,0.18181818181818182,186237.37,290781.47,0.6404719162304703,0.27426162048866365,0.01948051948051948,0.0,0.08333333333333333,0.9058713449374105,0.03685244118759858,0.04,1.9533229398389012,1.6054794544079594,4.167034015151413,0.12642986152919927,6,train,-1,organic,,,0
